Log_ID,Equipment_ID,Base_ID,Service_Date,Service_Type,Technician_Rank,Labor_Hours,Parts_Replaced,Cost_INR,Downtime_Days
ML-5001,EQ-1001,B04,2026-06-19,Corrective Repair,Naik Mech,8,"Alternator, Belt Drive",15424,3
ML-5002,EQ-1001,B04,2026-04-22,Oil & Filter Overhaul,Sergeant,4,"Radiator Core, Coolant",11262,1
ML-5003,EQ-1002,B02,2026-06-12,Corrective Repair,Subedar Tech,24,"Radiator Core, Coolant",12536,3
ML-5004,EQ-1002,B02,2026-04-19,Pre-Mission Inspection,Naik Mech,24,"Brake Pads, Hydraulic Line",15232,1
ML-5005,EQ-1003,B04,2026-06-10,Pre-Mission Inspection,Sergeant,6,"Starter Motor, Battery",11607,1
ML-5006,EQ-1003,B04,2026-04-17,Oil & Filter Overhaul,Naik Mech,12,"Sensors, Wiring Harness",15760,1
ML-5007,EQ-1003,B04,2026-02-20,Routine Preventive,Naik Mech,4,"Oil Filter, Gaskets",14127,1
ML-5008,EQ-1003,B04,2025-12-06,Pre-Mission Inspection,Havildar Tech,24,"Sensors, Wiring Harness",11724,1
ML-5009,EQ-1004,B03,2026-06-23,Pre-Mission Inspection,Sergeant,48,"Alternator, Belt Drive",32446,1
ML-5010,EQ-1004,B03,2026-05-19,Pre-Mission Inspection,Sergeant,48,"Injector Nozzle, Fuel Filter",22417,1
ML-5011,EQ-1005,B07,2026-06-26,Oil & Filter Overhaul,Warrant Officer,16,"Starter Motor, Battery",33129,1
ML-5012,EQ-1005,B07,2026-05-05,Routine Preventive,Naik Mech,16,"Tire Assembly, Hub Bearing",25329,1
ML-5013,EQ-1005,B07,2026-04-03,Pre-Mission Inspection,Naik Mech,4,"Starter Motor, Battery",21245,1
ML-5014,EQ-1005,B07,2026-02-24,Corrective Repair,Havildar Tech,24,"Oil Filter, Gaskets",21337,1
ML-5015,EQ-1006,B07,2026-06-04,Emergency Repair,Subedar Tech,4,"Oil Filter, Gaskets",17391,1
ML-5016,EQ-1006,B07,2026-04-18,Corrective Repair,Warrant Officer,16,"Tire Assembly, Hub Bearing",11942,2
ML-5017,EQ-1007,B02,2026-06-16,Oil & Filter Overhaul,Warrant Officer,48,"Tire Assembly, Hub Bearing",16994,1
ML-5018,EQ-1007,B02,2026-04-08,Corrective Repair,Subedar Tech,12,"Injector Nozzle, Fuel Filter",15175,2
ML-5019,EQ-1007,B02,2026-02-23,Oil & Filter Overhaul,Havildar Tech,16,"Oil Filter, Gaskets",14606,1
ML-5020,EQ-1008,B01,2026-05-15,Oil & Filter Overhaul,Warrant Officer,12,"Injector Nozzle, Fuel Filter",47101,1
ML-5021,EQ-1008,B01,2026-02-14,Emergency Repair,Sergeant,4,"Oil Filter, Gaskets",65326,7
ML-5022,EQ-1008,B01,2025-11-23,Corrective Repair,Subedar Tech,6,"Alternator, Belt Drive",42734,1
ML-5023,EQ-1008,B01,2025-08-21,Pre-Mission Inspection,Subedar Tech,6,"Tire Assembly, Hub Bearing",50555,1
ML-5024,EQ-1009,B04,2026-06-01,Routine Preventive,Warrant Officer,8,"Oil Filter, Gaskets",38351,1
ML-5025,EQ-1009,B04,2026-03-18,Oil & Filter Overhaul,Naik Mech,8,"Injector Nozzle, Fuel Filter",29724,1
ML-5026,EQ-1009,B04,2025-12-27,Routine Preventive,Havildar Tech,12,"Oil Filter, Gaskets",39216,1
ML-5027,EQ-1009,B04,2025-10-23,Pre-Mission Inspection,Sergeant,48,"Radiator Core, Coolant",39102,1
ML-5028,EQ-1010,B01,2026-06-19,Oil & Filter Overhaul,Warrant Officer,4,"Injector Nozzle, Fuel Filter",16684,1
ML-5029,EQ-1010,B01,2026-04-18,Emergency Repair,Havildar Tech,48,"Brake Pads, Hydraulic Line",12459,5
ML-5030,EQ-1011,B02,2026-06-21,Pre-Mission Inspection,Subedar Tech,8,"Injector Nozzle, Fuel Filter",113251,1
ML-5031,EQ-1011,B02,2026-04-24,Oil & Filter Overhaul,Warrant Officer,12,"Radiator Core, Coolant",77317,1
ML-5032,EQ-1012,B04,2026-06-23,Emergency Repair,Subedar Tech,12,"Radiator Core, Coolant",24482,7
ML-5033,EQ-1012,B04,2026-05-21,Corrective Repair,Sergeant,24,"Sensors, Wiring Harness",22932,7
ML-5034,EQ-1012,B04,2026-04-01,Oil & Filter Overhaul,Subedar Tech,48,"Oil Filter, Gaskets",25760,1
ML-5035,EQ-1013,B02,2026-07-23,Emergency Repair,Warrant Officer,12,"Brake Pads, Hydraulic Line",61049,7
ML-5036,EQ-1013,B02,2026-06-18,Emergency Repair,Naik Mech,12,"Tire Assembly, Hub Bearing",77195,2
ML-5037,EQ-1014,B05,2026-06-14,Pre-Mission Inspection,Warrant Officer,12,"Sensors, Wiring Harness",17156,1
ML-5038,EQ-1014,B05,2026-04-20,Oil & Filter Overhaul,Naik Mech,12,"Tire Assembly, Hub Bearing",15737,1
ML-5039,EQ-1014,B05,2026-02-04,Corrective Repair,Subedar Tech,48,"Tire Assembly, Hub Bearing",12531,5
ML-5040,EQ-1014,B05,2025-12-24,Oil & Filter Overhaul,Subedar Tech,6,"Alternator, Belt Drive",15530,1
ML-5041,EQ-1015,B07,2026-06-12,Emergency Repair,Warrant Officer,8,"Alternator, Belt Drive",13904,7
ML-5042,EQ-1015,B07,2026-04-08,Corrective Repair,Subedar Tech,6,"Tire Assembly, Hub Bearing",16124,5
ML-5043,EQ-1015,B07,2026-02-09,Corrective Repair,Warrant Officer,8,"Sensors, Wiring Harness",10824,2
ML-5044,EQ-1015,B07,2025-12-07,Routine Preventive,Warrant Officer,12,"Oil Filter, Gaskets",14297,1
ML-5045,EQ-1016,B01,2026-05-05,Routine Preventive,Naik Mech,24,"Oil Filter, Gaskets",42611,1
ML-5046,EQ-1016,B01,2026-02-18,Corrective Repair,Naik Mech,16,"Injector Nozzle, Fuel Filter",62955,5
ML-5047,EQ-1017,B05,2026-07-07,Routine Preventive,Subedar Tech,48,"Starter Motor, Battery",28215,1
ML-5048,EQ-1017,B05,2026-05-06,Oil & Filter Overhaul,Sergeant,48,"Oil Filter, Gaskets",31032,1
ML-5049,EQ-1018,B03,2026-05-11,Oil & Filter Overhaul,Naik Mech,24,"Alternator, Belt Drive",52299,1
ML-5050,EQ-1018,B03,2026-02-22,Emergency Repair,Sergeant,12,"Starter Motor, Battery",48163,7
ML-5051,EQ-1018,B03,2025-11-14,Corrective Repair,Warrant Officer,12,"Radiator Core, Coolant",49680,2
ML-5052,EQ-1019,B03,2026-06-17,Emergency Repair,Sergeant,16,"Radiator Core, Coolant",12730,7
ML-5053,EQ-1019,B03,2026-04-14,Oil & Filter Overhaul,Warrant Officer,24,"Radiator Core, Coolant",13550,1
ML-5054,EQ-1019,B03,2026-02-16,Corrective Repair,Subedar Tech,6,"Brake Pads, Hydraulic Line",12733,1
ML-5055,EQ-1019,B03,2025-12-09,Corrective Repair,Naik Mech,24,"Injector Nozzle, Fuel Filter",17162,5
ML-5056,EQ-1020,B02,2026-07-08,Routine Preventive,Havildar Tech,48,"Tire Assembly, Hub Bearing",23732,1
ML-5057,EQ-1020,B02,2026-05-13,Corrective Repair,Naik Mech,16,"Oil Filter, Gaskets",26891,7
ML-5058,EQ-1021,B08,2026-06-04,Corrective Repair,Naik Mech,24,"Brake Pads, Hydraulic Line",12075,2
ML-5059,EQ-1021,B08,2026-04-08,Emergency Repair,Sergeant,4,"Sensors, Wiring Harness",11141,5
ML-5060,EQ-1022,B02,2026-06-23,Emergency Repair,Havildar Tech,8,"Alternator, Belt Drive",11765,5
ML-5061,EQ-1022,B02,2026-04-16,Emergency Repair,Havildar Tech,8,"Tire Assembly, Hub Bearing",15435,7
ML-5062,EQ-1023,B01,2026-05-20,Routine Preventive,Warrant Officer,12,"Tire Assembly, Hub Bearing",67119,1
ML-5063,EQ-1023,B01,2026-02-13,Corrective Repair,Subedar Tech,8,"Brake Pads, Hydraulic Line",51580,5
ML-5064,EQ-1023,B01,2025-11-11,Emergency Repair,Havildar Tech,12,"Oil Filter, Gaskets",48408,3
ML-5065,EQ-1024,B02,2026-06-17,Pre-Mission Inspection,Warrant Officer,8,"Oil Filter, Gaskets",15504,1
ML-5066,EQ-1024,B02,2026-04-23,Emergency Repair,Havildar Tech,48,"Brake Pads, Hydraulic Line",12169,2
ML-5067,EQ-1024,B02,2026-02-09,Emergency Repair,Warrant Officer,8,"Alternator, Belt Drive",17036,5
ML-5068,EQ-1024,B02,2025-12-19,Corrective Repair,Sergeant,6,"Sensors, Wiring Harness",13765,7
ML-5069,EQ-1025,B05,2026-06-10,Corrective Repair,Sergeant,48,"Starter Motor, Battery",17038,5
ML-5070,EQ-1025,B05,2026-04-18,Oil & Filter Overhaul,Warrant Officer,12,"Oil Filter, Gaskets",16510,1
ML-5071,EQ-1025,B05,2026-02-12,Emergency Repair,Havildar Tech,24,"Injector Nozzle, Fuel Filter",13279,2
ML-5072,EQ-1026,B04,2026-06-27,Pre-Mission Inspection,Havildar Tech,24,"Tire Assembly, Hub Bearing",32994,1
ML-5073,EQ-1026,B04,2026-05-06,Corrective Repair,Havildar Tech,24,"Alternator, Belt Drive",21303,5
ML-5074,EQ-1026,B04,2026-04-07,Emergency Repair,Naik Mech,24,"Brake Pads, Hydraulic Line",30436,3
ML-5075,EQ-1026,B04,2026-02-24,Oil & Filter Overhaul,Subedar Tech,48,"Oil Filter, Gaskets",21007,1
ML-5076,EQ-1027,B03,2026-06-07,Pre-Mission Inspection,Subedar Tech,12,"Radiator Core, Coolant",11711,1
ML-5077,EQ-1027,B03,2026-04-05,Emergency Repair,Subedar Tech,24,"Alternator, Belt Drive",17238,2
ML-5078,EQ-1027,B03,2026-02-12,Emergency Repair,Sergeant,4,"Starter Motor, Battery",16491,3
ML-5079,EQ-1028,B04,2026-06-02,Corrective Repair,Havildar Tech,16,"Alternator, Belt Drive",40804,1
ML-5080,EQ-1028,B04,2026-03-17,Corrective Repair,Havildar Tech,4,"Radiator Core, Coolant",43647,3
ML-5081,EQ-1028,B04,2025-12-31,Corrective Repair,Sergeant,6,"Starter Motor, Battery",42877,3
ML-5082,EQ-1029,B04,2026-05-29,Oil & Filter Overhaul,Sergeant,12,"Oil Filter, Gaskets",30588,1
ML-5083,EQ-1029,B04,2026-03-23,Pre-Mission Inspection,Warrant Officer,24,"Alternator, Belt Drive",37404,1
ML-5084,EQ-1029,B04,2025-12-21,Emergency Repair,Havildar Tech,4,"Starter Motor, Battery",46483,7
ML-5085,EQ-1029,B04,2025-10-10,Routine Preventive,Warrant Officer,16,"Starter Motor, Battery",35033,1
ML-5086,EQ-1030,B07,2026-06-04,Oil & Filter Overhaul,Havildar Tech,12,"Sensors, Wiring Harness",11305,1
ML-5087,EQ-1030,B07,2026-04-14,Oil & Filter Overhaul,Havildar Tech,12,"Starter Motor, Battery",12118,1
ML-5088,EQ-1030,B07,2026-02-13,Routine Preventive,Warrant Officer,24,"Radiator Core, Coolant",14368,1
ML-5089,EQ-1031,B02,2026-06-09,Pre-Mission Inspection,Subedar Tech,6,"Injector Nozzle, Fuel Filter",34085,1
ML-5090,EQ-1031,B02,2026-03-21,Corrective Repair,Havildar Tech,48,"Oil Filter, Gaskets",30955,3
ML-5091,EQ-1031,B02,2026-01-03,Oil & Filter Overhaul,Havildar Tech,4,"Injector Nozzle, Fuel Filter",39911,1
ML-5092,EQ-1031,B02,2025-10-23,Routine Preventive,Warrant Officer,16,"Brake Pads, Hydraulic Line",42770,1
ML-5093,EQ-1032,B03,2026-05-23,Routine Preventive,Naik Mech,8,"Injector Nozzle, Fuel Filter",64540,1
ML-5094,EQ-1032,B03,2026-02-16,Emergency Repair,Sergeant,16,"Radiator Core, Coolant",57281,7
ML-5095,EQ-1032,B03,2025-11-17,Routine Preventive,Havildar Tech,16,"Sensors, Wiring Harness",52778,1
ML-5096,EQ-1033,B07,2026-07-07,Corrective Repair,Sergeant,24,"Radiator Core, Coolant",26100,1
ML-5097,EQ-1033,B07,2026-05-07,Routine Preventive,Warrant Officer,16,"Radiator Core, Coolant",33027,1
ML-5098,EQ-1034,B03,2026-06-20,Pre-Mission Inspection,Subedar Tech,16,"Oil Filter, Gaskets",29309,1
ML-5099,EQ-1034,B03,2026-05-25,Oil & Filter Overhaul,Subedar Tech,24,"Alternator, Belt Drive",22781,1
ML-5100,EQ-1034,B03,2026-04-10,Routine Preventive,Naik Mech,6,"Sensors, Wiring Harness",22794,1
ML-5101,EQ-1034,B03,2026-02-04,Emergency Repair,Warrant Officer,4,"Starter Motor, Battery",33227,5
ML-5102,EQ-1035,B02,2026-05-22,Pre-Mission Inspection,Subedar Tech,24,"Tire Assembly, Hub Bearing",48277,1
ML-5103,EQ-1035,B02,2026-02-23,Routine Preventive,Naik Mech,16,"Oil Filter, Gaskets",46621,1
ML-5104,EQ-1035,B02,2025-11-17,Oil & Filter Overhaul,Subedar Tech,48,"Injector Nozzle, Fuel Filter",65756,1
ML-5105,EQ-1036,B02,2026-06-12,Pre-Mission Inspection,Warrant Officer,8,"Injector Nozzle, Fuel Filter",10768,1
ML-5106,EQ-1036,B02,2026-04-14,Corrective Repair,Warrant Officer,48,"Brake Pads, Hydraulic Line",11230,7
ML-5107,EQ-1037,B03,2026-06-19,Emergency Repair,Sergeant,24,"Tire Assembly, Hub Bearing",17165,7
ML-5108,EQ-1037,B03,2026-04-11,Oil & Filter Overhaul,Naik Mech,16,"Radiator Core, Coolant",15307,1
ML-5109,EQ-1038,B03,2026-05-07,Pre-Mission Inspection,Naik Mech,8,"Tire Assembly, Hub Bearing",58008,1
ML-5110,EQ-1038,B03,2026-02-23,Routine Preventive,Sergeant,48,"Radiator Core, Coolant",52693,1
ML-5111,EQ-1038,B03,2025-11-06,Emergency Repair,Sergeant,6,"Tire Assembly, Hub Bearing",45355,7
ML-5112,EQ-1039,B04,2026-05-15,Oil & Filter Overhaul,Subedar Tech,24,"Injector Nozzle, Fuel Filter",42951,1
ML-5113,EQ-1039,B04,2026-02-04,Pre-Mission Inspection,Havildar Tech,12,"Injector Nozzle, Fuel Filter",59239,1
ML-5114,EQ-1040,B02,2026-05-22,Oil & Filter Overhaul,Sergeant,16,"Oil Filter, Gaskets",54203,1
ML-5115,EQ-1040,B02,2026-02-20,Corrective Repair,Sergeant,6,"Injector Nozzle, Fuel Filter",56567,2
ML-5116,EQ-1040,B02,2025-11-12,Emergency Repair,Sergeant,8,"Starter Motor, Battery",41953,3
ML-5117,EQ-1041,B05,2026-07-05,Emergency Repair,Subedar Tech,8,"Oil Filter, Gaskets",57419,7
ML-5118,EQ-1041,B05,2026-06-21,Oil & Filter Overhaul,Havildar Tech,16,"Brake Pads, Hydraulic Line",76958,1
ML-5119,EQ-1042,B06,2026-06-23,Corrective Repair,Warrant Officer,48,"Tire Assembly, Hub Bearing",12597,5
ML-5120,EQ-1042,B06,2026-04-06,Oil & Filter Overhaul,Naik Mech,4,"Oil Filter, Gaskets",10661,1
ML-5121,EQ-1043,B06,2026-07-02,Pre-Mission Inspection,Subedar Tech,6,"Brake Pads, Hydraulic Line",27932,1
ML-5122,EQ-1043,B06,2026-05-23,Emergency Repair,Warrant Officer,16,"Oil Filter, Gaskets",32984,1
ML-5123,EQ-1043,B06,2026-03-21,Routine Preventive,Subedar Tech,8,"Alternator, Belt Drive",25506,1
ML-5124,EQ-1044,B06,2026-05-23,Oil & Filter Overhaul,Naik Mech,12,"Oil Filter, Gaskets",59703,1
ML-5125,EQ-1044,B06,2026-02-23,Oil & Filter Overhaul,Sergeant,4,"Radiator Core, Coolant",61685,1
ML-5126,EQ-1045,B03,2026-06-08,Routine Preventive,Warrant Officer,4,"Sensors, Wiring Harness",84719,1
ML-5127,EQ-1045,B03,2026-04-06,Oil & Filter Overhaul,Havildar Tech,6,"Alternator, Belt Drive",118770,1
ML-5128,EQ-1045,B03,2026-02-22,Emergency Repair,Sergeant,8,"Alternator, Belt Drive",87580,5
ML-5129,EQ-1046,B01,2026-05-11,Oil & Filter Overhaul,Subedar Tech,4,"Starter Motor, Battery",41718,1
ML-5130,EQ-1046,B01,2026-02-12,Emergency Repair,Subedar Tech,4,"Injector Nozzle, Fuel Filter",65865,3
ML-5131,EQ-1046,B01,2025-11-12,Pre-Mission Inspection,Subedar Tech,16,"Injector Nozzle, Fuel Filter",60945,1
ML-5132,EQ-1046,B01,2025-08-16,Routine Preventive,Havildar Tech,8,"Starter Motor, Battery",49099,1
ML-5133,EQ-1047,B05,2026-05-15,Pre-Mission Inspection,Sergeant,24,"Brake Pads, Hydraulic Line",58430,1
ML-5134,EQ-1047,B05,2026-02-15,Corrective Repair,Subedar Tech,48,"Injector Nozzle, Fuel Filter",64331,7
ML-5135,EQ-1048,B02,2026-06-07,Corrective Repair,Sergeant,24,"Radiator Core, Coolant",37314,7
ML-5136,EQ-1048,B02,2026-03-21,Pre-Mission Inspection,Havildar Tech,6,"Sensors, Wiring Harness",43257,1
ML-5137,EQ-1048,B02,2026-01-07,Corrective Repair,Subedar Tech,8,"Injector Nozzle, Fuel Filter",38588,2
ML-5138,EQ-1048,B02,2025-10-16,Routine Preventive,Subedar Tech,16,"Alternator, Belt Drive",46617,1
ML-5139,EQ-1049,B02,2026-06-01,Pre-Mission Inspection,Havildar Tech,48,"Sensors, Wiring Harness",41076,1
ML-5140,EQ-1049,B02,2026-03-11,Oil & Filter Overhaul,Warrant Officer,16,"Alternator, Belt Drive",45524,1
ML-5141,EQ-1049,B02,2026-01-03,Oil & Filter Overhaul,Warrant Officer,24,"Sensors, Wiring Harness",43947,1
ML-5142,EQ-1049,B02,2025-10-25,Emergency Repair,Warrant Officer,6,"Tire Assembly, Hub Bearing",41777,5
ML-5143,EQ-1050,B02,2026-07-04,Corrective Repair,Naik Mech,16,"Radiator Core, Coolant",31137,5
ML-5144,EQ-1050,B02,2026-05-09,Routine Preventive,Havildar Tech,8,"Tire Assembly, Hub Bearing",26561,1
ML-5145,EQ-1051,B08,2026-06-28,Pre-Mission Inspection,Warrant Officer,4,"Sensors, Wiring Harness",27702,1
ML-5146,EQ-1051,B08,2026-05-08,Corrective Repair,Havildar Tech,16,"Brake Pads, Hydraulic Line",24092,5
ML-5147,EQ-1052,B03,2026-05-31,Pre-Mission Inspection,Subedar Tech,16,"Tire Assembly, Hub Bearing",40002,1
ML-5148,EQ-1052,B03,2026-03-11,Routine Preventive,Warrant Officer,8,"Radiator Core, Coolant",44154,1
ML-5149,EQ-1052,B03,2025-12-23,Pre-Mission Inspection,Warrant Officer,24,"Oil Filter, Gaskets",34653,1
ML-5150,EQ-1052,B03,2025-10-19,Routine Preventive,Sergeant,48,"Starter Motor, Battery",46984,1
ML-5151,EQ-1053,B03,2026-06-22,Pre-Mission Inspection,Warrant Officer,24,"Tire Assembly, Hub Bearing",24690,1
ML-5152,EQ-1053,B03,2026-05-15,Pre-Mission Inspection,Subedar Tech,12,"Radiator Core, Coolant",33028,1
ML-5153,EQ-1054,B05,2026-06-16,Emergency Repair,Subedar Tech,16,"Sensors, Wiring Harness",85704,2
ML-5154,EQ-1054,B05,2026-04-16,Oil & Filter Overhaul,Warrant Officer,24,"Brake Pads, Hydraulic Line",74216,1
ML-5155,EQ-1054,B05,2026-02-04,Corrective Repair,Sergeant,12,"Starter Motor, Battery",84238,3
ML-5156,EQ-1054,B05,2025-12-09,Pre-Mission Inspection,Sergeant,6,"Brake Pads, Hydraulic Line",104796,1
ML-5157,EQ-1055,B02,2026-06-04,Corrective Repair,Warrant Officer,16,"Oil Filter, Gaskets",14572,2
ML-5158,EQ-1055,B02,2026-04-24,Corrective Repair,Subedar Tech,12,"Tire Assembly, Hub Bearing",17480,1
ML-5159,EQ-1056,B01,2026-06-30,Corrective Repair,Sergeant,48,"Starter Motor, Battery",27894,5
ML-5160,EQ-1056,B01,2026-05-12,Routine Preventive,Naik Mech,4,"Sensors, Wiring Harness",27201,1
ML-5161,EQ-1056,B01,2026-04-06,Oil & Filter Overhaul,Warrant Officer,6,"Oil Filter, Gaskets",26702,1
ML-5162,EQ-1057,B02,2026-07-13,Emergency Repair,Naik Mech,6,"Injector Nozzle, Fuel Filter",73658,5
ML-5163,EQ-1057,B02,2026-06-05,Pre-Mission Inspection,Naik Mech,24,"Tire Assembly, Hub Bearing",65440,1
ML-5164,EQ-1057,B02,2026-05-18,Pre-Mission Inspection,Warrant Officer,16,"Brake Pads, Hydraulic Line",75899,1
ML-5165,EQ-1058,B04,2026-05-11,Oil & Filter Overhaul,Havildar Tech,16,"Tire Assembly, Hub Bearing",55687,1
ML-5166,EQ-1058,B04,2026-02-12,Pre-Mission Inspection,Havildar Tech,4,"Starter Motor, Battery",47517,1
ML-5167,EQ-1058,B04,2025-11-25,Pre-Mission Inspection,Havildar Tech,24,"Brake Pads, Hydraulic Line",51985,1
ML-5168,EQ-1059,B08,2026-06-20,Routine Preventive,Subedar Tech,6,"Oil Filter, Gaskets",15629,1
ML-5169,EQ-1059,B08,2026-04-11,Pre-Mission Inspection,Warrant Officer,16,"Sensors, Wiring Harness",15255,1
ML-5170,EQ-1059,B08,2026-02-17,Oil & Filter Overhaul,Naik Mech,8,"Injector Nozzle, Fuel Filter",12326,1
ML-5171,EQ-1059,B08,2025-12-23,Pre-Mission Inspection,Havildar Tech,24,"Sensors, Wiring Harness",10846,1
ML-5172,EQ-1060,B02,2026-06-05,Corrective Repair,Subedar Tech,48,"Radiator Core, Coolant",15936,2
ML-5173,EQ-1060,B02,2026-04-09,Routine Preventive,Sergeant,8,"Alternator, Belt Drive",12144,1
ML-5174,EQ-1060,B02,2026-02-06,Pre-Mission Inspection,Warrant Officer,6,"Sensors, Wiring Harness",16673,1
ML-5175,EQ-1060,B02,2025-12-25,Pre-Mission Inspection,Subedar Tech,24,"Sensors, Wiring Harness",17309,1
ML-5176,EQ-1061,B05,2026-05-15,Routine Preventive,Sergeant,12,"Radiator Core, Coolant",57873,1
ML-5177,EQ-1061,B05,2026-02-18,Routine Preventive,Naik Mech,12,"Oil Filter, Gaskets",42160,1
ML-5178,EQ-1062,B06,2026-06-30,Oil & Filter Overhaul,Subedar Tech,16,"Radiator Core, Coolant",25424,1
ML-5179,EQ-1062,B06,2026-05-14,Routine Preventive,Warrant Officer,12,"Tire Assembly, Hub Bearing",27169,1
ML-5180,EQ-1062,B06,2026-03-31,Emergency Repair,Havildar Tech,8,"Radiator Core, Coolant",32469,7
ML-5181,EQ-1063,B07,2026-07-10,Corrective Repair,Naik Mech,48,"Radiator Core, Coolant",58436,7
ML-5182,EQ-1063,B07,2026-06-09,Pre-Mission Inspection,Havildar Tech,16,"Oil Filter, Gaskets",58976,1
ML-5183,EQ-1063,B07,2026-05-23,Routine Preventive,Warrant Officer,24,"Oil Filter, Gaskets",84930,1
ML-5184,EQ-1064,B01,2026-06-26,Routine Preventive,Sergeant,6,"Brake Pads, Hydraulic Line",31041,1
ML-5185,EQ-1064,B01,2026-05-21,Oil & Filter Overhaul,Subedar Tech,16,"Alternator, Belt Drive",23580,1
ML-5186,EQ-1064,B01,2026-03-29,Pre-Mission Inspection,Naik Mech,12,"Tire Assembly, Hub Bearing",21443,1
ML-5187,EQ-1064,B01,2026-02-17,Routine Preventive,Havildar Tech,48,"Brake Pads, Hydraulic Line",24359,1
ML-5188,EQ-1065,B03,2026-05-08,Oil & Filter Overhaul,Havildar Tech,4,"Injector Nozzle, Fuel Filter",55676,1
ML-5189,EQ-1065,B03,2026-02-18,Routine Preventive,Subedar Tech,48,"Sensors, Wiring Harness",56297,1
ML-5190,EQ-1065,B03,2025-11-21,Pre-Mission Inspection,Subedar Tech,16,"Sensors, Wiring Harness",55688,1
ML-5191,EQ-1066,B03,2026-07-06,Corrective Repair,Havildar Tech,4,"Alternator, Belt Drive",75228,1
ML-5192,EQ-1066,B03,2026-06-16,Emergency Repair,Subedar Tech,24,"Injector Nozzle, Fuel Filter",57958,3
ML-5193,EQ-1067,B01,2026-06-07,Emergency Repair,Naik Mech,6,"Injector Nozzle, Fuel Filter",16848,2
ML-5194,EQ-1067,B01,2026-04-17,Routine Preventive,Naik Mech,12,"Injector Nozzle, Fuel Filter",12695,1
ML-5195,EQ-1068,B03,2026-05-06,Emergency Repair,Subedar Tech,8,"Starter Motor, Battery",44393,2
ML-5196,EQ-1068,B03,2026-02-12,Pre-Mission Inspection,Naik Mech,8,"Tire Assembly, Hub Bearing",66374,1
ML-5197,EQ-1068,B03,2025-11-16,Oil & Filter Overhaul,Havildar Tech,48,"Sensors, Wiring Harness",50727,1
ML-5198,EQ-1068,B03,2025-08-10,Pre-Mission Inspection,Havildar Tech,16,"Injector Nozzle, Fuel Filter",46074,1
ML-5199,EQ-1069,B08,2026-05-07,Pre-Mission Inspection,Havildar Tech,16,"Sensors, Wiring Harness",51381,1
ML-5200,EQ-1069,B08,2026-02-13,Routine Preventive,Naik Mech,48,"Brake Pads, Hydraulic Line",59323,1
ML-5201,EQ-1069,B08,2025-11-15,Pre-Mission Inspection,Warrant Officer,16,"Oil Filter, Gaskets",45191,1
ML-5202,EQ-1070,B08,2026-05-10,Routine Preventive,Naik Mech,12,"Brake Pads, Hydraulic Line",43560,1
ML-5203,EQ-1070,B08,2026-02-13,Pre-Mission Inspection,Warrant Officer,12,"Starter Motor, Battery",49033,1
ML-5204,EQ-1071,B02,2026-06-17,Corrective Repair,Warrant Officer,24,"Injector Nozzle, Fuel Filter",16109,5
ML-5205,EQ-1071,B02,2026-04-25,Pre-Mission Inspection,Warrant Officer,6,"Tire Assembly, Hub Bearing",15694,1
ML-5206,EQ-1071,B02,2026-02-12,Oil & Filter Overhaul,Havildar Tech,6,"Starter Motor, Battery",10655,1
ML-5207,EQ-1072,B04,2026-07-15,Corrective Repair,Subedar Tech,16,"Brake Pads, Hydraulic Line",84027,1
ML-5208,EQ-1072,B04,2026-06-17,Corrective Repair,Sergeant,6,"Radiator Core, Coolant",63113,5
ML-5209,EQ-1072,B04,2026-05-12,Emergency Repair,Naik Mech,16,"Sensors, Wiring Harness",73038,5
ML-5210,EQ-1072,B04,2026-04-05,Pre-Mission Inspection,Naik Mech,24,"Injector Nozzle, Fuel Filter",71024,1
ML-5211,EQ-1073,B03,2026-06-24,Routine Preventive,Subedar Tech,6,"Alternator, Belt Drive",16096,1
ML-5212,EQ-1073,B03,2026-04-18,Pre-Mission Inspection,Warrant Officer,6,"Tire Assembly, Hub Bearing",14321,1
ML-5213,EQ-1073,B03,2026-02-07,Oil & Filter Overhaul,Sergeant,16,"Brake Pads, Hydraulic Line",14136,1
ML-5214,EQ-1073,B03,2025-12-15,Emergency Repair,Sergeant,48,"Oil Filter, Gaskets",14351,2
ML-5215,EQ-1074,B08,2026-06-20,Routine Preventive,Sergeant,48,"Starter Motor, Battery",16020,1
ML-5216,EQ-1074,B08,2026-04-14,Oil & Filter Overhaul,Subedar Tech,16,"Injector Nozzle, Fuel Filter",14284,1
ML-5217,EQ-1074,B08,2026-02-15,Corrective Repair,Warrant Officer,48,"Brake Pads, Hydraulic Line",14562,1
ML-5218,EQ-1074,B08,2025-12-18,Corrective Repair,Naik Mech,6,"Injector Nozzle, Fuel Filter",16585,3
ML-5219,EQ-1075,B06,2026-07-22,Routine Preventive,Sergeant,12,"Radiator Core, Coolant",77624,1
ML-5220,EQ-1075,B06,2026-06-12,Emergency Repair,Subedar Tech,12,"Starter Motor, Battery",60128,3
ML-5221,EQ-1075,B06,2026-05-16,Pre-Mission Inspection,Warrant Officer,16,"Injector Nozzle, Fuel Filter",64217,1
ML-5222,EQ-1075,B06,2026-04-15,Routine Preventive,Havildar Tech,48,"Oil Filter, Gaskets",83190,1
ML-5223,EQ-1076,B04,2026-06-04,Emergency Repair,Havildar Tech,24,"Starter Motor, Battery",86532,1
ML-5224,EQ-1076,B04,2026-04-25,Pre-Mission Inspection,Naik Mech,4,"Injector Nozzle, Fuel Filter",82227,1
ML-5225,EQ-1076,B04,2026-02-08,Oil & Filter Overhaul,Havildar Tech,4,"Oil Filter, Gaskets",104039,1
ML-5226,EQ-1077,B08,2026-05-25,Oil & Filter Overhaul,Naik Mech,6,"Tire Assembly, Hub Bearing",56912,1
ML-5227,EQ-1077,B08,2026-02-04,Corrective Repair,Havildar Tech,12,"Tire Assembly, Hub Bearing",60554,1
ML-5228,EQ-1077,B08,2025-11-22,Oil & Filter Overhaul,Warrant Officer,16,"Sensors, Wiring Harness",60664,1
ML-5229,EQ-1077,B08,2025-08-18,Routine Preventive,Naik Mech,6,"Alternator, Belt Drive",61684,1
ML-5230,EQ-1078,B04,2026-06-28,Pre-Mission Inspection,Warrant Officer,6,"Sensors, Wiring Harness",32727,1
ML-5231,EQ-1078,B04,2026-05-14,Routine Preventive,Havildar Tech,6,"Tire Assembly, Hub Bearing",27611,1
ML-5232,EQ-1079,B04,2026-06-07,Oil & Filter Overhaul,Warrant Officer,16,"Brake Pads, Hydraulic Line",12871,1
ML-5233,EQ-1079,B04,2026-04-18,Routine Preventive,Warrant Officer,4,"Sensors, Wiring Harness",11023,1
ML-5234,EQ-1080,B04,2026-06-24,Pre-Mission Inspection,Havildar Tech,12,"Alternator, Belt Drive",12928,1
ML-5235,EQ-1080,B04,2026-04-17,Emergency Repair,Warrant Officer,16,"Brake Pads, Hydraulic Line",15522,7
ML-5236,EQ-1081,B03,2026-05-05,Emergency Repair,Subedar Tech,8,"Starter Motor, Battery",51871,3
ML-5237,EQ-1081,B03,2026-02-22,Corrective Repair,Naik Mech,4,"Oil Filter, Gaskets",55888,7
ML-5238,EQ-1081,B03,2025-11-25,Oil & Filter Overhaul,Subedar Tech,4,"Tire Assembly, Hub Bearing",65987,1
ML-5239,EQ-1081,B03,2025-08-18,Oil & Filter Overhaul,Naik Mech,12,"Oil Filter, Gaskets",43080,1
ML-5240,EQ-1082,B02,2026-07-24,Routine Preventive,Naik Mech,12,"Alternator, Belt Drive",78579,1
ML-5241,EQ-1082,B02,2026-06-08,Routine Preventive,Naik Mech,12,"Tire Assembly, Hub Bearing",86224,1
ML-5242,EQ-1082,B02,2026-05-17,Oil & Filter Overhaul,Warrant Officer,6,"Sensors, Wiring Harness",55872,1
ML-5243,EQ-1083,B08,2026-06-22,Corrective Repair,Havildar Tech,6,"Brake Pads, Hydraulic Line",17111,2
ML-5244,EQ-1083,B08,2026-04-11,Pre-Mission Inspection,Subedar Tech,12,"Brake Pads, Hydraulic Line",13829,1
ML-5245,EQ-1084,B08,2026-06-24,Pre-Mission Inspection,Sergeant,48,"Tire Assembly, Hub Bearing",17170,1
ML-5246,EQ-1084,B08,2026-04-18,Routine Preventive,Havildar Tech,4,"Injector Nozzle, Fuel Filter",11276,1
ML-5247,EQ-1085,B01,2026-07-11,Routine Preventive,Warrant Officer,12,"Tire Assembly, Hub Bearing",80719,1
ML-5248,EQ-1085,B01,2026-06-11,Oil & Filter Overhaul,Subedar Tech,6,"Injector Nozzle, Fuel Filter",58592,1
ML-5249,EQ-1085,B01,2026-05-11,Oil & Filter Overhaul,Warrant Officer,4,"Starter Motor, Battery",82824,1
ML-5250,EQ-1085,B01,2026-04-12,Routine Preventive,Subedar Tech,12,"Oil Filter, Gaskets",82802,1
ML-5251,EQ-1086,B03,2026-05-06,Routine Preventive,Warrant Officer,48,"Alternator, Belt Drive",46582,1
ML-5252,EQ-1086,B03,2026-02-08,Corrective Repair,Havildar Tech,16,"Starter Motor, Battery",50236,2
ML-5253,EQ-1086,B03,2025-11-19,Corrective Repair,Sergeant,48,"Oil Filter, Gaskets",47836,5
ML-5254,EQ-1087,B03,2026-06-09,Corrective Repair,Subedar Tech,16,"Starter Motor, Battery",72281,2
ML-5255,EQ-1087,B03,2026-04-15,Routine Preventive,Sergeant,6,"Injector Nozzle, Fuel Filter",75034,1
ML-5256,EQ-1087,B03,2026-02-13,Pre-Mission Inspection,Havildar Tech,8,"Sensors, Wiring Harness",117156,1
ML-5257,EQ-1087,B03,2025-12-16,Emergency Repair,Warrant Officer,6,"Injector Nozzle, Fuel Filter",86357,3
ML-5258,EQ-1088,B01,2026-06-08,Pre-Mission Inspection,Havildar Tech,8,"Starter Motor, Battery",32304,1
ML-5259,EQ-1088,B01,2026-03-11,Corrective Repair,Subedar Tech,24,"Brake Pads, Hydraulic Line",31530,3
ML-5260,EQ-1088,B01,2026-01-05,Emergency Repair,Havildar Tech,4,"Radiator Core, Coolant",40796,3
ML-5261,EQ-1088,B01,2025-10-21,Oil & Filter Overhaul,Havildar Tech,4,"Radiator Core, Coolant",33566,1
ML-5262,EQ-1089,B05,2026-06-15,Routine Preventive,Subedar Tech,8,"Brake Pads, Hydraulic Line",10763,1
ML-5263,EQ-1089,B05,2026-04-20,Pre-Mission Inspection,Havildar Tech,6,"Brake Pads, Hydraulic Line",16729,1
ML-5264,EQ-1090,B02,2026-05-22,Routine Preventive,Subedar Tech,12,"Injector Nozzle, Fuel Filter",39178,1
ML-5265,EQ-1090,B02,2026-03-26,Corrective Repair,Havildar Tech,8,"Tire Assembly, Hub Bearing",36896,1
ML-5266,EQ-1090,B02,2026-01-04,Emergency Repair,Havildar Tech,8,"Brake Pads, Hydraulic Line",32094,3
ML-5267,EQ-1091,B06,2026-05-18,Pre-Mission Inspection,Warrant Officer,48,"Sensors, Wiring Harness",55415,1
ML-5268,EQ-1091,B06,2026-02-07,Emergency Repair,Subedar Tech,12,"Starter Motor, Battery",58938,1
ML-5269,EQ-1091,B06,2025-11-14,Pre-Mission Inspection,Sergeant,24,"Oil Filter, Gaskets",64633,1
ML-5270,EQ-1091,B06,2025-08-12,Routine Preventive,Warrant Officer,24,"Injector Nozzle, Fuel Filter",61931,1
ML-5271,EQ-1092,B01,2026-05-21,Routine Preventive,Warrant Officer,48,"Sensors, Wiring Harness",39887,1
ML-5272,EQ-1092,B01,2026-03-22,Routine Preventive,Sergeant,16,"Brake Pads, Hydraulic Line",31671,1
ML-5273,EQ-1093,B06,2026-07-15,Corrective Repair,Naik Mech,12,"Brake Pads, Hydraulic Line",62259,3
ML-5274,EQ-1093,B06,2026-06-10,Emergency Repair,Sergeant,8,"Alternator, Belt Drive",79094,1
ML-5275,EQ-1093,B06,2026-05-19,Emergency Repair,Sergeant,48,"Sensors, Wiring Harness",67762,3
ML-5276,EQ-1094,B06,2026-07-06,Emergency Repair,Sergeant,6,"Radiator Core, Coolant",29391,5
ML-5277,EQ-1094,B06,2026-05-20,Oil & Filter Overhaul,Naik Mech,12,"Radiator Core, Coolant",33078,1
ML-5278,EQ-1094,B06,2026-04-02,Oil & Filter Overhaul,Havildar Tech,24,"Brake Pads, Hydraulic Line",30286,1
ML-5279,EQ-1094,B06,2026-02-12,Corrective Repair,Naik Mech,48,"Starter Motor, Battery",21055,2
ML-5280,EQ-1095,B02,2026-05-11,Pre-Mission Inspection,Sergeant,12,"Alternator, Belt Drive",47452,1
ML-5281,EQ-1095,B02,2026-02-12,Pre-Mission Inspection,Sergeant,4,"Radiator Core, Coolant",56230,1
ML-5282,EQ-1095,B02,2025-11-07,Emergency Repair,Havildar Tech,24,"Brake Pads, Hydraulic Line",48262,3
ML-5283,EQ-1096,B08,2026-06-21,Oil & Filter Overhaul,Naik Mech,16,"Starter Motor, Battery",29746,1
ML-5284,EQ-1096,B08,2026-05-08,Pre-Mission Inspection,Subedar Tech,12,"Radiator Core, Coolant",28825,1
ML-5285,EQ-1097,B06,2026-06-09,Emergency Repair,Naik Mech,24,"Brake Pads, Hydraulic Line",74759,7
ML-5286,EQ-1097,B06,2026-04-22,Emergency Repair,Havildar Tech,12,"Alternator, Belt Drive",112805,2
ML-5287,EQ-1098,B01,2026-06-09,Corrective Repair,Sergeant,48,"Brake Pads, Hydraulic Line",16023,5
ML-5288,EQ-1098,B01,2026-04-05,Emergency Repair,Havildar Tech,12,"Tire Assembly, Hub Bearing",13577,1
ML-5289,EQ-1099,B04,2026-07-20,Corrective Repair,Naik Mech,12,"Radiator Core, Coolant",64387,5
ML-5290,EQ-1099,B04,2026-06-24,Corrective Repair,Havildar Tech,24,"Injector Nozzle, Fuel Filter",60489,7
ML-5291,EQ-1099,B04,2026-05-09,Emergency Repair,Subedar Tech,8,"Oil Filter, Gaskets",58462,7
ML-5292,EQ-1099,B04,2026-04-06,Routine Preventive,Havildar Tech,4,"Brake Pads, Hydraulic Line",54356,1
ML-5293,EQ-1100,B05,2026-05-22,Pre-Mission Inspection,Naik Mech,12,"Starter Motor, Battery",61517,1
ML-5294,EQ-1100,B05,2026-02-16,Emergency Repair,Subedar Tech,6,"Radiator Core, Coolant",62751,2
ML-5295,EQ-1100,B05,2025-11-25,Oil & Filter Overhaul,Naik Mech,6,"Tire Assembly, Hub Bearing",55270,1
ML-5296,EQ-1101,B01,2026-06-30,Emergency Repair,Havildar Tech,24,"Radiator Core, Coolant",25154,1
ML-5297,EQ-1101,B01,2026-05-24,Oil & Filter Overhaul,Subedar Tech,6,"Injector Nozzle, Fuel Filter",20527,1
ML-5298,EQ-1102,B07,2026-06-08,Routine Preventive,Warrant Officer,48,"Injector Nozzle, Fuel Filter",47255,1
ML-5299,EQ-1102,B07,2026-03-08,Corrective Repair,Sergeant,16,"Tire Assembly, Hub Bearing",37926,5
ML-5300,EQ-1102,B07,2025-12-30,Emergency Repair,Warrant Officer,48,"Injector Nozzle, Fuel Filter",40332,1
ML-5301,EQ-1102,B07,2025-10-14,Oil & Filter Overhaul,Havildar Tech,4,"Alternator, Belt Drive",37140,1
ML-5302,EQ-1103,B05,2026-07-08,Emergency Repair,Naik Mech,6,"Tire Assembly, Hub Bearing",20553,1
ML-5303,EQ-1103,B05,2026-05-10,Routine Preventive,Sergeant,8,"Alternator, Belt Drive",24632,1
ML-5304,EQ-1103,B05,2026-04-03,Corrective Repair,Havildar Tech,12,"Sensors, Wiring Harness",27666,5
ML-5305,EQ-1103,B05,2026-02-10,Emergency Repair,Warrant Officer,12,"Brake Pads, Hydraulic Line",30976,3
ML-5306,EQ-1104,B01,2026-05-18,Oil & Filter Overhaul,Warrant Officer,8,"Tire Assembly, Hub Bearing",63089,1
ML-5307,EQ-1104,B01,2026-02-21,Routine Preventive,Subedar Tech,24,"Starter Motor, Battery",43372,1
ML-5308,EQ-1105,B03,2026-06-25,Emergency Repair,Havildar Tech,16,"Injector Nozzle, Fuel Filter",26437,7
ML-5309,EQ-1105,B03,2026-05-24,Pre-Mission Inspection,Naik Mech,12,"Tire Assembly, Hub Bearing",27702,1
ML-5310,EQ-1106,B05,2026-06-08,Pre-Mission Inspection,Naik Mech,24,"Radiator Core, Coolant",12680,1
ML-5311,EQ-1106,B05,2026-04-19,Oil & Filter Overhaul,Naik Mech,24,"Alternator, Belt Drive",12066,1
ML-5312,EQ-1106,B05,2026-02-04,Routine Preventive,Subedar Tech,6,"Radiator Core, Coolant",17329,1
ML-5313,EQ-1106,B05,2025-12-09,Pre-Mission Inspection,Subedar Tech,16,"Sensors, Wiring Harness",13927,1
ML-5314,EQ-1107,B07,2026-05-22,Pre-Mission Inspection,Warrant Officer,24,"Starter Motor, Battery",57065,1
ML-5315,EQ-1107,B07,2026-02-17,Routine Preventive,Warrant Officer,48,"Alternator, Belt Drive",54288,1
ML-5316,EQ-1107,B07,2025-11-14,Pre-Mission Inspection,Havildar Tech,48,"Radiator Core, Coolant",51797,1
ML-5317,EQ-1108,B01,2026-06-22,Emergency Repair,Havildar Tech,6,"Brake Pads, Hydraulic Line",11910,5
ML-5318,EQ-1108,B01,2026-04-17,Pre-Mission Inspection,Subedar Tech,6,"Injector Nozzle, Fuel Filter",14451,1
ML-5319,EQ-1108,B01,2026-02-24,Routine Preventive,Naik Mech,24,"Injector Nozzle, Fuel Filter",12897,1
ML-5320,EQ-1108,B01,2025-12-16,Emergency Repair,Sergeant,48,"Alternator, Belt Drive",14728,7
ML-5321,EQ-1109,B03,2026-07-07,Routine Preventive,Subedar Tech,24,"Oil Filter, Gaskets",80787,1
ML-5322,EQ-1109,B03,2026-06-10,Routine Preventive,Subedar Tech,24,"Starter Motor, Battery",60895,1
ML-5323,EQ-1109,B03,2026-05-13,Oil & Filter Overhaul,Sergeant,4,"Sensors, Wiring Harness",83933,1
ML-5324,EQ-1110,B05,2026-06-11,Routine Preventive,Naik Mech,6,"Sensors, Wiring Harness",16370,1
ML-5325,EQ-1110,B05,2026-04-25,Routine Preventive,Havildar Tech,8,"Oil Filter, Gaskets",13782,1
ML-5326,EQ-1110,B05,2026-02-23,Pre-Mission Inspection,Naik Mech,8,"Brake Pads, Hydraulic Line",11848,1
ML-5327,EQ-1110,B05,2025-12-18,Emergency Repair,Subedar Tech,12,"Sensors, Wiring Harness",13427,1
ML-5328,EQ-1111,B03,2026-06-20,Corrective Repair,Subedar Tech,48,"Alternator, Belt Drive",15758,3
ML-5329,EQ-1111,B03,2026-04-25,Routine Preventive,Havildar Tech,16,"Injector Nozzle, Fuel Filter",14430,1
ML-5330,EQ-1112,B01,2026-06-25,Routine Preventive,Subedar Tech,4,"Alternator, Belt Drive",28909,1
ML-5331,EQ-1112,B01,2026-05-22,Oil & Filter Overhaul,Subedar Tech,16,"Tire Assembly, Hub Bearing",23005,1
ML-5332,EQ-1112,B01,2026-04-06,Oil & Filter Overhaul,Sergeant,6,"Brake Pads, Hydraulic Line",29261,1
ML-5333,EQ-1112,B01,2026-02-22,Emergency Repair,Subedar Tech,8,"Tire Assembly, Hub Bearing",32281,7
ML-5334,EQ-1113,B05,2026-07-06,Oil & Filter Overhaul,Naik Mech,16,"Brake Pads, Hydraulic Line",22720,1
ML-5335,EQ-1113,B05,2026-05-08,Routine Preventive,Havildar Tech,24,"Brake Pads, Hydraulic Line",22992,1
ML-5336,EQ-1113,B05,2026-03-25,Pre-Mission Inspection,Naik Mech,48,"Sensors, Wiring Harness",28737,1
ML-5337,EQ-1113,B05,2026-02-23,Corrective Repair,Subedar Tech,16,"Tire Assembly, Hub Bearing",27681,5
ML-5338,EQ-1114,B02,2026-07-20,Routine Preventive,Naik Mech,12,"Radiator Core, Coolant",77794,1
ML-5339,EQ-1114,B02,2026-06-09,Corrective Repair,Havildar Tech,8,"Radiator Core, Coolant",60602,2
ML-5340,EQ-1114,B02,2026-05-09,Emergency Repair,Warrant Officer,8,"Sensors, Wiring Harness",83653,1
ML-5341,EQ-1114,B02,2026-04-24,Pre-Mission Inspection,Subedar Tech,8,"Brake Pads, Hydraulic Line",86138,1
ML-5342,EQ-1115,B06,2026-06-24,Corrective Repair,Naik Mech,6,"Tire Assembly, Hub Bearing",14075,1
ML-5343,EQ-1115,B06,2026-04-09,Corrective Repair,Naik Mech,6,"Injector Nozzle, Fuel Filter",15048,3
ML-5344,EQ-1115,B06,2026-02-05,Emergency Repair,Subedar Tech,4,"Starter Motor, Battery",15556,1
ML-5345,EQ-1115,B06,2025-12-11,Pre-Mission Inspection,Naik Mech,12,"Starter Motor, Battery",15267,1
ML-5346,EQ-1116,B04,2026-05-16,Pre-Mission Inspection,Warrant Officer,6,"Tire Assembly, Hub Bearing",65807,1
ML-5347,EQ-1116,B04,2026-02-09,Pre-Mission Inspection,Naik Mech,48,"Sensors, Wiring Harness",45302,1
ML-5348,EQ-1116,B04,2025-11-08,Corrective Repair,Subedar Tech,6,"Alternator, Belt Drive",62459,5
ML-5349,EQ-1116,B04,2025-08-09,Emergency Repair,Naik Mech,6,"Sensors, Wiring Harness",56391,1
ML-5350,EQ-1117,B01,2026-06-26,Emergency Repair,Subedar Tech,48,"Tire Assembly, Hub Bearing",23429,7
ML-5351,EQ-1117,B01,2026-05-07,Emergency Repair,Naik Mech,6,"Alternator, Belt Drive",21689,1
ML-5352,EQ-1117,B01,2026-04-01,Oil & Filter Overhaul,Naik Mech,16,"Sensors, Wiring Harness",28297,1
ML-5353,EQ-1117,B01,2026-02-24,Pre-Mission Inspection,Sergeant,48,"Oil Filter, Gaskets",29760,1
ML-5354,EQ-1118,B01,2026-06-07,Oil & Filter Overhaul,Subedar Tech,8,"Tire Assembly, Hub Bearing",13941,1
ML-5355,EQ-1118,B01,2026-04-07,Corrective Repair,Havildar Tech,24,"Sensors, Wiring Harness",12992,2
ML-5356,EQ-1118,B01,2026-02-10,Corrective Repair,Sergeant,6,"Brake Pads, Hydraulic Line",16008,5
ML-5357,EQ-1118,B01,2025-12-16,Corrective Repair,Warrant Officer,16,"Oil Filter, Gaskets",16130,1
ML-5358,EQ-1119,B06,2026-06-04,Pre-Mission Inspection,Subedar Tech,4,"Starter Motor, Battery",95361,1
ML-5359,EQ-1119,B06,2026-04-19,Pre-Mission Inspection,Naik Mech,16,"Starter Motor, Battery",73821,1
ML-5360,EQ-1120,B05,2026-05-14,Corrective Repair,Sergeant,48,"Alternator, Belt Drive",49973,2
ML-5361,EQ-1120,B05,2026-02-10,Oil & Filter Overhaul,Naik Mech,16,"Oil Filter, Gaskets",65344,1
ML-5362,EQ-1120,B05,2025-11-13,Pre-Mission Inspection,Subedar Tech,16,"Brake Pads, Hydraulic Line",54164,1
ML-5363,EQ-1120,B05,2025-08-18,Pre-Mission Inspection,Sergeant,48,"Alternator, Belt Drive",65801,1
ML-5364,EQ-1121,B02,2026-05-12,Oil & Filter Overhaul,Naik Mech,16,"Oil Filter, Gaskets",66023,1
ML-5365,EQ-1121,B02,2026-02-15,Routine Preventive,Sergeant,24,"Radiator Core, Coolant",43255,1
ML-5366,EQ-1121,B02,2025-11-21,Pre-Mission Inspection,Subedar Tech,8,"Starter Motor, Battery",53381,1
ML-5367,EQ-1122,B02,2026-07-23,Emergency Repair,Sergeant,8,"Radiator Core, Coolant",81617,3
ML-5368,EQ-1122,B02,2026-06-09,Emergency Repair,Naik Mech,48,"Alternator, Belt Drive",58935,7
ML-5369,EQ-1122,B02,2026-05-21,Emergency Repair,Sergeant,48,"Sensors, Wiring Harness",54546,1
ML-5370,EQ-1122,B02,2026-04-09,Emergency Repair,Havildar Tech,48,"Injector Nozzle, Fuel Filter",64542,7
ML-5371,EQ-1123,B03,2026-07-05,Routine Preventive,Subedar Tech,24,"Starter Motor, Battery",33326,1
ML-5372,EQ-1123,B03,2026-05-18,Corrective Repair,Naik Mech,48,"Sensors, Wiring Harness",27730,2
ML-5373,EQ-1123,B03,2026-03-26,Emergency Repair,Naik Mech,6,"Sensors, Wiring Harness",31034,7
ML-5374,EQ-1123,B03,2026-02-07,Oil & Filter Overhaul,Subedar Tech,48,"Tire Assembly, Hub Bearing",29911,1
ML-5375,EQ-1124,B04,2026-07-03,Oil & Filter Overhaul,Subedar Tech,24,"Injector Nozzle, Fuel Filter",28014,1
ML-5376,EQ-1124,B04,2026-05-15,Routine Preventive,Warrant Officer,12,"Tire Assembly, Hub Bearing",29286,1
ML-5377,EQ-1124,B04,2026-03-22,Corrective Repair,Subedar Tech,24,"Injector Nozzle, Fuel Filter",24182,5
ML-5378,EQ-1124,B04,2026-02-04,Routine Preventive,Naik Mech,12,"Brake Pads, Hydraulic Line",28482,1
ML-5379,EQ-1125,B02,2026-06-16,Corrective Repair,Naik Mech,24,"Brake Pads, Hydraulic Line",17090,5
ML-5380,EQ-1125,B02,2026-04-22,Routine Preventive,Warrant Officer,12,"Oil Filter, Gaskets",11281,1
ML-5381,EQ-1125,B02,2026-02-08,Oil & Filter Overhaul,Sergeant,4,"Brake Pads, Hydraulic Line",15884,1
ML-5382,EQ-1125,B02,2025-12-22,Corrective Repair,Naik Mech,12,"Alternator, Belt Drive",11204,3
ML-5383,EQ-1126,B03,2026-06-08,Oil & Filter Overhaul,Warrant Officer,16,"Alternator, Belt Drive",15023,1
ML-5384,EQ-1126,B03,2026-04-08,Oil & Filter Overhaul,Subedar Tech,4,"Tire Assembly, Hub Bearing",12186,1
ML-5385,EQ-1126,B03,2026-02-11,Routine Preventive,Sergeant,8,"Oil Filter, Gaskets",12411,1
ML-5386,EQ-1127,B06,2026-06-19,Emergency Repair,Naik Mech,24,"Sensors, Wiring Harness",105673,3
ML-5387,EQ-1127,B06,2026-04-23,Oil & Filter Overhaul,Sergeant,6,"Alternator, Belt Drive",91989,1
ML-5388,EQ-1128,B06,2026-05-19,Oil & Filter Overhaul,Warrant Officer,8,"Tire Assembly, Hub Bearing",49826,1
ML-5389,EQ-1128,B06,2026-02-23,Routine Preventive,Subedar Tech,48,"Injector Nozzle, Fuel Filter",49518,1
ML-5390,EQ-1128,B06,2025-11-14,Corrective Repair,Subedar Tech,12,"Injector Nozzle, Fuel Filter",42684,5
ML-5391,EQ-1129,B06,2026-06-07,Oil & Filter Overhaul,Naik Mech,8,"Tire Assembly, Hub Bearing",14206,1
ML-5392,EQ-1129,B06,2026-04-14,Routine Preventive,Naik Mech,48,"Starter Motor, Battery",16726,1
ML-5393,EQ-1130,B04,2026-05-24,Pre-Mission Inspection,Havildar Tech,24,"Injector Nozzle, Fuel Filter",42378,1
ML-5394,EQ-1130,B04,2026-02-20,Emergency Repair,Naik Mech,8,"Radiator Core, Coolant",53679,1
ML-5395,EQ-1130,B04,2025-11-14,Routine Preventive,Warrant Officer,6,"Alternator, Belt Drive",50255,1
ML-5396,EQ-1130,B04,2025-08-14,Corrective Repair,Sergeant,16,"Tire Assembly, Hub Bearing",55558,2
ML-5397,EQ-1131,B04,2026-05-14,Routine Preventive,Sergeant,6,"Radiator Core, Coolant",61286,1
ML-5398,EQ-1131,B04,2026-02-12,Pre-Mission Inspection,Naik Mech,24,"Tire Assembly, Hub Bearing",45812,1
ML-5399,EQ-1131,B04,2025-11-07,Routine Preventive,Havildar Tech,12,"Radiator Core, Coolant",48274,1
ML-5400,EQ-1131,B04,2025-08-12,Corrective Repair,Havildar Tech,4,"Injector Nozzle, Fuel Filter",58194,2
ML-5401,EQ-1132,B01,2026-06-23,Oil & Filter Overhaul,Havildar Tech,24,"Sensors, Wiring Harness",13106,1
ML-5402,EQ-1132,B01,2026-04-06,Oil & Filter Overhaul,Havildar Tech,4,"Brake Pads, Hydraulic Line",12452,1
ML-5403,EQ-1132,B01,2026-02-18,Corrective Repair,Sergeant,4,"Brake Pads, Hydraulic Line",17229,5
ML-5404,EQ-1132,B01,2025-12-20,Pre-Mission Inspection,Naik Mech,24,"Starter Motor, Battery",11952,1
ML-5405,EQ-1133,B04,2026-06-29,Oil & Filter Overhaul,Sergeant,12,"Sensors, Wiring Harness",31552,1
ML-5406,EQ-1133,B04,2026-05-18,Pre-Mission Inspection,Subedar Tech,6,"Sensors, Wiring Harness",27833,1
ML-5407,EQ-1133,B04,2026-03-30,Routine Preventive,Havildar Tech,12,"Sensors, Wiring Harness",33093,1
ML-5408,EQ-1133,B04,2026-02-15,Oil & Filter Overhaul,Havildar Tech,16,"Injector Nozzle, Fuel Filter",28264,1
ML-5409,EQ-1134,B02,2026-06-06,Oil & Filter Overhaul,Warrant Officer,24,"Brake Pads, Hydraulic Line",16935,1
ML-5410,EQ-1134,B02,2026-04-20,Pre-Mission Inspection,Subedar Tech,24,"Brake Pads, Hydraulic Line",13981,1
ML-5411,EQ-1134,B02,2026-02-23,Routine Preventive,Havildar Tech,16,"Sensors, Wiring Harness",15649,1
ML-5412,EQ-1135,B07,2026-05-06,Emergency Repair,Subedar Tech,4,"Starter Motor, Battery",55986,5
ML-5413,EQ-1135,B07,2026-02-20,Pre-Mission Inspection,Havildar Tech,4,"Tire Assembly, Hub Bearing",44289,1
ML-5414,EQ-1135,B07,2025-11-09,Pre-Mission Inspection,Warrant Officer,4,"Sensors, Wiring Harness",51338,1
ML-5415,EQ-1136,B06,2026-06-18,Oil & Filter Overhaul,Naik Mech,16,"Oil Filter, Gaskets",12830,1
ML-5416,EQ-1136,B06,2026-04-14,Pre-Mission Inspection,Naik Mech,48,"Tire Assembly, Hub Bearing",14861,1
ML-5417,EQ-1136,B06,2026-02-10,Corrective Repair,Subedar Tech,48,"Starter Motor, Battery",10933,2
ML-5418,EQ-1137,B05,2026-06-09,Emergency Repair,Sergeant,6,"Oil Filter, Gaskets",101377,7
ML-5419,EQ-1137,B05,2026-04-24,Corrective Repair,Sergeant,4,"Alternator, Belt Drive",84192,3
ML-5420,EQ-1137,B05,2026-02-23,Emergency Repair,Subedar Tech,4,"Brake Pads, Hydraulic Line",93986,3
ML-5421,EQ-1137,B05,2025-12-23,Corrective Repair,Warrant Officer,48,"Sensors, Wiring Harness",73141,7
ML-5422,EQ-1138,B08,2026-06-15,Routine Preventive,Subedar Tech,16,"Alternator, Belt Drive",12248,1
ML-5423,EQ-1138,B08,2026-04-13,Pre-Mission Inspection,Subedar Tech,48,"Oil Filter, Gaskets",16746,1
ML-5424,EQ-1138,B08,2026-02-17,Routine Preventive,Warrant Officer,12,"Injector Nozzle, Fuel Filter",11667,1
ML-5425,EQ-1138,B08,2025-12-10,Emergency Repair,Naik Mech,16,"Starter Motor, Battery",17229,7
ML-5426,EQ-1139,B01,2026-05-30,Corrective Repair,Subedar Tech,16,"Brake Pads, Hydraulic Line",30168,2
ML-5427,EQ-1139,B01,2026-03-26,Oil & Filter Overhaul,Warrant Officer,12,"Sensors, Wiring Harness",43213,1
ML-5428,EQ-1140,B05,2026-06-05,Corrective Repair,Warrant Officer,24,"Radiator Core, Coolant",94164,5
ML-5429,EQ-1140,B05,2026-04-10,Routine Preventive,Warrant Officer,6,"Starter Motor, Battery",78678,1
ML-5430,EQ-1140,B05,2026-02-24,Corrective Repair,Naik Mech,12,"Starter Motor, Battery",115514,1
ML-5431,EQ-1140,B05,2025-12-21,Oil & Filter Overhaul,Warrant Officer,12,"Tire Assembly, Hub Bearing",115592,1
ML-5432,EQ-1141,B07,2026-05-18,Pre-Mission Inspection,Warrant Officer,12,"Oil Filter, Gaskets",54493,1
ML-5433,EQ-1141,B07,2026-02-08,Oil & Filter Overhaul,Warrant Officer,4,"Starter Motor, Battery",61000,1
ML-5434,EQ-1142,B03,2026-06-19,Routine Preventive,Warrant Officer,4,"Brake Pads, Hydraulic Line",15563,1
ML-5435,EQ-1142,B03,2026-04-05,Pre-Mission Inspection,Sergeant,16,"Sensors, Wiring Harness",13120,1
ML-5436,EQ-1142,B03,2026-02-19,Corrective Repair,Subedar Tech,12,"Oil Filter, Gaskets",13228,7
ML-5437,EQ-1142,B03,2025-12-22,Routine Preventive,Warrant Officer,6,"Injector Nozzle, Fuel Filter",11739,1
ML-5438,EQ-1143,B02,2026-07-16,Routine Preventive,Naik Mech,16,"Starter Motor, Battery",73834,1
ML-5439,EQ-1143,B02,2026-06-20,Corrective Repair,Havildar Tech,8,"Oil Filter, Gaskets",54577,7
ML-5440,EQ-1143,B02,2026-05-06,Routine Preventive,Warrant Officer,4,"Oil Filter, Gaskets",62876,1
ML-5441,EQ-1143,B02,2026-04-20,Emergency Repair,Sergeant,8,"Injector Nozzle, Fuel Filter",58201,3
ML-5442,EQ-1144,B08,2026-06-08,Emergency Repair,Sergeant,12,"Alternator, Belt Drive",17411,3
ML-5443,EQ-1144,B08,2026-04-17,Corrective Repair,Sergeant,16,"Radiator Core, Coolant",14237,7
ML-5444,EQ-1144,B08,2026-02-09,Emergency Repair,Naik Mech,24,"Tire Assembly, Hub Bearing",14197,7
ML-5445,EQ-1144,B08,2025-12-19,Routine Preventive,Havildar Tech,6,"Oil Filter, Gaskets",15496,1
ML-5446,EQ-1145,B03,2026-07-14,Corrective Repair,Naik Mech,24,"Oil Filter, Gaskets",64340,3
ML-5447,EQ-1145,B03,2026-06-14,Routine Preventive,Naik Mech,12,"Tire Assembly, Hub Bearing",84149,1
ML-5448,EQ-1145,B03,2026-05-10,Emergency Repair,Warrant Officer,12,"Radiator Core, Coolant",57998,1
ML-5449,EQ-1145,B03,2026-04-09,Pre-Mission Inspection,Sergeant,24,"Radiator Core, Coolant",62907,1
ML-5450,EQ-1146,B01,2026-06-29,Routine Preventive,Warrant Officer,8,"Sensors, Wiring Harness",29769,1
ML-5451,EQ-1146,B01,2026-05-18,Corrective Repair,Sergeant,48,"Alternator, Belt Drive",25304,3
ML-5452,EQ-1146,B01,2026-04-05,Corrective Repair,Havildar Tech,48,"Oil Filter, Gaskets",21881,5
ML-5453,EQ-1146,B01,2026-02-08,Corrective Repair,Subedar Tech,12,"Injector Nozzle, Fuel Filter",20729,5
ML-5454,EQ-1147,B05,2026-07-06,Routine Preventive,Sergeant,24,"Alternator, Belt Drive",27271,1
ML-5455,EQ-1147,B05,2026-05-16,Corrective Repair,Naik Mech,6,"Radiator Core, Coolant",28832,3
ML-5456,EQ-1148,B02,2026-06-10,Routine Preventive,Havildar Tech,4,"Tire Assembly, Hub Bearing",10973,1
ML-5457,EQ-1148,B02,2026-04-13,Corrective Repair,Sergeant,12,"Sensors, Wiring Harness",10994,7
ML-5458,EQ-1148,B02,2026-02-04,Pre-Mission Inspection,Subedar Tech,24,"Tire Assembly, Hub Bearing",16373,1
ML-5459,EQ-1148,B02,2025-12-17,Emergency Repair,Sergeant,6,"Brake Pads, Hydraulic Line",12909,2
ML-5460,EQ-1149,B01,2026-06-22,Emergency Repair,Naik Mech,8,"Tire Assembly, Hub Bearing",94471,3
ML-5461,EQ-1149,B01,2026-04-14,Emergency Repair,Havildar Tech,6,"Brake Pads, Hydraulic Line",100507,3
ML-5462,EQ-1150,B04,2026-06-22,Routine Preventive,Sergeant,24,"Tire Assembly, Hub Bearing",15708,1
ML-5463,EQ-1150,B04,2026-04-06,Emergency Repair,Naik Mech,16,"Brake Pads, Hydraulic Line",13807,3
ML-5464,EQ-1150,B04,2026-02-12,Oil & Filter Overhaul,Warrant Officer,4,"Sensors, Wiring Harness",11103,1
ML-5465,EQ-1150,B04,2025-12-06,Corrective Repair,Sergeant,4,"Starter Motor, Battery",15163,1
ML-5466,EQ-1151,B05,2026-06-27,Routine Preventive,Subedar Tech,48,"Alternator, Belt Drive",31588,1
ML-5467,EQ-1151,B05,2026-05-08,Routine Preventive,Subedar Tech,4,"Radiator Core, Coolant",33176,1
ML-5468,EQ-1151,B05,2026-04-10,Oil & Filter Overhaul,Warrant Officer,24,"Sensors, Wiring Harness",23505,1
ML-5469,EQ-1151,B05,2026-02-12,Corrective Repair,Warrant Officer,16,"Starter Motor, Battery",25436,2
ML-5470,EQ-1152,B02,2026-05-06,Pre-Mission Inspection,Warrant Officer,16,"Sensors, Wiring Harness",45546,1
ML-5471,EQ-1152,B02,2026-02-12,Pre-Mission Inspection,Havildar Tech,6,"Sensors, Wiring Harness",50180,1
ML-5472,EQ-1152,B02,2025-11-08,Pre-Mission Inspection,Subedar Tech,24,"Starter Motor, Battery",53951,1
ML-5473,EQ-1153,B03,2026-06-24,Pre-Mission Inspection,Sergeant,24,"Brake Pads, Hydraulic Line",28724,1
ML-5474,EQ-1153,B03,2026-05-16,Emergency Repair,Warrant Officer,8,"Oil Filter, Gaskets",28492,7
ML-5475,EQ-1154,B07,2026-06-20,Corrective Repair,Sergeant,12,"Brake Pads, Hydraulic Line",20760,1
ML-5476,EQ-1154,B07,2026-05-17,Oil & Filter Overhaul,Subedar Tech,16,"Alternator, Belt Drive",23727,1
ML-5477,EQ-1154,B07,2026-04-10,Pre-Mission Inspection,Naik Mech,16,"Injector Nozzle, Fuel Filter",30186,1
ML-5478,EQ-1154,B07,2026-02-10,Corrective Repair,Warrant Officer,6,"Alternator, Belt Drive",25280,2
ML-5479,EQ-1155,B06,2026-06-19,Emergency Repair,Sergeant,12,"Alternator, Belt Drive",93942,2
ML-5480,EQ-1155,B06,2026-04-13,Oil & Filter Overhaul,Naik Mech,12,"Tire Assembly, Hub Bearing",104204,1
ML-5481,EQ-1156,B04,2026-05-07,Pre-Mission Inspection,Naik Mech,48,"Starter Motor, Battery",51126,1
ML-5482,EQ-1156,B04,2026-02-08,Oil & Filter Overhaul,Sergeant,24,"Injector Nozzle, Fuel Filter",49707,1
ML-5483,EQ-1156,B04,2025-11-26,Routine Preventive,Warrant Officer,48,"Brake Pads, Hydraulic Line",58561,1
ML-5484,EQ-1156,B04,2025-08-25,Oil & Filter Overhaul,Naik Mech,24,"Tire Assembly, Hub Bearing",54666,1
ML-5485,EQ-1157,B05,2026-06-16,Emergency Repair,Subedar Tech,24,"Brake Pads, Hydraulic Line",12650,5
ML-5486,EQ-1157,B05,2026-04-15,Oil & Filter Overhaul,Havildar Tech,48,"Brake Pads, Hydraulic Line",12394,1
ML-5487,EQ-1158,B03,2026-05-17,Corrective Repair,Havildar Tech,4,"Tire Assembly, Hub Bearing",61319,1
ML-5488,EQ-1158,B03,2026-02-12,Emergency Repair,Sergeant,24,"Radiator Core, Coolant",47833,1
ML-5489,EQ-1158,B03,2025-11-10,Emergency Repair,Warrant Officer,48,"Tire Assembly, Hub Bearing",59480,5
ML-5490,EQ-1158,B03,2025-08-26,Emergency Repair,Havildar Tech,4,"Sensors, Wiring Harness",55059,7
ML-5491,EQ-1159,B04,2026-06-06,Routine Preventive,Warrant Officer,8,"Tire Assembly, Hub Bearing",40692,1
ML-5492,EQ-1159,B04,2026-03-20,Pre-Mission Inspection,Naik Mech,6,"Oil Filter, Gaskets",31516,1
ML-5493,EQ-1159,B04,2025-12-26,Emergency Repair,Sergeant,48,"Alternator, Belt Drive",36169,5
ML-5494,EQ-1160,B08,2026-06-24,Corrective Repair,Naik Mech,16,"Oil Filter, Gaskets",13864,1
ML-5495,EQ-1160,B08,2026-04-20,Emergency Repair,Sergeant,8,"Brake Pads, Hydraulic Line",14974,2
ML-5496,EQ-1160,B08,2026-02-06,Routine Preventive,Warrant Officer,48,"Brake Pads, Hydraulic Line",11064,1
ML-5497,EQ-1160,B08,2025-12-07,Corrective Repair,Warrant Officer,6,"Brake Pads, Hydraulic Line",16119,3
ML-5498,EQ-1161,B06,2026-05-26,Corrective Repair,Havildar Tech,16,"Oil Filter, Gaskets",33456,7
ML-5499,EQ-1161,B06,2026-03-14,Routine Preventive,Havildar Tech,4,"Tire Assembly, Hub Bearing",43442,1
ML-5500,EQ-1162,B01,2026-05-20,Emergency Repair,Havildar Tech,8,"Radiator Core, Coolant",44355,7
ML-5501,EQ-1162,B01,2026-03-19,Pre-Mission Inspection,Subedar Tech,16,"Brake Pads, Hydraulic Line",32488,1
ML-5502,EQ-1163,B07,2026-05-30,Routine Preventive,Havildar Tech,48,"Tire Assembly, Hub Bearing",40434,1
ML-5503,EQ-1163,B07,2026-03-25,Routine Preventive,Warrant Officer,6,"Injector Nozzle, Fuel Filter",46194,1
ML-5504,EQ-1163,B07,2025-12-25,Pre-Mission Inspection,Sergeant,6,"Tire Assembly, Hub Bearing",31070,1
ML-5505,EQ-1164,B02,2026-06-04,Oil & Filter Overhaul,Naik Mech,8,"Starter Motor, Battery",13090,1
ML-5506,EQ-1164,B02,2026-04-24,Corrective Repair,Havildar Tech,4,"Alternator, Belt Drive",15383,5
ML-5507,EQ-1165,B03,2026-06-17,Pre-Mission Inspection,Naik Mech,12,"Starter Motor, Battery",12328,1
ML-5508,EQ-1165,B03,2026-04-07,Routine Preventive,Warrant Officer,12,"Oil Filter, Gaskets",16800,1
ML-5509,EQ-1165,B03,2026-02-08,Emergency Repair,Havildar Tech,16,"Sensors, Wiring Harness",10856,5
ML-5510,EQ-1165,B03,2025-12-11,Emergency Repair,Naik Mech,16,"Oil Filter, Gaskets",12278,2
ML-5511,EQ-1166,B03,2026-06-14,Oil & Filter Overhaul,Sergeant,8,"Sensors, Wiring Harness",14275,1
ML-5512,EQ-1166,B03,2026-04-08,Pre-Mission Inspection,Subedar Tech,6,"Brake Pads, Hydraulic Line",14579,1
ML-5513,EQ-1166,B03,2026-02-23,Routine Preventive,Havildar Tech,24,"Radiator Core, Coolant",14163,1
ML-5514,EQ-1166,B03,2025-12-14,Oil & Filter Overhaul,Subedar Tech,16,"Oil Filter, Gaskets",13138,1
ML-5515,EQ-1167,B01,2026-07-07,Pre-Mission Inspection,Sergeant,12,"Tire Assembly, Hub Bearing",25321,1
ML-5516,EQ-1167,B01,2026-05-22,Emergency Repair,Sergeant,16,"Alternator, Belt Drive",26606,3
ML-5517,EQ-1168,B06,2026-05-23,Emergency Repair,Warrant Officer,12,"Radiator Core, Coolant",46323,1
ML-5518,EQ-1168,B06,2026-03-17,Pre-Mission Inspection,Subedar Tech,4,"Starter Motor, Battery",32435,1
ML-5519,EQ-1168,B06,2025-12-28,Emergency Repair,Sergeant,24,"Radiator Core, Coolant",39721,7
ML-5520,EQ-1168,B06,2025-10-10,Oil & Filter Overhaul,Naik Mech,8,"Injector Nozzle, Fuel Filter",37226,1
ML-5521,EQ-1169,B06,2026-06-14,Oil & Filter Overhaul,Naik Mech,12,"Alternator, Belt Drive",14574,1
ML-5522,EQ-1169,B06,2026-04-19,Oil & Filter Overhaul,Naik Mech,4,"Radiator Core, Coolant",14492,1
ML-5523,EQ-1170,B03,2026-06-25,Routine Preventive,Naik Mech,4,"Tire Assembly, Hub Bearing",24870,1
ML-5524,EQ-1170,B03,2026-05-08,Pre-Mission Inspection,Naik Mech,4,"Sensors, Wiring Harness",21942,1
ML-5525,EQ-1170,B03,2026-03-27,Pre-Mission Inspection,Naik Mech,8,"Oil Filter, Gaskets",25117,1
ML-5526,EQ-1170,B03,2026-02-06,Corrective Repair,Havildar Tech,48,"Alternator, Belt Drive",27348,1
ML-5527,EQ-1171,B04,2026-05-11,Emergency Repair,Warrant Officer,4,"Starter Motor, Battery",63881,5
ML-5528,EQ-1171,B04,2026-02-15,Emergency Repair,Naik Mech,24,"Sensors, Wiring Harness",45124,7
ML-5529,EQ-1171,B04,2025-11-07,Emergency Repair,Sergeant,6,"Alternator, Belt Drive",43072,3
ML-5530,EQ-1172,B01,2026-05-31,Corrective Repair,Havildar Tech,24,"Tire Assembly, Hub Bearing",38139,1
ML-5531,EQ-1172,B01,2026-03-22,Routine Preventive,Subedar Tech,24,"Tire Assembly, Hub Bearing",33812,1
ML-5532,EQ-1172,B01,2025-12-28,Routine Preventive,Havildar Tech,24,"Starter Motor, Battery",32254,1
ML-5533,EQ-1172,B01,2025-10-19,Pre-Mission Inspection,Warrant Officer,4,"Radiator Core, Coolant",38120,1
ML-5534,EQ-1173,B04,2026-06-23,Pre-Mission Inspection,Naik Mech,16,"Brake Pads, Hydraulic Line",85800,1
ML-5535,EQ-1173,B04,2026-04-05,Pre-Mission Inspection,Subedar Tech,4,"Injector Nozzle, Fuel Filter",80816,1
ML-5536,EQ-1173,B04,2026-02-14,Oil & Filter Overhaul,Subedar Tech,24,"Alternator, Belt Drive",110903,1
ML-5537,EQ-1174,B01,2026-06-22,Emergency Repair,Warrant Officer,48,"Brake Pads, Hydraulic Line",29669,1
ML-5538,EQ-1174,B01,2026-05-22,Oil & Filter Overhaul,Subedar Tech,4,"Tire Assembly, Hub Bearing",31208,1
ML-5539,EQ-1174,B01,2026-03-30,Corrective Repair,Subedar Tech,12,"Radiator Core, Coolant",22234,1
ML-5540,EQ-1174,B01,2026-02-21,Corrective Repair,Subedar Tech,48,"Injector Nozzle, Fuel Filter",23335,2
ML-5541,EQ-1175,B02,2026-06-03,Oil & Filter Overhaul,Havildar Tech,6,"Injector Nozzle, Fuel Filter",39888,1
ML-5542,EQ-1175,B02,2026-03-24,Pre-Mission Inspection,Subedar Tech,24,"Alternator, Belt Drive",31621,1
ML-5543,EQ-1175,B02,2025-12-30,Pre-Mission Inspection,Sergeant,16,"Starter Motor, Battery",31902,1
ML-5544,EQ-1175,B02,2025-10-25,Pre-Mission Inspection,Naik Mech,16,"Oil Filter, Gaskets",30753,1
ML-5545,EQ-1176,B05,2026-06-06,Emergency Repair,Havildar Tech,8,"Brake Pads, Hydraulic Line",43138,7
ML-5546,EQ-1176,B05,2026-03-22,Pre-Mission Inspection,Havildar Tech,8,"Alternator, Belt Drive",38171,1
ML-5547,EQ-1176,B05,2026-01-08,Oil & Filter Overhaul,Warrant Officer,4,"Sensors, Wiring Harness",35035,1
ML-5548,EQ-1177,B04,2026-06-12,Routine Preventive,Subedar Tech,4,"Injector Nozzle, Fuel Filter",15403,1
ML-5549,EQ-1177,B04,2026-04-19,Routine Preventive,Naik Mech,16,"Sensors, Wiring Harness",12953,1
ML-5550,EQ-1177,B04,2026-02-11,Emergency Repair,Subedar Tech,8,"Alternator, Belt Drive",15610,5
ML-5551,EQ-1178,B05,2026-06-07,Emergency Repair,Naik Mech,16,"Tire Assembly, Hub Bearing",41262,3
ML-5552,EQ-1178,B05,2026-03-11,Pre-Mission Inspection,Sergeant,8,"Radiator Core, Coolant",38067,1
ML-5553,EQ-1179,B01,2026-07-07,Emergency Repair,Sergeant,16,"Tire Assembly, Hub Bearing",76071,2
ML-5554,EQ-1179,B01,2026-06-08,Pre-Mission Inspection,Warrant Officer,8,"Tire Assembly, Hub Bearing",54600,1
ML-5555,EQ-1179,B01,2026-05-06,Oil & Filter Overhaul,Havildar Tech,48,"Alternator, Belt Drive",75768,1
ML-5556,EQ-1179,B01,2026-04-25,Oil & Filter Overhaul,Sergeant,6,"Radiator Core, Coolant",72834,1
ML-5557,EQ-1180,B01,2026-05-26,Oil & Filter Overhaul,Havildar Tech,12,"Sensors, Wiring Harness",41200,1
ML-5558,EQ-1180,B01,2026-03-11,Pre-Mission Inspection,Warrant Officer,8,"Sensors, Wiring Harness",39895,1
ML-5559,EQ-1181,B02,2026-06-18,Pre-Mission Inspection,Warrant Officer,4,"Alternator, Belt Drive",12600,1
ML-5560,EQ-1181,B02,2026-04-18,Pre-Mission Inspection,Subedar Tech,4,"Brake Pads, Hydraulic Line",14918,1
ML-5561,EQ-1181,B02,2026-02-16,Emergency Repair,Naik Mech,48,"Tire Assembly, Hub Bearing",11087,3
ML-5562,EQ-1181,B02,2025-12-24,Emergency Repair,Sergeant,8,"Alternator, Belt Drive",15104,3
ML-5563,EQ-1182,B02,2026-05-21,Emergency Repair,Warrant Officer,24,"Alternator, Belt Drive",47145,3
ML-5564,EQ-1182,B02,2026-02-22,Oil & Filter Overhaul,Subedar Tech,48,"Sensors, Wiring Harness",57535,1
ML-5565,EQ-1182,B02,2025-11-06,Emergency Repair,Naik Mech,24,"Starter Motor, Battery",45039,1
ML-5566,EQ-1183,B01,2026-06-22,Emergency Repair,Subedar Tech,8,"Brake Pads, Hydraulic Line",12783,1
ML-5567,EQ-1183,B01,2026-04-13,Corrective Repair,Havildar Tech,24,"Injector Nozzle, Fuel Filter",17109,7
ML-5568,EQ-1184,B05,2026-06-01,Emergency Repair,Sergeant,8,"Oil Filter, Gaskets",37118,3
ML-5569,EQ-1184,B05,2026-03-23,Corrective Repair,Subedar Tech,12,"Tire Assembly, Hub Bearing",34818,2
ML-5570,EQ-1185,B03,2026-06-27,Oil & Filter Overhaul,Havildar Tech,12,"Alternator, Belt Drive",20503,1
ML-5571,EQ-1185,B03,2026-05-18,Emergency Repair,Subedar Tech,48,"Injector Nozzle, Fuel Filter",24325,5
ML-5572,EQ-1185,B03,2026-04-09,Emergency Repair,Warrant Officer,4,"Tire Assembly, Hub Bearing",24017,3
ML-5573,EQ-1186,B05,2026-05-28,Pre-Mission Inspection,Havildar Tech,8,"Radiator Core, Coolant",32641,1
ML-5574,EQ-1186,B05,2026-03-23,Pre-Mission Inspection,Warrant Officer,16,"Injector Nozzle, Fuel Filter",31851,1
ML-5575,EQ-1187,B06,2026-06-10,Routine Preventive,Warrant Officer,24,"Injector Nozzle, Fuel Filter",11988,1
ML-5576,EQ-1187,B06,2026-04-06,Routine Preventive,Subedar Tech,8,"Injector Nozzle, Fuel Filter",13573,1
ML-5577,EQ-1188,B01,2026-07-04,Oil & Filter Overhaul,Subedar Tech,6,"Oil Filter, Gaskets",25792,1
ML-5578,EQ-1188,B01,2026-05-18,Pre-Mission Inspection,Warrant Officer,6,"Radiator Core, Coolant",28553,1
ML-5579,EQ-1188,B01,2026-04-08,Emergency Repair,Naik Mech,6,"Radiator Core, Coolant",20536,5
ML-5580,EQ-1189,B05,2026-07-15,Corrective Repair,Sergeant,24,"Radiator Core, Coolant",86033,1
ML-5581,EQ-1189,B05,2026-06-06,Oil & Filter Overhaul,Warrant Officer,6,"Tire Assembly, Hub Bearing",58816,1
ML-5582,EQ-1189,B05,2026-05-21,Corrective Repair,Subedar Tech,24,"Sensors, Wiring Harness",55756,1
ML-5583,EQ-1190,B02,2026-05-23,Routine Preventive,Naik Mech,24,"Tire Assembly, Hub Bearing",44851,1
ML-5584,EQ-1190,B02,2026-03-22,Emergency Repair,Subedar Tech,6,"Oil Filter, Gaskets",29920,2
ML-5585,EQ-1191,B05,2026-05-07,Emergency Repair,Havildar Tech,4,"Injector Nozzle, Fuel Filter",67147,2
ML-5586,EQ-1191,B05,2026-02-09,Oil & Filter Overhaul,Havildar Tech,8,"Oil Filter, Gaskets",58670,1
ML-5587,EQ-1192,B03,2026-07-08,Routine Preventive,Havildar Tech,8,"Radiator Core, Coolant",30980,1
ML-5588,EQ-1192,B03,2026-05-08,Emergency Repair,Subedar Tech,12,"Brake Pads, Hydraulic Line",32965,2
ML-5589,EQ-1193,B02,2026-07-21,Emergency Repair,Warrant Officer,16,"Starter Motor, Battery",81073,5
ML-5590,EQ-1193,B02,2026-06-09,Routine Preventive,Warrant Officer,16,"Sensors, Wiring Harness",61855,1
ML-5591,EQ-1193,B02,2026-05-14,Routine Preventive,Havildar Tech,12,"Sensors, Wiring Harness",73632,1
ML-5592,EQ-1194,B04,2026-05-31,Routine Preventive,Sergeant,16,"Brake Pads, Hydraulic Line",39531,1
ML-5593,EQ-1194,B04,2026-03-23,Emergency Repair,Sergeant,12,"Brake Pads, Hydraulic Line",38449,3
ML-5594,EQ-1194,B04,2025-12-30,Routine Preventive,Warrant Officer,4,"Oil Filter, Gaskets",33665,1
ML-5595,EQ-1195,B01,2026-06-16,Pre-Mission Inspection,Havildar Tech,4,"Sensors, Wiring Harness",16617,1
ML-5596,EQ-1195,B01,2026-04-25,Emergency Repair,Warrant Officer,4,"Injector Nozzle, Fuel Filter",13340,5
ML-5597,EQ-1195,B01,2026-02-05,Emergency Repair,Subedar Tech,8,"Radiator Core, Coolant",15615,1
ML-5598,EQ-1195,B01,2025-12-22,Routine Preventive,Naik Mech,6,"Brake Pads, Hydraulic Line",11553,1
ML-5599,EQ-1196,B07,2026-06-18,Routine Preventive,Subedar Tech,48,"Sensors, Wiring Harness",12651,1
ML-5600,EQ-1196,B07,2026-04-25,Emergency Repair,Warrant Officer,48,"Sensors, Wiring Harness",11330,7
ML-5601,EQ-1197,B04,2026-07-06,Emergency Repair,Warrant Officer,24,"Radiator Core, Coolant",26931,1
ML-5602,EQ-1197,B04,2026-05-20,Oil & Filter Overhaul,Warrant Officer,6,"Tire Assembly, Hub Bearing",24201,1
ML-5603,EQ-1197,B04,2026-04-03,Pre-Mission Inspection,Warrant Officer,16,"Radiator Core, Coolant",27100,1
ML-5604,EQ-1198,B01,2026-06-15,Routine Preventive,Subedar Tech,16,"Oil Filter, Gaskets",12238,1
ML-5605,EQ-1198,B01,2026-04-17,Pre-Mission Inspection,Havildar Tech,6,"Injector Nozzle, Fuel Filter",13079,1
ML-5606,EQ-1198,B01,2026-02-22,Routine Preventive,Sergeant,4,"Starter Motor, Battery",12946,1
ML-5607,EQ-1199,B02,2026-06-05,Pre-Mission Inspection,Havildar Tech,48,"Brake Pads, Hydraulic Line",14816,1
ML-5608,EQ-1199,B02,2026-04-09,Corrective Repair,Subedar Tech,24,"Brake Pads, Hydraulic Line",11349,2
ML-5609,EQ-1200,B05,2026-06-26,Corrective Repair,Sergeant,24,"Starter Motor, Battery",25160,5
ML-5610,EQ-1200,B05,2026-05-18,Emergency Repair,Warrant Officer,12,"Sensors, Wiring Harness",22221,7
ML-5611,EQ-1200,B05,2026-03-30,Routine Preventive,Sergeant,12,"Injector Nozzle, Fuel Filter",32857,1
ML-5612,EQ-1201,B08,2026-06-07,Oil & Filter Overhaul,Havildar Tech,24,"Radiator Core, Coolant",16630,1
ML-5613,EQ-1201,B08,2026-04-17,Emergency Repair,Warrant Officer,16,"Injector Nozzle, Fuel Filter",16813,2
ML-5614,EQ-1201,B08,2026-02-07,Oil & Filter Overhaul,Warrant Officer,16,"Tire Assembly, Hub Bearing",14917,1
ML-5615,EQ-1201,B08,2025-12-20,Pre-Mission Inspection,Subedar Tech,4,"Oil Filter, Gaskets",16681,1
ML-5616,EQ-1202,B03,2026-06-23,Emergency Repair,Subedar Tech,4,"Brake Pads, Hydraulic Line",25079,7
ML-5617,EQ-1202,B03,2026-05-25,Oil & Filter Overhaul,Subedar Tech,6,"Starter Motor, Battery",26381,1
ML-5618,EQ-1202,B03,2026-04-01,Emergency Repair,Sergeant,48,"Injector Nozzle, Fuel Filter",29203,2
ML-5619,EQ-1202,B03,2026-02-21,Oil & Filter Overhaul,Warrant Officer,16,"Starter Motor, Battery",24727,1
ML-5620,EQ-1203,B01,2026-06-26,Emergency Repair,Warrant Officer,6,"Injector Nozzle, Fuel Filter",31274,2
ML-5621,EQ-1203,B01,2026-05-09,Emergency Repair,Warrant Officer,4,"Starter Motor, Battery",31795,1
ML-5622,EQ-1203,B01,2026-04-05,Pre-Mission Inspection,Warrant Officer,8,"Brake Pads, Hydraulic Line",32861,1
ML-5623,EQ-1204,B01,2026-05-08,Emergency Repair,Warrant Officer,48,"Oil Filter, Gaskets",50004,7
ML-5624,EQ-1204,B01,2026-02-15,Emergency Repair,Sergeant,8,"Sensors, Wiring Harness",55736,2
ML-5625,EQ-1205,B06,2026-07-09,Pre-Mission Inspection,Havildar Tech,48,"Alternator, Belt Drive",27950,1
ML-5626,EQ-1205,B06,2026-05-05,Pre-Mission Inspection,Sergeant,6,"Oil Filter, Gaskets",27783,1
ML-5627,EQ-1206,B02,2026-05-15,Routine Preventive,Sergeant,4,"Brake Pads, Hydraulic Line",50885,1
ML-5628,EQ-1206,B02,2026-02-19,Routine Preventive,Naik Mech,6,"Alternator, Belt Drive",48333,1
ML-5629,EQ-1206,B02,2025-11-17,Routine Preventive,Sergeant,24,"Injector Nozzle, Fuel Filter",65937,1
ML-5630,EQ-1206,B02,2025-08-18,Oil & Filter Overhaul,Warrant Officer,24,"Oil Filter, Gaskets",45590,1
ML-5631,EQ-1207,B01,2026-06-09,Routine Preventive,Subedar Tech,24,"Starter Motor, Battery",10823,1
ML-5632,EQ-1207,B01,2026-04-08,Corrective Repair,Sergeant,24,"Brake Pads, Hydraulic Line",17248,2
ML-5633,EQ-1208,B02,2026-05-05,Emergency Repair,Subedar Tech,4,"Oil Filter, Gaskets",66462,7
ML-5634,EQ-1208,B02,2026-02-16,Corrective Repair,Sergeant,12,"Radiator Core, Coolant",62962,7
ML-5635,EQ-1208,B02,2025-11-17,Oil & Filter Overhaul,Havildar Tech,24,"Brake Pads, Hydraulic Line",42000,1
ML-5636,EQ-1209,B03,2026-06-20,Routine Preventive,Havildar Tech,4,"Tire Assembly, Hub Bearing",15069,1
ML-5637,EQ-1209,B03,2026-04-20,Emergency Repair,Sergeant,24,"Tire Assembly, Hub Bearing",13465,1
ML-5638,EQ-1209,B03,2026-02-04,Emergency Repair,Havildar Tech,16,"Oil Filter, Gaskets",15102,3
ML-5639,EQ-1209,B03,2025-12-14,Corrective Repair,Havildar Tech,8,"Sensors, Wiring Harness",16313,1
ML-5640,EQ-1210,B03,2026-05-20,Pre-Mission Inspection,Sergeant,48,"Alternator, Belt Drive",36306,1
ML-5641,EQ-1210,B03,2026-03-11,Routine Preventive,Sergeant,6,"Injector Nozzle, Fuel Filter",32087,1
ML-5642,EQ-1211,B01,2026-06-11,Routine Preventive,Sergeant,12,"Alternator, Belt Drive",16429,1
ML-5643,EQ-1211,B01,2026-04-11,Corrective Repair,Havildar Tech,16,"Oil Filter, Gaskets",14032,3
ML-5644,EQ-1211,B01,2026-02-11,Emergency Repair,Naik Mech,8,"Oil Filter, Gaskets",14285,3
ML-5645,EQ-1212,B01,2026-06-24,Oil & Filter Overhaul,Sergeant,8,"Oil Filter, Gaskets",23546,1
ML-5646,EQ-1212,B01,2026-05-18,Routine Preventive,Warrant Officer,48,"Tire Assembly, Hub Bearing",32854,1
ML-5647,EQ-1213,B04,2026-06-05,Emergency Repair,Warrant Officer,16,"Oil Filter, Gaskets",16038,5
ML-5648,EQ-1213,B04,2026-04-12,Oil & Filter Overhaul,Havildar Tech,16,"Brake Pads, Hydraulic Line",16674,1
ML-5649,EQ-1214,B03,2026-05-09,Oil & Filter Overhaul,Sergeant,48,"Radiator Core, Coolant",66137,1
ML-5650,EQ-1214,B03,2026-02-07,Oil & Filter Overhaul,Sergeant,6,"Tire Assembly, Hub Bearing",61273,1
ML-5651,EQ-1214,B03,2025-11-16,Routine Preventive,Naik Mech,4,"Injector Nozzle, Fuel Filter",48484,1
ML-5652,EQ-1215,B04,2026-06-15,Emergency Repair,Havildar Tech,6,"Brake Pads, Hydraulic Line",91824,5
ML-5653,EQ-1215,B04,2026-04-18,Corrective Repair,Warrant Officer,24,"Starter Motor, Battery",115257,7
ML-5654,EQ-1215,B04,2026-02-18,Emergency Repair,Naik Mech,24,"Radiator Core, Coolant",83424,5
ML-5655,EQ-1215,B04,2025-12-21,Routine Preventive,Havildar Tech,4,"Radiator Core, Coolant",110869,1
ML-5656,EQ-1216,B03,2026-06-19,Corrective Repair,Subedar Tech,4,"Radiator Core, Coolant",30793,5
ML-5657,EQ-1216,B03,2026-05-18,Pre-Mission Inspection,Sergeant,8,"Injector Nozzle, Fuel Filter",25279,1
ML-5658,EQ-1216,B03,2026-03-28,Corrective Repair,Naik Mech,4,"Brake Pads, Hydraulic Line",31994,2
ML-5659,EQ-1217,B02,2026-05-19,Pre-Mission Inspection,Havildar Tech,48,"Tire Assembly, Hub Bearing",60000,1
ML-5660,EQ-1217,B02,2026-02-19,Emergency Repair,Sergeant,48,"Radiator Core, Coolant",54227,5
ML-5661,EQ-1217,B02,2025-11-21,Emergency Repair,Warrant Officer,8,"Tire Assembly, Hub Bearing",49296,3
ML-5662,EQ-1218,B04,2026-06-25,Emergency Repair,Warrant Officer,8,"Sensors, Wiring Harness",27161,5
ML-5663,EQ-1218,B04,2026-05-12,Oil & Filter Overhaul,Warrant Officer,12,"Radiator Core, Coolant",25251,1
ML-5664,EQ-1219,B01,2026-05-16,Corrective Repair,Sergeant,48,"Alternator, Belt Drive",60473,2
ML-5665,EQ-1219,B01,2026-02-07,Oil & Filter Overhaul,Subedar Tech,4,"Alternator, Belt Drive",64886,1
ML-5666,EQ-1219,B01,2025-11-14,Emergency Repair,Sergeant,48,"Oil Filter, Gaskets",65769,2
ML-5667,EQ-1220,B07,2026-06-24,Oil & Filter Overhaul,Naik Mech,24,"Radiator Core, Coolant",14061,1
ML-5668,EQ-1220,B07,2026-04-12,Pre-Mission Inspection,Subedar Tech,48,"Sensors, Wiring Harness",13551,1
ML-5669,EQ-1220,B07,2026-02-14,Corrective Repair,Naik Mech,16,"Oil Filter, Gaskets",14660,3
ML-5670,EQ-1221,B04,2026-07-05,Routine Preventive,Warrant Officer,6,"Starter Motor, Battery",69361,1
ML-5671,EQ-1221,B04,2026-06-15,Emergency Repair,Havildar Tech,8,"Brake Pads, Hydraulic Line",59720,3
ML-5672,EQ-1221,B04,2026-05-09,Emergency Repair,Naik Mech,8,"Sensors, Wiring Harness",53076,1
ML-5673,EQ-1221,B04,2026-04-21,Emergency Repair,Naik Mech,12,"Brake Pads, Hydraulic Line",70993,2
ML-5674,EQ-1222,B07,2026-06-09,Routine Preventive,Subedar Tech,16,"Oil Filter, Gaskets",13788,1
ML-5675,EQ-1222,B07,2026-04-05,Oil & Filter Overhaul,Warrant Officer,12,"Radiator Core, Coolant",16681,1
ML-5676,EQ-1222,B07,2026-02-05,Emergency Repair,Naik Mech,48,"Injector Nozzle, Fuel Filter",16286,2
ML-5677,EQ-1222,B07,2025-12-07,Corrective Repair,Sergeant,12,"Sensors, Wiring Harness",15666,1
ML-5678,EQ-1223,B03,2026-05-30,Corrective Repair,Sergeant,6,"Alternator, Belt Drive",36568,1
ML-5679,EQ-1223,B03,2026-03-12,Emergency Repair,Subedar Tech,24,"Tire Assembly, Hub Bearing",29399,5
ML-5680,EQ-1223,B03,2026-01-04,Routine Preventive,Naik Mech,4,"Alternator, Belt Drive",36317,1
ML-5681,EQ-1223,B03,2025-10-17,Emergency Repair,Havildar Tech,12,"Tire Assembly, Hub Bearing",41434,1
ML-5682,EQ-1224,B04,2026-06-18,Emergency Repair,Subedar Tech,4,"Brake Pads, Hydraulic Line",13664,5
ML-5683,EQ-1224,B04,2026-04-24,Corrective Repair,Naik Mech,4,"Sensors, Wiring Harness",14737,3
ML-5684,EQ-1224,B04,2026-02-17,Routine Preventive,Havildar Tech,4,"Sensors, Wiring Harness",11999,1
ML-5685,EQ-1224,B04,2025-12-16,Corrective Repair,Havildar Tech,24,"Brake Pads, Hydraulic Line",16266,2
ML-5686,EQ-1225,B05,2026-06-22,Routine Preventive,Havildar Tech,8,"Radiator Core, Coolant",15148,1
ML-5687,EQ-1225,B05,2026-04-19,Routine Preventive,Sergeant,48,"Tire Assembly, Hub Bearing",13451,1
ML-5688,EQ-1226,B06,2026-06-07,Emergency Repair,Sergeant,16,"Tire Assembly, Hub Bearing",35166,2
ML-5689,EQ-1226,B06,2026-03-10,Routine Preventive,Sergeant,4,"Starter Motor, Battery",39885,1
ML-5690,EQ-1226,B06,2026-01-07,Corrective Repair,Sergeant,24,"Sensors, Wiring Harness",34675,1
ML-5691,EQ-1227,B01,2026-05-16,Oil & Filter Overhaul,Naik Mech,6,"Radiator Core, Coolant",60614,1
ML-5692,EQ-1227,B01,2026-02-18,Corrective Repair,Sergeant,24,"Starter Motor, Battery",55037,5
ML-5693,EQ-1227,B01,2025-11-10,Routine Preventive,Warrant Officer,12,"Oil Filter, Gaskets",49291,1
ML-5694,EQ-1227,B01,2025-08-26,Corrective Repair,Naik Mech,4,"Injector Nozzle, Fuel Filter",65976,1
ML-5695,EQ-1228,B01,2026-06-24,Corrective Repair,Warrant Officer,16,"Sensors, Wiring Harness",26226,1
ML-5696,EQ-1228,B01,2026-05-13,Pre-Mission Inspection,Sergeant,4,"Alternator, Belt Drive",26041,1
ML-5697,EQ-1229,B01,2026-07-12,Emergency Repair,Havildar Tech,24,"Brake Pads, Hydraulic Line",69393,1
ML-5698,EQ-1229,B01,2026-06-12,Emergency Repair,Subedar Tech,6,"Starter Motor, Battery",84485,3
ML-5699,EQ-1229,B01,2026-05-09,Routine Preventive,Warrant Officer,24,"Radiator Core, Coolant",76881,1
ML-5700,EQ-1230,B07,2026-07-22,Corrective Repair,Warrant Officer,6,"Sensors, Wiring Harness",70382,3
ML-5701,EQ-1230,B07,2026-06-15,Pre-Mission Inspection,Subedar Tech,16,"Sensors, Wiring Harness",69772,1
ML-5702,EQ-1230,B07,2026-05-12,Routine Preventive,Sergeant,24,"Brake Pads, Hydraulic Line",78358,1
ML-5703,EQ-1230,B07,2026-04-14,Emergency Repair,Subedar Tech,8,"Starter Motor, Battery",80465,1
ML-5704,EQ-1231,B08,2026-06-16,Emergency Repair,Sergeant,48,"Sensors, Wiring Harness",118202,1
ML-5705,EQ-1231,B08,2026-04-05,Emergency Repair,Havildar Tech,8,"Brake Pads, Hydraulic Line",80016,3
ML-5706,EQ-1232,B01,2026-06-11,Oil & Filter Overhaul,Naik Mech,24,"Radiator Core, Coolant",12938,1
ML-5707,EQ-1232,B01,2026-04-14,Oil & Filter Overhaul,Subedar Tech,12,"Oil Filter, Gaskets",15197,1
ML-5708,EQ-1232,B01,2026-02-21,Corrective Repair,Havildar Tech,48,"Sensors, Wiring Harness",10646,7
ML-5709,EQ-1232,B01,2025-12-23,Oil & Filter Overhaul,Warrant Officer,8,"Starter Motor, Battery",16599,1
ML-5710,EQ-1233,B04,2026-07-06,Corrective Repair,Sergeant,8,"Starter Motor, Battery",30092,7
ML-5711,EQ-1233,B04,2026-05-09,Oil & Filter Overhaul,Sergeant,12,"Brake Pads, Hydraulic Line",20819,1
ML-5712,EQ-1233,B04,2026-03-27,Emergency Repair,Sergeant,12,"Brake Pads, Hydraulic Line",22618,2
ML-5713,EQ-1234,B02,2026-06-22,Pre-Mission Inspection,Sergeant,8,"Starter Motor, Battery",16094,1
ML-5714,EQ-1234,B02,2026-04-23,Pre-Mission Inspection,Warrant Officer,12,"Sensors, Wiring Harness",15052,1
ML-5715,EQ-1234,B02,2026-02-17,Routine Preventive,Havildar Tech,4,"Alternator, Belt Drive",12161,1
ML-5716,EQ-1235,B01,2026-07-06,Pre-Mission Inspection,Warrant Officer,12,"Oil Filter, Gaskets",60275,1
ML-5717,EQ-1235,B01,2026-06-14,Emergency Repair,Warrant Officer,8,"Starter Motor, Battery",57634,2
ML-5718,EQ-1235,B01,2026-05-06,Pre-Mission Inspection,Subedar Tech,24,"Oil Filter, Gaskets",62363,1
ML-5719,EQ-1235,B01,2026-04-16,Oil & Filter Overhaul,Sergeant,24,"Brake Pads, Hydraulic Line",69831,1
ML-5720,EQ-1236,B03,2026-06-19,Oil & Filter Overhaul,Warrant Officer,16,"Sensors, Wiring Harness",118582,1
ML-5721,EQ-1236,B03,2026-04-10,Emergency Repair,Havildar Tech,48,"Sensors, Wiring Harness",118547,7
ML-5722,EQ-1236,B03,2026-02-15,Routine Preventive,Naik Mech,6,"Sensors, Wiring Harness",85450,1
ML-5723,EQ-1236,B03,2025-12-16,Oil & Filter Overhaul,Warrant Officer,16,"Oil Filter, Gaskets",107418,1
ML-5724,EQ-1237,B05,2026-07-04,Pre-Mission Inspection,Warrant Officer,4,"Radiator Core, Coolant",32874,1
ML-5725,EQ-1237,B05,2026-05-21,Routine Preventive,Havildar Tech,12,"Starter Motor, Battery",28676,1
ML-5726,EQ-1237,B05,2026-04-03,Emergency Repair,Havildar Tech,8,"Injector Nozzle, Fuel Filter",25635,5
ML-5727,EQ-1238,B07,2026-06-24,Oil & Filter Overhaul,Sergeant,24,"Sensors, Wiring Harness",33599,1
ML-5728,EQ-1238,B07,2026-05-21,Emergency Repair,Havildar Tech,4,"Injector Nozzle, Fuel Filter",21712,5
ML-5729,EQ-1238,B07,2026-03-24,Routine Preventive,Sergeant,48,"Tire Assembly, Hub Bearing",31190,1
ML-5730,EQ-1239,B06,2026-07-07,Oil & Filter Overhaul,Sergeant,16,"Alternator, Belt Drive",33335,1
ML-5731,EQ-1239,B06,2026-05-20,Corrective Repair,Subedar Tech,24,"Oil Filter, Gaskets",25984,1
ML-5732,EQ-1240,B08,2026-07-05,Oil & Filter Overhaul,Naik Mech,6,"Radiator Core, Coolant",28348,1
ML-5733,EQ-1240,B08,2026-05-06,Oil & Filter Overhaul,Warrant Officer,16,"Alternator, Belt Drive",25970,1
ML-5734,EQ-1241,B04,2026-06-14,Routine Preventive,Sergeant,12,"Sensors, Wiring Harness",17448,1
ML-5735,EQ-1241,B04,2026-04-18,Pre-Mission Inspection,Warrant Officer,4,"Brake Pads, Hydraulic Line",11157,1
ML-5736,EQ-1242,B01,2026-06-22,Corrective Repair,Subedar Tech,4,"Oil Filter, Gaskets",23977,5
ML-5737,EQ-1242,B01,2026-05-20,Emergency Repair,Sergeant,24,"Sensors, Wiring Harness",24956,2
ML-5738,EQ-1242,B01,2026-04-02,Corrective Repair,Naik Mech,16,"Injector Nozzle, Fuel Filter",20525,5
ML-5739,EQ-1243,B04,2026-06-15,Emergency Repair,Subedar Tech,4,"Alternator, Belt Drive",14994,1
ML-5740,EQ-1243,B04,2026-04-05,Routine Preventive,Naik Mech,24,"Starter Motor, Battery",11171,1
ML-5741,EQ-1244,B04,2026-06-18,Emergency Repair,Sergeant,24,"Oil Filter, Gaskets",16887,3
ML-5742,EQ-1244,B04,2026-04-18,Pre-Mission Inspection,Warrant Officer,24,"Oil Filter, Gaskets",17460,1
ML-5743,EQ-1244,B04,2026-02-19,Corrective Repair,Havildar Tech,48,"Starter Motor, Battery",15262,3
ML-5744,EQ-1244,B04,2025-12-22,Emergency Repair,Warrant Officer,4,"Sensors, Wiring Harness",14156,2
ML-5745,EQ-1245,B03,2026-06-09,Oil & Filter Overhaul,Subedar Tech,4,"Tire Assembly, Hub Bearing",11020,1
ML-5746,EQ-1245,B03,2026-04-14,Emergency Repair,Subedar Tech,8,"Injector Nozzle, Fuel Filter",11361,1
ML-5747,EQ-1245,B03,2026-02-21,Pre-Mission Inspection,Sergeant,6,"Brake Pads, Hydraulic Line",13586,1
ML-5748,EQ-1245,B03,2025-12-22,Corrective Repair,Subedar Tech,12,"Oil Filter, Gaskets",13448,2
ML-5749,EQ-1246,B03,2026-05-17,Corrective Repair,Subedar Tech,12,"Tire Assembly, Hub Bearing",43936,5
ML-5750,EQ-1246,B03,2026-02-08,Corrective Repair,Havildar Tech,24,"Sensors, Wiring Harness",59966,1
ML-5751,EQ-1246,B03,2025-11-26,Corrective Repair,Havildar Tech,8,"Oil Filter, Gaskets",44129,3
ML-5752,EQ-1247,B03,2026-06-19,Corrective Repair,Warrant Officer,6,"Brake Pads, Hydraulic Line",28775,1
ML-5753,EQ-1247,B03,2026-05-17,Routine Preventive,Sergeant,6,"Sensors, Wiring Harness",33473,1
ML-5754,EQ-1247,B03,2026-04-04,Emergency Repair,Sergeant,4,"Sensors, Wiring Harness",21600,3
ML-5755,EQ-1247,B03,2026-02-04,Emergency Repair,Warrant Officer,6,"Radiator Core, Coolant",33337,1
ML-5756,EQ-1248,B04,2026-07-06,Oil & Filter Overhaul,Subedar Tech,24,"Injector Nozzle, Fuel Filter",29230,1
ML-5757,EQ-1248,B04,2026-05-14,Corrective Repair,Subedar Tech,16,"Radiator Core, Coolant",30206,2
ML-5758,EQ-1249,B04,2026-06-23,Pre-Mission Inspection,Subedar Tech,12,"Alternator, Belt Drive",11503,1
ML-5759,EQ-1249,B04,2026-04-14,Emergency Repair,Havildar Tech,24,"Brake Pads, Hydraulic Line",13708,5
ML-5760,EQ-1250,B03,2026-05-23,Corrective Repair,Naik Mech,12,"Alternator, Belt Drive",43474,1
ML-5761,EQ-1250,B03,2026-03-21,Pre-Mission Inspection,Warrant Officer,16,"Oil Filter, Gaskets",39594,1
ML-5762,EQ-1250,B03,2025-12-25,Oil & Filter Overhaul,Naik Mech,16,"Alternator, Belt Drive",42135,1
ML-5763,EQ-1251,B02,2026-06-13,Corrective Repair,Warrant Officer,24,"Alternator, Belt Drive",12856,7
ML-5764,EQ-1251,B02,2026-04-16,Oil & Filter Overhaul,Naik Mech,4,"Oil Filter, Gaskets",12856,1
ML-5765,EQ-1251,B02,2026-02-16,Emergency Repair,Subedar Tech,4,"Brake Pads, Hydraulic Line",11840,7
ML-5766,EQ-1251,B02,2025-12-09,Oil & Filter Overhaul,Subedar Tech,12,"Starter Motor, Battery",12042,1
ML-5767,EQ-1252,B02,2026-07-07,Emergency Repair,Warrant Officer,12,"Starter Motor, Battery",22294,1
ML-5768,EQ-1252,B02,2026-05-09,Pre-Mission Inspection,Havildar Tech,48,"Oil Filter, Gaskets",22212,1
ML-5769,EQ-1253,B03,2026-06-09,Pre-Mission Inspection,Havildar Tech,4,"Alternator, Belt Drive",11687,1
ML-5770,EQ-1253,B03,2026-04-25,Routine Preventive,Sergeant,4,"Alternator, Belt Drive",16296,1
ML-5771,EQ-1253,B03,2026-02-11,Corrective Repair,Warrant Officer,6,"Oil Filter, Gaskets",11600,5
ML-5772,EQ-1254,B01,2026-06-29,Corrective Repair,Subedar Tech,24,"Sensors, Wiring Harness",28314,7
ML-5773,EQ-1254,B01,2026-05-16,Emergency Repair,Subedar Tech,4,"Alternator, Belt Drive",24998,3
ML-5774,EQ-1254,B01,2026-04-08,Corrective Repair,Subedar Tech,48,"Injector Nozzle, Fuel Filter",30812,2
ML-5775,EQ-1254,B01,2026-02-12,Routine Preventive,Havildar Tech,48,"Tire Assembly, Hub Bearing",26296,1
ML-5776,EQ-1255,B04,2026-05-27,Pre-Mission Inspection,Sergeant,16,"Tire Assembly, Hub Bearing",39172,1
ML-5777,EQ-1255,B04,2026-03-19,Pre-Mission Inspection,Sergeant,16,"Sensors, Wiring Harness",36092,1
ML-5778,EQ-1255,B04,2026-01-03,Routine Preventive,Naik Mech,6,"Radiator Core, Coolant",42047,1
ML-5779,EQ-1256,B08,2026-06-20,Oil & Filter Overhaul,Havildar Tech,4,"Sensors, Wiring Harness",13220,1
ML-5780,EQ-1256,B08,2026-04-22,Pre-Mission Inspection,Naik Mech,4,"Tire Assembly, Hub Bearing",15181,1
ML-5781,EQ-1256,B08,2026-02-24,Corrective Repair,Havildar Tech,6,"Brake Pads, Hydraulic Line",11634,1
ML-5782,EQ-1256,B08,2025-12-08,Corrective Repair,Warrant Officer,12,"Injector Nozzle, Fuel Filter",16338,2
ML-5783,EQ-1257,B05,2026-06-23,Corrective Repair,Subedar Tech,6,"Sensors, Wiring Harness",24439,1
ML-5784,EQ-1257,B05,2026-05-09,Emergency Repair,Sergeant,6,"Starter Motor, Battery",25383,1
ML-5785,EQ-1257,B05,2026-04-03,Emergency Repair,Warrant Officer,48,"Brake Pads, Hydraulic Line",25578,3
ML-5786,EQ-1257,B05,2026-02-04,Corrective Repair,Havildar Tech,48,"Sensors, Wiring Harness",28872,3
ML-5787,EQ-1258,B04,2026-06-06,Routine Preventive,Havildar Tech,48,"Tire Assembly, Hub Bearing",10933,1
ML-5788,EQ-1258,B04,2026-04-15,Oil & Filter Overhaul,Subedar Tech,8,"Oil Filter, Gaskets",11265,1
ML-5789,EQ-1258,B04,2026-02-12,Oil & Filter Overhaul,Naik Mech,8,"Sensors, Wiring Harness",14063,1
ML-5790,EQ-1258,B04,2025-12-23,Pre-Mission Inspection,Naik Mech,24,"Brake Pads, Hydraulic Line",12902,1
ML-5791,EQ-1259,B01,2026-07-05,Emergency Repair,Naik Mech,48,"Radiator Core, Coolant",74912,3
ML-5792,EQ-1259,B01,2026-06-15,Routine Preventive,Warrant Officer,48,"Sensors, Wiring Harness",64986,1
ML-5793,EQ-1259,B01,2026-05-18,Corrective Repair,Sergeant,16,"Brake Pads, Hydraulic Line",59820,5
ML-5794,EQ-1259,B01,2026-04-22,Pre-Mission Inspection,Havildar Tech,6,"Alternator, Belt Drive",80141,1
ML-5795,EQ-1260,B04,2026-05-14,Pre-Mission Inspection,Naik Mech,12,"Sensors, Wiring Harness",63477,1
ML-5796,EQ-1260,B04,2026-02-10,Oil & Filter Overhaul,Havildar Tech,48,"Radiator Core, Coolant",50481,1
ML-5797,EQ-1261,B05,2026-07-07,Routine Preventive,Havildar Tech,12,"Tire Assembly, Hub Bearing",25005,1
ML-5798,EQ-1261,B05,2026-05-20,Corrective Repair,Warrant Officer,12,"Sensors, Wiring Harness",30059,3
ML-5799,EQ-1261,B05,2026-04-08,Corrective Repair,Warrant Officer,16,"Tire Assembly, Hub Bearing",24588,1
ML-5800,EQ-1261,B05,2026-02-16,Emergency Repair,Naik Mech,16,"Injector Nozzle, Fuel Filter",26400,2
ML-5801,EQ-1262,B02,2026-06-22,Emergency Repair,Sergeant,24,"Tire Assembly, Hub Bearing",12676,2
ML-5802,EQ-1262,B02,2026-04-17,Emergency Repair,Subedar Tech,4,"Brake Pads, Hydraulic Line",11890,3
ML-5803,EQ-1262,B02,2026-02-19,Emergency Repair,Sergeant,12,"Tire Assembly, Hub Bearing",11990,2
ML-5804,EQ-1263,B08,2026-05-10,Oil & Filter Overhaul,Sergeant,4,"Sensors, Wiring Harness",63617,1
ML-5805,EQ-1263,B08,2026-02-24,Emergency Repair,Sergeant,48,"Injector Nozzle, Fuel Filter",66889,1
ML-5806,EQ-1264,B01,2026-07-11,Pre-Mission Inspection,Subedar Tech,8,"Sensors, Wiring Harness",66694,1
ML-5807,EQ-1264,B01,2026-06-21,Oil & Filter Overhaul,Naik Mech,12,"Sensors, Wiring Harness",84288,1
ML-5808,EQ-1264,B01,2026-05-08,Emergency Repair,Subedar Tech,16,"Sensors, Wiring Harness",72985,5
ML-5809,EQ-1265,B04,2026-07-03,Emergency Repair,Warrant Officer,4,"Radiator Core, Coolant",31703,5
ML-5810,EQ-1265,B04,2026-05-25,Pre-Mission Inspection,Subedar Tech,48,"Starter Motor, Battery",32802,1
ML-5811,EQ-1266,B02,2026-07-02,Pre-Mission Inspection,Warrant Officer,12,"Starter Motor, Battery",27735,1
ML-5812,EQ-1266,B02,2026-05-24,Corrective Repair,Warrant Officer,16,"Sensors, Wiring Harness",30977,2
ML-5813,EQ-1266,B02,2026-03-29,Emergency Repair,Naik Mech,16,"Injector Nozzle, Fuel Filter",32335,1
ML-5814,EQ-1267,B05,2026-06-06,Emergency Repair,Subedar Tech,24,"Injector Nozzle, Fuel Filter",13254,2
ML-5815,EQ-1267,B05,2026-04-18,Corrective Repair,Sergeant,6,"Alternator, Belt Drive",15111,2
ML-5816,EQ-1268,B05,2026-06-13,Routine Preventive,Warrant Officer,6,"Sensors, Wiring Harness",114919,1
ML-5817,EQ-1268,B05,2026-04-25,Corrective Repair,Warrant Officer,12,"Brake Pads, Hydraulic Line",91592,5
ML-5818,EQ-1268,B05,2026-02-14,Corrective Repair,Subedar Tech,12,"Injector Nozzle, Fuel Filter",101868,1
ML-5819,EQ-1269,B07,2026-07-06,Corrective Repair,Naik Mech,4,"Radiator Core, Coolant",32261,1
ML-5820,EQ-1269,B07,2026-05-21,Routine Preventive,Subedar Tech,12,"Starter Motor, Battery",23932,1
ML-5821,EQ-1269,B07,2026-03-24,Emergency Repair,Sergeant,12,"Tire Assembly, Hub Bearing",29005,5
ML-5822,EQ-1270,B07,2026-06-21,Pre-Mission Inspection,Subedar Tech,12,"Starter Motor, Battery",14800,1
ML-5823,EQ-1270,B07,2026-04-14,Emergency Repair,Naik Mech,48,"Brake Pads, Hydraulic Line",16798,1
ML-5824,EQ-1270,B07,2026-02-08,Pre-Mission Inspection,Sergeant,12,"Alternator, Belt Drive",12364,1
ML-5825,EQ-1270,B07,2025-12-15,Oil & Filter Overhaul,Warrant Officer,4,"Injector Nozzle, Fuel Filter",13363,1
ML-5826,EQ-1271,B06,2026-05-08,Pre-Mission Inspection,Warrant Officer,16,"Brake Pads, Hydraulic Line",48140,1
ML-5827,EQ-1271,B06,2026-02-11,Corrective Repair,Havildar Tech,8,"Starter Motor, Battery",49189,5
ML-5828,EQ-1272,B04,2026-05-24,Routine Preventive,Warrant Officer,24,"Oil Filter, Gaskets",29631,1
ML-5829,EQ-1272,B04,2026-03-23,Oil & Filter Overhaul,Subedar Tech,12,"Alternator, Belt Drive",44418,1
ML-5830,EQ-1272,B04,2025-12-30,Emergency Repair,Sergeant,16,"Radiator Core, Coolant",36386,1
ML-5831,EQ-1272,B04,2025-10-15,Routine Preventive,Subedar Tech,12,"Tire Assembly, Hub Bearing",34480,1
ML-5832,EQ-1273,B08,2026-06-22,Oil & Filter Overhaul,Naik Mech,24,"Sensors, Wiring Harness",12438,1
ML-5833,EQ-1273,B08,2026-04-21,Oil & Filter Overhaul,Naik Mech,4,"Injector Nozzle, Fuel Filter",14636,1
ML-5834,EQ-1273,B08,2026-02-06,Routine Preventive,Sergeant,12,"Tire Assembly, Hub Bearing",16728,1
ML-5835,EQ-1274,B04,2026-07-03,Emergency Repair,Havildar Tech,12,"Starter Motor, Battery",26579,3
ML-5836,EQ-1274,B04,2026-05-19,Oil & Filter Overhaul,Warrant Officer,48,"Radiator Core, Coolant",31144,1
ML-5837,EQ-1274,B04,2026-03-21,Corrective Repair,Naik Mech,16,"Brake Pads, Hydraulic Line",22432,3
ML-5838,EQ-1274,B04,2026-02-12,Emergency Repair,Naik Mech,48,"Starter Motor, Battery",33270,1
ML-5839,EQ-1275,B02,2026-06-11,Pre-Mission Inspection,Subedar Tech,12,"Sensors, Wiring Harness",12082,1
ML-5840,EQ-1275,B02,2026-04-24,Routine Preventive,Warrant Officer,8,"Brake Pads, Hydraulic Line",13659,1
ML-5841,EQ-1275,B02,2026-02-11,Corrective Repair,Sergeant,6,"Sensors, Wiring Harness",11958,3
ML-5842,EQ-1276,B04,2026-05-10,Oil & Filter Overhaul,Subedar Tech,48,"Starter Motor, Battery",46230,1
ML-5843,EQ-1276,B04,2026-02-05,Corrective Repair,Sergeant,4,"Brake Pads, Hydraulic Line",48402,7
ML-5844,EQ-1276,B04,2025-11-11,Corrective Repair,Subedar Tech,48,"Starter Motor, Battery",60311,1
ML-5845,EQ-1277,B01,2026-05-07,Pre-Mission Inspection,Sergeant,8,"Starter Motor, Battery",58753,1
ML-5846,EQ-1277,B01,2026-02-19,Routine Preventive,Subedar Tech,48,"Brake Pads, Hydraulic Line",60731,1
ML-5847,EQ-1278,B06,2026-05-25,Oil & Filter Overhaul,Naik Mech,24,"Sensors, Wiring Harness",47251,1
ML-5848,EQ-1278,B06,2026-02-22,Oil & Filter Overhaul,Sergeant,12,"Brake Pads, Hydraulic Line",45917,1
ML-5849,EQ-1278,B06,2025-11-12,Oil & Filter Overhaul,Subedar Tech,16,"Injector Nozzle, Fuel Filter",66865,1
ML-5850,EQ-1279,B07,2026-05-11,Pre-Mission Inspection,Sergeant,16,"Alternator, Belt Drive",58776,1
ML-5851,EQ-1279,B07,2026-02-19,Oil & Filter Overhaul,Havildar Tech,8,"Brake Pads, Hydraulic Line",48816,1
ML-5852,EQ-1280,B03,2026-06-18,Corrective Repair,Havildar Tech,4,"Alternator, Belt Drive",13595,5
ML-5853,EQ-1280,B03,2026-04-14,Emergency Repair,Warrant Officer,24,"Sensors, Wiring Harness",12335,1
ML-5854,EQ-1280,B03,2026-02-16,Corrective Repair,Sergeant,16,"Alternator, Belt Drive",16951,5
ML-5855,EQ-1280,B03,2025-12-16,Oil & Filter Overhaul,Naik Mech,6,"Starter Motor, Battery",16155,1
ML-5856,EQ-1281,B03,2026-06-10,Emergency Repair,Havildar Tech,16,"Oil Filter, Gaskets",10815,2
ML-5857,EQ-1281,B03,2026-04-06,Pre-Mission Inspection,Sergeant,48,"Starter Motor, Battery",16859,1
ML-5858,EQ-1281,B03,2026-02-13,Routine Preventive,Warrant Officer,16,"Alternator, Belt Drive",11500,1
ML-5859,EQ-1282,B01,2026-07-08,Pre-Mission Inspection,Warrant Officer,16,"Injector Nozzle, Fuel Filter",29660,1
ML-5860,EQ-1282,B01,2026-05-21,Oil & Filter Overhaul,Subedar Tech,24,"Injector Nozzle, Fuel Filter",23350,1
ML-5861,EQ-1282,B01,2026-04-10,Routine Preventive,Havildar Tech,16,"Starter Motor, Battery",31034,1
ML-5862,EQ-1282,B01,2026-02-24,Corrective Repair,Naik Mech,4,"Brake Pads, Hydraulic Line",22419,1
ML-5863,EQ-1283,B03,2026-06-17,Emergency Repair,Warrant Officer,24,"Starter Motor, Battery",80233,3
ML-5864,EQ-1283,B03,2026-04-16,Oil & Filter Overhaul,Subedar Tech,16,"Tire Assembly, Hub Bearing",103457,1
ML-5865,EQ-1283,B03,2026-02-12,Emergency Repair,Warrant Officer,48,"Brake Pads, Hydraulic Line",90287,5
ML-5866,EQ-1283,B03,2025-12-22,Pre-Mission Inspection,Warrant Officer,12,"Brake Pads, Hydraulic Line",73557,1
ML-5867,EQ-1284,B01,2026-06-08,Oil & Filter Overhaul,Sergeant,24,"Injector Nozzle, Fuel Filter",11056,1
ML-5868,EQ-1284,B01,2026-04-15,Oil & Filter Overhaul,Subedar Tech,48,"Injector Nozzle, Fuel Filter",13783,1
ML-5869,EQ-1284,B01,2026-02-12,Emergency Repair,Warrant Officer,48,"Tire Assembly, Hub Bearing",11093,7
ML-5870,EQ-1285,B05,2026-07-02,Emergency Repair,Havildar Tech,6,"Sensors, Wiring Harness",21791,1
ML-5871,EQ-1285,B05,2026-05-06,Emergency Repair,Subedar Tech,4,"Brake Pads, Hydraulic Line",23706,7
ML-5872,EQ-1285,B05,2026-03-21,Routine Preventive,Warrant Officer,6,"Radiator Core, Coolant",31496,1
ML-5873,EQ-1285,B05,2026-02-12,Corrective Repair,Subedar Tech,24,"Starter Motor, Battery",22158,5
ML-5874,EQ-1286,B03,2026-06-04,Pre-Mission Inspection,Warrant Officer,6,"Starter Motor, Battery",14256,1
ML-5875,EQ-1286,B03,2026-04-09,Routine Preventive,Warrant Officer,16,"Injector Nozzle, Fuel Filter",13045,1
ML-5876,EQ-1287,B03,2026-05-06,Pre-Mission Inspection,Havildar Tech,12,"Oil Filter, Gaskets",54001,1
ML-5877,EQ-1287,B03,2026-02-06,Routine Preventive,Subedar Tech,8,"Oil Filter, Gaskets",53233,1
ML-5878,EQ-1287,B03,2025-11-13,Corrective Repair,Naik Mech,8,"Oil Filter, Gaskets",47687,7
ML-5879,EQ-1287,B03,2025-08-18,Corrective Repair,Warrant Officer,24,"Oil Filter, Gaskets",65198,1
ML-5880,EQ-1288,B06,2026-07-02,Corrective Repair,Sergeant,4,"Oil Filter, Gaskets",20683,7
ML-5881,EQ-1288,B06,2026-05-13,Pre-Mission Inspection,Warrant Officer,24,"Oil Filter, Gaskets",29401,1
ML-5882,EQ-1288,B06,2026-04-09,Emergency Repair,Warrant Officer,12,"Injector Nozzle, Fuel Filter",25510,7
ML-5883,EQ-1289,B01,2026-05-16,Oil & Filter Overhaul,Naik Mech,8,"Starter Motor, Battery",41954,1
ML-5884,EQ-1289,B01,2026-02-05,Routine Preventive,Havildar Tech,24,"Brake Pads, Hydraulic Line",51302,1
ML-5885,EQ-1290,B02,2026-06-24,Pre-Mission Inspection,Naik Mech,6,"Injector Nozzle, Fuel Filter",24093,1
ML-5886,EQ-1290,B02,2026-05-16,Oil & Filter Overhaul,Naik Mech,6,"Brake Pads, Hydraulic Line",30193,1
ML-5887,EQ-1290,B02,2026-04-09,Emergency Repair,Havildar Tech,24,"Tire Assembly, Hub Bearing",33308,1
ML-5888,EQ-1290,B02,2026-02-09,Pre-Mission Inspection,Warrant Officer,8,"Alternator, Belt Drive",31439,1
ML-5889,EQ-1291,B02,2026-05-30,Routine Preventive,Subedar Tech,8,"Starter Motor, Battery",46154,1
ML-5890,EQ-1291,B02,2026-03-07,Routine Preventive,Sergeant,12,"Oil Filter, Gaskets",37017,1
ML-5891,EQ-1291,B02,2025-12-29,Pre-Mission Inspection,Warrant Officer,24,"Alternator, Belt Drive",46711,1
ML-5892,EQ-1291,B02,2025-10-14,Corrective Repair,Warrant Officer,16,"Alternator, Belt Drive",39607,5
ML-5893,EQ-1292,B05,2026-06-09,Oil & Filter Overhaul,Naik Mech,16,"Radiator Core, Coolant",31224,1
ML-5894,EQ-1292,B05,2026-03-12,Emergency Repair,Havildar Tech,12,"Oil Filter, Gaskets",37552,3
ML-5895,EQ-1292,B05,2025-12-26,Emergency Repair,Havildar Tech,16,"Starter Motor, Battery",40825,7
ML-5896,EQ-1292,B05,2025-10-25,Routine Preventive,Warrant Officer,16,"Radiator Core, Coolant",34069,1
ML-5897,EQ-1293,B01,2026-07-24,Pre-Mission Inspection,Havildar Tech,48,"Radiator Core, Coolant",75833,1
ML-5898,EQ-1293,B01,2026-06-05,Pre-Mission Inspection,Warrant Officer,4,"Brake Pads, Hydraulic Line",60703,1
ML-5899,EQ-1293,B01,2026-05-22,Oil & Filter Overhaul,Sergeant,6,"Starter Motor, Battery",70126,1
ML-5900,EQ-1294,B03,2026-06-06,Oil & Filter Overhaul,Sergeant,16,"Starter Motor, Battery",73443,1
ML-5901,EQ-1294,B03,2026-04-09,Corrective Repair,Warrant Officer,24,"Radiator Core, Coolant",108877,7
ML-5902,EQ-1295,B01,2026-07-09,Oil & Filter Overhaul,Subedar Tech,16,"Tire Assembly, Hub Bearing",75178,1
ML-5903,EQ-1295,B01,2026-06-18,Oil & Filter Overhaul,Naik Mech,8,"Starter Motor, Battery",81207,1
ML-5904,EQ-1295,B01,2026-05-14,Corrective Repair,Warrant Officer,8,"Brake Pads, Hydraulic Line",60573,5
ML-5905,EQ-1295,B01,2026-04-14,Oil & Filter Overhaul,Warrant Officer,16,"Brake Pads, Hydraulic Line",55417,1
ML-5906,EQ-1296,B04,2026-05-21,Corrective Repair,Warrant Officer,24,"Starter Motor, Battery",56006,1
ML-5907,EQ-1296,B04,2026-02-19,Routine Preventive,Naik Mech,8,"Tire Assembly, Hub Bearing",43988,1
ML-5908,EQ-1296,B04,2025-11-25,Routine Preventive,Naik Mech,4,"Injector Nozzle, Fuel Filter",62813,1
ML-5909,EQ-1296,B04,2025-08-12,Oil & Filter Overhaul,Naik Mech,12,"Sensors, Wiring Harness",63685,1
ML-5910,EQ-1297,B03,2026-07-04,Corrective Repair,Havildar Tech,16,"Brake Pads, Hydraulic Line",29952,7
ML-5911,EQ-1297,B03,2026-05-07,Emergency Repair,Subedar Tech,24,"Tire Assembly, Hub Bearing",25282,5
ML-5912,EQ-1297,B03,2026-04-05,Routine Preventive,Naik Mech,16,"Alternator, Belt Drive",27114,1
ML-5913,EQ-1297,B03,2026-02-15,Oil & Filter Overhaul,Subedar Tech,4,"Sensors, Wiring Harness",26911,1
ML-5914,EQ-1298,B03,2026-07-16,Routine Preventive,Sergeant,6,"Injector Nozzle, Fuel Filter",57508,1
ML-5915,EQ-1298,B03,2026-06-23,Routine Preventive,Warrant Officer,16,"Starter Motor, Battery",85431,1
ML-5916,EQ-1299,B06,2026-06-13,Routine Preventive,Subedar Tech,24,"Starter Motor, Battery",16150,1
ML-5917,EQ-1299,B06,2026-04-20,Pre-Mission Inspection,Havildar Tech,8,"Tire Assembly, Hub Bearing",14111,1
ML-5918,EQ-1300,B05,2026-06-09,Pre-Mission Inspection,Naik Mech,6,"Brake Pads, Hydraulic Line",12567,1
ML-5919,EQ-1300,B05,2026-04-25,Corrective Repair,Havildar Tech,12,"Starter Motor, Battery",13610,5
ML-5920,EQ-1300,B05,2026-02-16,Oil & Filter Overhaul,Warrant Officer,24,"Starter Motor, Battery",14841,1
ML-5921,EQ-1300,B05,2025-12-10,Corrective Repair,Subedar Tech,6,"Alternator, Belt Drive",15141,5
ML-5922,EQ-1301,B04,2026-06-24,Pre-Mission Inspection,Warrant Officer,48,"Tire Assembly, Hub Bearing",31489,1
ML-5923,EQ-1301,B04,2026-05-18,Emergency Repair,Havildar Tech,8,"Starter Motor, Battery",20782,7
ML-5924,EQ-1302,B06,2026-06-21,Corrective Repair,Sergeant,16,"Radiator Core, Coolant",17141,7
ML-5925,EQ-1302,B06,2026-04-25,Routine Preventive,Subedar Tech,4,"Sensors, Wiring Harness",17158,1
ML-5926,EQ-1302,B06,2026-02-13,Routine Preventive,Sergeant,16,"Brake Pads, Hydraulic Line",15897,1
ML-5927,EQ-1302,B06,2025-12-20,Pre-Mission Inspection,Warrant Officer,6,"Injector Nozzle, Fuel Filter",13114,1
ML-5928,EQ-1303,B07,2026-06-17,Emergency Repair,Warrant Officer,24,"Brake Pads, Hydraulic Line",10857,2
ML-5929,EQ-1303,B07,2026-04-17,Pre-Mission Inspection,Warrant Officer,4,"Brake Pads, Hydraulic Line",16551,1
ML-5930,EQ-1303,B07,2026-02-24,Routine Preventive,Sergeant,48,"Injector Nozzle, Fuel Filter",10726,1
ML-5931,EQ-1303,B07,2025-12-14,Oil & Filter Overhaul,Warrant Officer,16,"Alternator, Belt Drive",11960,1
ML-5932,EQ-1304,B04,2026-06-13,Emergency Repair,Naik Mech,24,"Brake Pads, Hydraulic Line",15868,7
ML-5933,EQ-1304,B04,2026-04-25,Oil & Filter Overhaul,Warrant Officer,6,"Tire Assembly, Hub Bearing",13356,1
ML-5934,EQ-1304,B04,2026-02-06,Corrective Repair,Havildar Tech,8,"Radiator Core, Coolant",11374,1
ML-5935,EQ-1305,B04,2026-06-09,Oil & Filter Overhaul,Warrant Officer,8,"Starter Motor, Battery",14375,1
ML-5936,EQ-1305,B04,2026-04-10,Routine Preventive,Warrant Officer,48,"Brake Pads, Hydraulic Line",14161,1
ML-5937,EQ-1305,B04,2026-02-22,Corrective Repair,Sergeant,48,"Oil Filter, Gaskets",13207,1
ML-5938,EQ-1305,B04,2025-12-21,Routine Preventive,Warrant Officer,48,"Brake Pads, Hydraulic Line",11981,1
ML-5939,EQ-1306,B04,2026-07-03,Pre-Mission Inspection,Sergeant,24,"Radiator Core, Coolant",30997,1
ML-5940,EQ-1306,B04,2026-05-17,Corrective Repair,Naik Mech,6,"Radiator Core, Coolant",26631,7
ML-5941,EQ-1306,B04,2026-03-26,Corrective Repair,Warrant Officer,12,"Injector Nozzle, Fuel Filter",20529,1
ML-5942,EQ-1306,B04,2026-02-24,Routine Preventive,Sergeant,6,"Starter Motor, Battery",24516,1
ML-5943,EQ-1307,B03,2026-06-04,Routine Preventive,Naik Mech,4,"Injector Nozzle, Fuel Filter",15158,1
ML-5944,EQ-1307,B03,2026-04-17,Corrective Repair,Sergeant,16,"Brake Pads, Hydraulic Line",11850,7
ML-5945,EQ-1307,B03,2026-02-04,Pre-Mission Inspection,Warrant Officer,8,"Alternator, Belt Drive",15891,1
ML-5946,EQ-1307,B03,2025-12-20,Corrective Repair,Havildar Tech,48,"Starter Motor, Battery",11780,7
ML-5947,EQ-1308,B01,2026-06-14,Corrective Repair,Subedar Tech,16,"Starter Motor, Battery",14273,2
ML-5948,EQ-1308,B01,2026-04-12,Routine Preventive,Sergeant,12,"Alternator, Belt Drive",14478,1
ML-5949,EQ-1308,B01,2026-02-11,Oil & Filter Overhaul,Warrant Officer,6,"Oil Filter, Gaskets",15108,1
ML-5950,EQ-1308,B01,2025-12-15,Emergency Repair,Subedar Tech,6,"Starter Motor, Battery",15633,2
ML-5951,EQ-1309,B08,2026-06-01,Emergency Repair,Sergeant,4,"Oil Filter, Gaskets",34027,5
ML-5952,EQ-1309,B08,2026-03-11,Routine Preventive,Subedar Tech,24,"Brake Pads, Hydraulic Line",32149,1
ML-5953,EQ-1309,B08,2026-01-10,Corrective Repair,Naik Mech,24,"Injector Nozzle, Fuel Filter",40361,1
ML-5954,EQ-1309,B08,2025-10-14,Emergency Repair,Havildar Tech,4,"Oil Filter, Gaskets",44497,3
ML-5955,EQ-1310,B01,2026-07-01,Oil & Filter Overhaul,Sergeant,12,"Oil Filter, Gaskets",21508,1
ML-5956,EQ-1310,B01,2026-05-19,Routine Preventive,Subedar Tech,12,"Injector Nozzle, Fuel Filter",29491,1
ML-5957,EQ-1311,B02,2026-05-18,Corrective Repair,Subedar Tech,24,"Starter Motor, Battery",48925,1
ML-5958,EQ-1311,B02,2026-02-12,Corrective Repair,Sergeant,6,"Alternator, Belt Drive",59436,3
ML-5959,EQ-1311,B02,2025-11-13,Corrective Repair,Naik Mech,6,"Alternator, Belt Drive",46765,3
ML-5960,EQ-1311,B02,2025-08-20,Emergency Repair,Subedar Tech,8,"Brake Pads, Hydraulic Line",59215,7
ML-5961,EQ-1312,B03,2026-07-16,Oil & Filter Overhaul,Naik Mech,48,"Starter Motor, Battery",55794,1
ML-5962,EQ-1312,B03,2026-06-10,Emergency Repair,Naik Mech,4,"Injector Nozzle, Fuel Filter",61594,5
ML-5963,EQ-1312,B03,2026-05-07,Pre-Mission Inspection,Havildar Tech,16,"Sensors, Wiring Harness",63713,1
ML-5964,EQ-1312,B03,2026-04-15,Routine Preventive,Naik Mech,24,"Radiator Core, Coolant",76613,1
ML-5965,EQ-1313,B03,2026-05-15,Routine Preventive,Naik Mech,12,"Alternator, Belt Drive",53539,1
ML-5966,EQ-1313,B03,2026-02-08,Pre-Mission Inspection,Warrant Officer,12,"Alternator, Belt Drive",43647,1
ML-5967,EQ-1313,B03,2025-11-08,Oil & Filter Overhaul,Sergeant,16,"Injector Nozzle, Fuel Filter",41553,1
ML-5968,EQ-1313,B03,2025-08-12,Corrective Repair,Subedar Tech,16,"Injector Nozzle, Fuel Filter",46039,1
ML-5969,EQ-1314,B08,2026-06-24,Emergency Repair,Sergeant,8,"Brake Pads, Hydraulic Line",13906,5
ML-5970,EQ-1314,B08,2026-04-19,Emergency Repair,Naik Mech,24,"Sensors, Wiring Harness",16900,1
ML-5971,EQ-1314,B08,2026-02-12,Emergency Repair,Subedar Tech,48,"Injector Nozzle, Fuel Filter",11508,3
ML-5972,EQ-1315,B06,2026-07-17,Corrective Repair,Subedar Tech,6,"Oil Filter, Gaskets",57408,5
ML-5973,EQ-1315,B06,2026-06-22,Emergency Repair,Naik Mech,24,"Injector Nozzle, Fuel Filter",64279,3
ML-5974,EQ-1315,B06,2026-05-16,Routine Preventive,Subedar Tech,48,"Tire Assembly, Hub Bearing",65890,1
ML-5975,EQ-1315,B06,2026-04-12,Emergency Repair,Havildar Tech,12,"Brake Pads, Hydraulic Line",58821,3
ML-5976,EQ-1316,B05,2026-06-07,Emergency Repair,Sergeant,4,"Injector Nozzle, Fuel Filter",17305,5
ML-5977,EQ-1316,B05,2026-04-23,Corrective Repair,Sergeant,8,"Alternator, Belt Drive",11658,7
ML-5978,EQ-1316,B05,2026-02-10,Routine Preventive,Havildar Tech,12,"Alternator, Belt Drive",13614,1
ML-5979,EQ-1317,B07,2026-05-24,Corrective Repair,Havildar Tech,12,"Starter Motor, Battery",54825,7
ML-5980,EQ-1317,B07,2026-02-21,Emergency Repair,Subedar Tech,6,"Tire Assembly, Hub Bearing",44127,3
ML-5981,EQ-1317,B07,2025-11-12,Routine Preventive,Havildar Tech,6,"Tire Assembly, Hub Bearing",58989,1
ML-5982,EQ-1317,B07,2025-08-18,Emergency Repair,Sergeant,6,"Brake Pads, Hydraulic Line",50641,1
ML-5983,EQ-1318,B02,2026-07-08,Emergency Repair,Subedar Tech,12,"Starter Motor, Battery",25339,2
ML-5984,EQ-1318,B02,2026-05-17,Corrective Repair,Subedar Tech,4,"Sensors, Wiring Harness",27020,3
ML-5985,EQ-1318,B02,2026-04-10,Corrective Repair,Subedar Tech,4,"Sensors, Wiring Harness",25774,3
ML-5986,EQ-1318,B02,2026-02-10,Routine Preventive,Naik Mech,24,"Radiator Core, Coolant",28307,1
ML-5987,EQ-1319,B02,2026-07-03,Oil & Filter Overhaul,Warrant Officer,6,"Sensors, Wiring Harness",27425,1
ML-5988,EQ-1319,B02,2026-05-24,Emergency Repair,Sergeant,16,"Brake Pads, Hydraulic Line",29121,3
ML-5989,EQ-1319,B02,2026-04-08,Oil & Filter Overhaul,Subedar Tech,16,"Radiator Core, Coolant",23139,1
ML-5990,EQ-1320,B05,2026-05-19,Corrective Repair,Naik Mech,4,"Alternator, Belt Drive",46378,5
ML-5991,EQ-1320,B05,2026-02-07,Emergency Repair,Sergeant,48,"Starter Motor, Battery",51584,3
ML-5992,EQ-1320,B05,2025-11-16,Oil & Filter Overhaul,Sergeant,24,"Brake Pads, Hydraulic Line",61141,1
ML-5993,EQ-1321,B04,2026-05-12,Corrective Repair,Sergeant,4,"Starter Motor, Battery",45786,7
ML-5994,EQ-1321,B04,2026-02-08,Routine Preventive,Subedar Tech,16,"Sensors, Wiring Harness",67171,1
ML-5995,EQ-1321,B04,2025-11-07,Routine Preventive,Subedar Tech,16,"Tire Assembly, Hub Bearing",47398,1
ML-5996,EQ-1322,B01,2026-07-04,Pre-Mission Inspection,Subedar Tech,16,"Brake Pads, Hydraulic Line",33241,1
ML-5997,EQ-1322,B01,2026-05-20,Routine Preventive,Havildar Tech,24,"Brake Pads, Hydraulic Line",23632,1
ML-5998,EQ-1323,B05,2026-05-24,Emergency Repair,Havildar Tech,24,"Tire Assembly, Hub Bearing",50393,1
ML-5999,EQ-1323,B05,2026-02-20,Corrective Repair,Subedar Tech,48,"Brake Pads, Hydraulic Line",63162,5
ML-6000,EQ-1323,B05,2025-11-16,Corrective Repair,Subedar Tech,6,"Tire Assembly, Hub Bearing",44547,1
ML-6001,EQ-1324,B02,2026-06-21,Corrective Repair,Sergeant,8,"Alternator, Belt Drive",25187,3
ML-6002,EQ-1324,B02,2026-05-10,Corrective Repair,Naik Mech,24,"Alternator, Belt Drive",29812,2
ML-6003,EQ-1324,B02,2026-03-22,Corrective Repair,Havildar Tech,12,"Alternator, Belt Drive",24258,2
ML-6004,EQ-1325,B04,2026-06-09,Routine Preventive,Subedar Tech,12,"Oil Filter, Gaskets",11830,1
ML-6005,EQ-1325,B04,2026-04-18,Oil & Filter Overhaul,Sergeant,6,"Injector Nozzle, Fuel Filter",12751,1
ML-6006,EQ-1325,B04,2026-02-21,Emergency Repair,Sergeant,8,"Tire Assembly, Hub Bearing",15093,1
ML-6007,EQ-1325,B04,2025-12-10,Oil & Filter Overhaul,Havildar Tech,24,"Starter Motor, Battery",16799,1
ML-6008,EQ-1326,B03,2026-06-05,Corrective Repair,Havildar Tech,8,"Brake Pads, Hydraulic Line",12452,2
ML-6009,EQ-1326,B03,2026-04-09,Corrective Repair,Sergeant,6,"Starter Motor, Battery",12706,7
ML-6010,EQ-1327,B03,2026-06-06,Routine Preventive,Subedar Tech,16,"Tire Assembly, Hub Bearing",16164,1
ML-6011,EQ-1327,B03,2026-04-12,Oil & Filter Overhaul,Sergeant,12,"Injector Nozzle, Fuel Filter",14759,1
ML-6012,EQ-1328,B03,2026-06-15,Oil & Filter Overhaul,Sergeant,48,"Tire Assembly, Hub Bearing",11275,1
ML-6013,EQ-1328,B03,2026-04-20,Corrective Repair,Subedar Tech,4,"Starter Motor, Battery",11955,7
ML-6014,EQ-1328,B03,2026-02-15,Routine Preventive,Subedar Tech,16,"Tire Assembly, Hub Bearing",12825,1
ML-6015,EQ-1329,B07,2026-06-13,Oil & Filter Overhaul,Warrant Officer,8,"Radiator Core, Coolant",11621,1
ML-6016,EQ-1329,B07,2026-04-16,Routine Preventive,Warrant Officer,12,"Sensors, Wiring Harness",13548,1
ML-6017,EQ-1329,B07,2026-02-23,Emergency Repair,Subedar Tech,8,"Injector Nozzle, Fuel Filter",17284,1
ML-6018,EQ-1330,B06,2026-06-09,Routine Preventive,Warrant Officer,16,"Tire Assembly, Hub Bearing",17097,1
ML-6019,EQ-1330,B06,2026-04-10,Routine Preventive,Havildar Tech,16,"Sensors, Wiring Harness",12342,1
ML-6020,EQ-1330,B06,2026-02-23,Emergency Repair,Subedar Tech,8,"Radiator Core, Coolant",15022,1
ML-6021,EQ-1330,B06,2025-12-11,Oil & Filter Overhaul,Warrant Officer,24,"Brake Pads, Hydraulic Line",11548,1
ML-6022,EQ-1331,B06,2026-05-26,Oil & Filter Overhaul,Warrant Officer,6,"Injector Nozzle, Fuel Filter",42874,1
ML-6023,EQ-1331,B06,2026-03-19,Oil & Filter Overhaul,Subedar Tech,8,"Starter Motor, Battery",37517,1
ML-6024,EQ-1331,B06,2025-12-22,Routine Preventive,Warrant Officer,4,"Injector Nozzle, Fuel Filter",42881,1
ML-6025,EQ-1332,B03,2026-06-19,Pre-Mission Inspection,Warrant Officer,48,"Brake Pads, Hydraulic Line",109584,1
ML-6026,EQ-1332,B03,2026-04-06,Emergency Repair,Subedar Tech,6,"Brake Pads, Hydraulic Line",102645,5
ML-6027,EQ-1332,B03,2026-02-10,Oil & Filter Overhaul,Havildar Tech,24,"Injector Nozzle, Fuel Filter",113827,1
ML-6028,EQ-1332,B03,2025-12-21,Pre-Mission Inspection,Warrant Officer,8,"Tire Assembly, Hub Bearing",102536,1
ML-6029,EQ-1333,B07,2026-05-07,Corrective Repair,Subedar Tech,48,"Injector Nozzle, Fuel Filter",44828,2
ML-6030,EQ-1333,B07,2026-02-21,Corrective Repair,Sergeant,16,"Oil Filter, Gaskets",41492,3
ML-6031,EQ-1333,B07,2025-11-24,Corrective Repair,Naik Mech,8,"Starter Motor, Battery",49444,3
ML-6032,EQ-1334,B01,2026-06-03,Routine Preventive,Naik Mech,12,"Brake Pads, Hydraulic Line",32745,1
ML-6033,EQ-1334,B01,2026-03-10,Corrective Repair,Naik Mech,24,"Brake Pads, Hydraulic Line",45978,1
ML-6034,EQ-1334,B01,2025-12-26,Emergency Repair,Naik Mech,8,"Radiator Core, Coolant",42750,2
ML-6035,EQ-1335,B08,2026-07-22,Emergency Repair,Havildar Tech,48,"Sensors, Wiring Harness",74879,3
ML-6036,EQ-1335,B08,2026-06-04,Corrective Repair,Naik Mech,4,"Injector Nozzle, Fuel Filter",83298,7
ML-6037,EQ-1335,B08,2026-05-25,Emergency Repair,Havildar Tech,6,"Injector Nozzle, Fuel Filter",57063,1
ML-6038,EQ-1335,B08,2026-04-06,Oil & Filter Overhaul,Sergeant,48,"Alternator, Belt Drive",80061,1
ML-6039,EQ-1336,B03,2026-06-23,Routine Preventive,Sergeant,6,"Sensors, Wiring Harness",15677,1
ML-6040,EQ-1336,B03,2026-04-13,Corrective Repair,Havildar Tech,24,"Injector Nozzle, Fuel Filter",15867,1
ML-6041,EQ-1336,B03,2026-02-13,Routine Preventive,Havildar Tech,4,"Sensors, Wiring Harness",16793,1
ML-6042,EQ-1337,B08,2026-05-07,Corrective Repair,Naik Mech,6,"Injector Nozzle, Fuel Filter",45981,1
ML-6043,EQ-1337,B08,2026-02-21,Corrective Repair,Naik Mech,8,"Brake Pads, Hydraulic Line",59735,3
ML-6044,EQ-1337,B08,2025-11-21,Emergency Repair,Sergeant,8,"Radiator Core, Coolant",60072,7
ML-6045,EQ-1337,B08,2025-08-12,Oil & Filter Overhaul,Warrant Officer,8,"Injector Nozzle, Fuel Filter",56037,1
ML-6046,EQ-1338,B03,2026-06-12,Pre-Mission Inspection,Subedar Tech,6,"Tire Assembly, Hub Bearing",13733,1
ML-6047,EQ-1338,B03,2026-04-08,Pre-Mission Inspection,Subedar Tech,24,"Alternator, Belt Drive",13649,1
ML-6048,EQ-1338,B03,2026-02-14,Oil & Filter Overhaul,Warrant Officer,6,"Alternator, Belt Drive",17477,1
ML-6049,EQ-1338,B03,2025-12-09,Pre-Mission Inspection,Subedar Tech,4,"Radiator Core, Coolant",13762,1
ML-6050,EQ-1339,B01,2026-05-19,Routine Preventive,Naik Mech,24,"Starter Motor, Battery",44541,1
ML-6051,EQ-1339,B01,2026-02-13,Pre-Mission Inspection,Sergeant,48,"Injector Nozzle, Fuel Filter",54675,1
ML-6052,EQ-1339,B01,2025-11-10,Pre-Mission Inspection,Naik Mech,16,"Radiator Core, Coolant",42040,1
ML-6053,EQ-1339,B01,2025-08-12,Corrective Repair,Sergeant,6,"Brake Pads, Hydraulic Line",45202,2
ML-6054,EQ-1340,B06,2026-07-22,Corrective Repair,Sergeant,16,"Alternator, Belt Drive",61270,7
ML-6055,EQ-1340,B06,2026-06-22,Corrective Repair,Warrant Officer,12,"Injector Nozzle, Fuel Filter",54719,2
ML-6056,EQ-1341,B06,2026-06-08,Corrective Repair,Warrant Officer,4,"Tire Assembly, Hub Bearing",86796,3
ML-6057,EQ-1341,B06,2026-04-22,Corrective Repair,Havildar Tech,16,"Tire Assembly, Hub Bearing",97553,3
ML-6058,EQ-1342,B07,2026-06-02,Emergency Repair,Warrant Officer,24,"Tire Assembly, Hub Bearing",45157,1
ML-6059,EQ-1342,B07,2026-03-06,Oil & Filter Overhaul,Subedar Tech,48,"Alternator, Belt Drive",30867,1
ML-6060,EQ-1342,B07,2025-12-21,Oil & Filter Overhaul,Havildar Tech,12,"Alternator, Belt Drive",38396,1
ML-6061,EQ-1343,B01,2026-06-19,Routine Preventive,Naik Mech,16,"Brake Pads, Hydraulic Line",32993,1
ML-6062,EQ-1343,B01,2026-05-14,Emergency Repair,Havildar Tech,24,"Sensors, Wiring Harness",28057,3
ML-6063,EQ-1343,B01,2026-03-21,Pre-Mission Inspection,Sergeant,48,"Tire Assembly, Hub Bearing",30803,1
ML-6064,EQ-1343,B01,2026-02-23,Routine Preventive,Naik Mech,48,"Sensors, Wiring Harness",32810,1
ML-6065,EQ-1344,B04,2026-06-07,Oil & Filter Overhaul,Naik Mech,24,"Sensors, Wiring Harness",15081,1
ML-6066,EQ-1344,B04,2026-04-10,Pre-Mission Inspection,Sergeant,8,"Radiator Core, Coolant",16514,1
ML-6067,EQ-1344,B04,2026-02-17,Routine Preventive,Warrant Officer,8,"Brake Pads, Hydraulic Line",12801,1
ML-6068,EQ-1344,B04,2025-12-16,Emergency Repair,Naik Mech,24,"Injector Nozzle, Fuel Filter",14899,3
ML-6069,EQ-1345,B07,2026-05-23,Oil & Filter Overhaul,Naik Mech,16,"Sensors, Wiring Harness",43190,1
ML-6070,EQ-1345,B07,2026-02-14,Emergency Repair,Havildar Tech,12,"Injector Nozzle, Fuel Filter",54866,3
ML-6071,EQ-1346,B04,2026-06-02,Emergency Repair,Warrant Officer,48,"Tire Assembly, Hub Bearing",46937,7
ML-6072,EQ-1346,B04,2026-03-09,Corrective Repair,Sergeant,6,"Sensors, Wiring Harness",47569,7
ML-6073,EQ-1346,B04,2025-12-29,Oil & Filter Overhaul,Subedar Tech,12,"Alternator, Belt Drive",40629,1
ML-6074,EQ-1347,B03,2026-05-18,Emergency Repair,Sergeant,16,"Oil Filter, Gaskets",53083,5
ML-6075,EQ-1347,B03,2026-02-09,Routine Preventive,Sergeant,4,"Injector Nozzle, Fuel Filter",56404,1
ML-6076,EQ-1347,B03,2025-11-12,Emergency Repair,Naik Mech,4,"Radiator Core, Coolant",55557,1
ML-6077,EQ-1347,B03,2025-08-17,Pre-Mission Inspection,Subedar Tech,24,"Alternator, Belt Drive",42526,1
ML-6078,EQ-1348,B08,2026-07-06,Oil & Filter Overhaul,Sergeant,4,"Oil Filter, Gaskets",63423,1
ML-6079,EQ-1348,B08,2026-06-21,Pre-Mission Inspection,Warrant Officer,4,"Brake Pads, Hydraulic Line",79114,1
ML-6080,EQ-1348,B08,2026-05-20,Corrective Repair,Havildar Tech,6,"Injector Nozzle, Fuel Filter",77680,5
ML-6081,EQ-1348,B08,2026-04-22,Pre-Mission Inspection,Warrant Officer,4,"Sensors, Wiring Harness",64014,1
ML-6082,EQ-1349,B06,2026-05-17,Pre-Mission Inspection,Havildar Tech,16,"Oil Filter, Gaskets",41338,1
ML-6083,EQ-1349,B06,2026-02-13,Routine Preventive,Subedar Tech,4,"Oil Filter, Gaskets",43320,1
ML-6084,EQ-1349,B06,2025-11-14,Routine Preventive,Naik Mech,48,"Radiator Core, Coolant",48885,1
ML-6085,EQ-1349,B06,2025-08-22,Pre-Mission Inspection,Naik Mech,12,"Injector Nozzle, Fuel Filter",57603,1
ML-6086,EQ-1350,B08,2026-06-15,Corrective Repair,Sergeant,4,"Radiator Core, Coolant",17053,7
ML-6087,EQ-1350,B08,2026-04-20,Pre-Mission Inspection,Naik Mech,12,"Starter Motor, Battery",16814,1
ML-6088,EQ-1351,B08,2026-05-22,Oil & Filter Overhaul,Sergeant,16,"Brake Pads, Hydraulic Line",30747,1
ML-6089,EQ-1351,B08,2026-03-08,Pre-Mission Inspection,Naik Mech,16,"Sensors, Wiring Harness",39654,1
ML-6090,EQ-1351,B08,2026-01-01,Oil & Filter Overhaul,Warrant Officer,12,"Starter Motor, Battery",34889,1
ML-6091,EQ-1351,B08,2025-10-15,Routine Preventive,Warrant Officer,4,"Tire Assembly, Hub Bearing",37037,1
ML-6092,EQ-1352,B01,2026-06-28,Pre-Mission Inspection,Sergeant,4,"Sensors, Wiring Harness",33127,1
ML-6093,EQ-1352,B01,2026-05-20,Corrective Repair,Havildar Tech,24,"Oil Filter, Gaskets",27115,5
ML-6094,EQ-1353,B08,2026-05-28,Routine Preventive,Naik Mech,8,"Sensors, Wiring Harness",44356,1
ML-6095,EQ-1353,B08,2026-03-22,Emergency Repair,Sergeant,16,"Alternator, Belt Drive",40096,3
ML-6096,EQ-1354,B02,2026-06-07,Emergency Repair,Havildar Tech,4,"Injector Nozzle, Fuel Filter",40823,2
ML-6097,EQ-1354,B02,2026-03-09,Emergency Repair,Subedar Tech,24,"Alternator, Belt Drive",35021,7
ML-6098,EQ-1355,B02,2026-06-11,Emergency Repair,Sergeant,12,"Injector Nozzle, Fuel Filter",101016,1
ML-6099,EQ-1355,B02,2026-04-09,Oil & Filter Overhaul,Havildar Tech,6,"Starter Motor, Battery",108097,1
ML-6100,EQ-1356,B04,2026-05-21,Corrective Repair,Sergeant,16,"Injector Nozzle, Fuel Filter",38784,3
ML-6101,EQ-1356,B04,2026-03-25,Pre-Mission Inspection,Sergeant,4,"Sensors, Wiring Harness",30982,1
ML-6102,EQ-1357,B01,2026-07-06,Emergency Repair,Naik Mech,8,"Sensors, Wiring Harness",74687,5
ML-6103,EQ-1357,B01,2026-06-05,Emergency Repair,Naik Mech,24,"Tire Assembly, Hub Bearing",61226,5
ML-6104,EQ-1357,B01,2026-05-08,Oil & Filter Overhaul,Naik Mech,6,"Injector Nozzle, Fuel Filter",82689,1
ML-6105,EQ-1358,B08,2026-05-11,Oil & Filter Overhaul,Subedar Tech,12,"Tire Assembly, Hub Bearing",52518,1
ML-6106,EQ-1358,B08,2026-02-14,Corrective Repair,Naik Mech,6,"Starter Motor, Battery",58365,2
ML-6107,EQ-1358,B08,2025-11-08,Emergency Repair,Sergeant,48,"Radiator Core, Coolant",45937,5
ML-6108,EQ-1359,B03,2026-06-16,Emergency Repair,Sergeant,24,"Injector Nozzle, Fuel Filter",17387,2
ML-6109,EQ-1359,B03,2026-04-21,Corrective Repair,Warrant Officer,12,"Starter Motor, Battery",13452,3
ML-6110,EQ-1360,B04,2026-07-06,Oil & Filter Overhaul,Naik Mech,12,"Tire Assembly, Hub Bearing",83543,1
ML-6111,EQ-1360,B04,2026-06-15,Corrective Repair,Naik Mech,48,"Injector Nozzle, Fuel Filter",63040,5
ML-6112,EQ-1360,B04,2026-05-22,Corrective Repair,Sergeant,16,"Sensors, Wiring Harness",70851,7
ML-6113,EQ-1361,B04,2026-06-21,Emergency Repair,Sergeant,12,"Oil Filter, Gaskets",27949,3
ML-6114,EQ-1361,B04,2026-05-15,Corrective Repair,Naik Mech,8,"Brake Pads, Hydraulic Line",33439,7
ML-6115,EQ-1361,B04,2026-04-01,Corrective Repair,Subedar Tech,6,"Brake Pads, Hydraulic Line",29341,3
ML-6116,EQ-1362,B05,2026-06-02,Emergency Repair,Subedar Tech,8,"Tire Assembly, Hub Bearing",41999,1
ML-6117,EQ-1362,B05,2026-03-18,Routine Preventive,Subedar Tech,48,"Tire Assembly, Hub Bearing",42924,1
ML-6118,EQ-1362,B05,2025-12-24,Pre-Mission Inspection,Havildar Tech,48,"Oil Filter, Gaskets",29486,1
ML-6119,EQ-1362,B05,2025-10-18,Emergency Repair,Havildar Tech,12,"Sensors, Wiring Harness",36018,3
ML-6120,EQ-1363,B05,2026-05-22,Corrective Repair,Havildar Tech,6,"Brake Pads, Hydraulic Line",41407,2
ML-6121,EQ-1363,B05,2026-02-13,Routine Preventive,Havildar Tech,16,"Starter Motor, Battery",42514,1
ML-6122,EQ-1363,B05,2025-11-26,Pre-Mission Inspection,Havildar Tech,24,"Radiator Core, Coolant",59890,1
ML-6123,EQ-1363,B05,2025-08-24,Oil & Filter Overhaul,Havildar Tech,48,"Tire Assembly, Hub Bearing",56184,1
ML-6124,EQ-1364,B04,2026-06-05,Pre-Mission Inspection,Havildar Tech,12,"Alternator, Belt Drive",15480,1
ML-6125,EQ-1364,B04,2026-04-11,Corrective Repair,Naik Mech,4,"Brake Pads, Hydraulic Line",11896,3
ML-6126,EQ-1364,B04,2026-02-20,Routine Preventive,Havildar Tech,16,"Starter Motor, Battery",16662,1
ML-6127,EQ-1365,B02,2026-06-09,Pre-Mission Inspection,Warrant Officer,24,"Oil Filter, Gaskets",88342,1
ML-6128,EQ-1365,B02,2026-04-23,Routine Preventive,Havildar Tech,24,"Tire Assembly, Hub Bearing",103761,1
ML-6129,EQ-1366,B02,2026-07-10,Emergency Repair,Warrant Officer,8,"Sensors, Wiring Harness",82707,5
ML-6130,EQ-1366,B02,2026-06-20,Emergency Repair,Havildar Tech,48,"Sensors, Wiring Harness",57545,2
ML-6131,EQ-1366,B02,2026-05-15,Emergency Repair,Subedar Tech,48,"Injector Nozzle, Fuel Filter",65707,1
ML-6132,EQ-1367,B03,2026-06-23,Oil & Filter Overhaul,Warrant Officer,4,"Brake Pads, Hydraulic Line",88770,1
ML-6133,EQ-1367,B03,2026-04-06,Corrective Repair,Warrant Officer,6,"Tire Assembly, Hub Bearing",85775,5
ML-6134,EQ-1367,B03,2026-02-24,Oil & Filter Overhaul,Subedar Tech,24,"Injector Nozzle, Fuel Filter",116983,1
ML-6135,EQ-1367,B03,2025-12-07,Pre-Mission Inspection,Subedar Tech,4,"Injector Nozzle, Fuel Filter",92305,1
ML-6136,EQ-1368,B02,2026-05-08,Corrective Repair,Naik Mech,48,"Radiator Core, Coolant",49795,3
ML-6137,EQ-1368,B02,2026-02-04,Corrective Repair,Warrant Officer,6,"Starter Motor, Battery",55908,7
ML-6138,EQ-1368,B02,2025-11-11,Emergency Repair,Naik Mech,8,"Brake Pads, Hydraulic Line",64310,7
ML-6139,EQ-1369,B02,2026-07-01,Pre-Mission Inspection,Sergeant,12,"Radiator Core, Coolant",33028,1
ML-6140,EQ-1369,B02,2026-05-19,Pre-Mission Inspection,Sergeant,24,"Starter Motor, Battery",31278,1
ML-6141,EQ-1370,B01,2026-07-10,Pre-Mission Inspection,Warrant Officer,16,"Injector Nozzle, Fuel Filter",74042,1
ML-6142,EQ-1370,B01,2026-06-14,Oil & Filter Overhaul,Naik Mech,8,"Tire Assembly, Hub Bearing",56374,1
ML-6143,EQ-1371,B05,2026-05-05,Pre-Mission Inspection,Havildar Tech,16,"Oil Filter, Gaskets",48268,1
ML-6144,EQ-1371,B05,2026-02-20,Corrective Repair,Havildar Tech,4,"Injector Nozzle, Fuel Filter",53912,7
ML-6145,EQ-1372,B01,2026-07-02,Routine Preventive,Naik Mech,24,"Oil Filter, Gaskets",23558,1
ML-6146,EQ-1372,B01,2026-05-10,Corrective Repair,Naik Mech,6,"Starter Motor, Battery",20959,7
ML-6147,EQ-1372,B01,2026-03-31,Routine Preventive,Sergeant,48,"Sensors, Wiring Harness",24662,1
ML-6148,EQ-1373,B06,2026-05-06,Pre-Mission Inspection,Warrant Officer,16,"Radiator Core, Coolant",48229,1
ML-6149,EQ-1373,B06,2026-02-19,Oil & Filter Overhaul,Naik Mech,48,"Alternator, Belt Drive",62839,1
ML-6150,EQ-1373,B06,2025-11-16,Oil & Filter Overhaul,Warrant Officer,12,"Brake Pads, Hydraulic Line",64505,1
ML-6151,EQ-1373,B06,2025-08-28,Corrective Repair,Naik Mech,24,"Sensors, Wiring Harness",52562,1
ML-6152,EQ-1374,B01,2026-06-24,Corrective Repair,Warrant Officer,6,"Radiator Core, Coolant",82367,5
ML-6153,EQ-1374,B01,2026-04-15,Emergency Repair,Warrant Officer,12,"Injector Nozzle, Fuel Filter",93656,7
ML-6154,EQ-1374,B01,2026-02-05,Routine Preventive,Sergeant,24,"Starter Motor, Battery",85589,1
ML-6155,EQ-1375,B01,2026-06-11,Routine Preventive,Subedar Tech,8,"Oil Filter, Gaskets",15118,1
ML-6156,EQ-1375,B01,2026-04-21,Routine Preventive,Havildar Tech,48,"Starter Motor, Battery",12431,1
ML-6157,EQ-1375,B01,2026-02-09,Corrective Repair,Warrant Officer,4,"Brake Pads, Hydraulic Line",11825,7
ML-6158,EQ-1376,B05,2026-06-15,Routine Preventive,Subedar Tech,6,"Alternator, Belt Drive",15567,1
ML-6159,EQ-1376,B05,2026-04-19,Routine Preventive,Sergeant,12,"Oil Filter, Gaskets",12239,1
ML-6160,EQ-1376,B05,2026-02-11,Corrective Repair,Havildar Tech,24,"Tire Assembly, Hub Bearing",14467,3
ML-6161,EQ-1377,B03,2026-06-22,Pre-Mission Inspection,Subedar Tech,12,"Brake Pads, Hydraulic Line",25783,1
ML-6162,EQ-1377,B03,2026-05-21,Emergency Repair,Sergeant,8,"Tire Assembly, Hub Bearing",24793,2
ML-6163,EQ-1377,B03,2026-04-09,Pre-Mission Inspection,Subedar Tech,48,"Injector Nozzle, Fuel Filter",24933,1
ML-6164,EQ-1378,B04,2026-06-17,Emergency Repair,Havildar Tech,48,"Radiator Core, Coolant",104227,3
ML-6165,EQ-1378,B04,2026-04-14,Corrective Repair,Sergeant,12,"Sensors, Wiring Harness",97890,3
ML-6166,EQ-1379,B05,2026-07-06,Routine Preventive,Havildar Tech,6,"Oil Filter, Gaskets",32960,1
ML-6167,EQ-1379,B05,2026-05-16,Routine Preventive,Subedar Tech,6,"Brake Pads, Hydraulic Line",21998,1
ML-6168,EQ-1379,B05,2026-03-27,Emergency Repair,Havildar Tech,12,"Radiator Core, Coolant",32953,7
ML-6169,EQ-1379,B05,2026-02-15,Oil & Filter Overhaul,Warrant Officer,8,"Starter Motor, Battery",24929,1
ML-6170,EQ-1380,B04,2026-05-25,Emergency Repair,Havildar Tech,12,"Oil Filter, Gaskets",47499,5
ML-6171,EQ-1380,B04,2026-03-18,Routine Preventive,Warrant Officer,4,"Starter Motor, Battery",39067,1
ML-6172,EQ-1380,B04,2025-12-29,Routine Preventive,Subedar Tech,6,"Tire Assembly, Hub Bearing",42907,1
ML-6173,EQ-1380,B04,2025-10-18,Corrective Repair,Sergeant,24,"Tire Assembly, Hub Bearing",39234,5
ML-6174,EQ-1381,B01,2026-07-04,Emergency Repair,Havildar Tech,16,"Radiator Core, Coolant",20925,2
ML-6175,EQ-1381,B01,2026-05-23,Routine Preventive,Warrant Officer,12,"Starter Motor, Battery",23028,1
ML-6176,EQ-1381,B01,2026-03-21,Routine Preventive,Subedar Tech,48,"Sensors, Wiring Harness",32351,1
ML-6177,EQ-1382,B02,2026-05-08,Oil & Filter Overhaul,Warrant Officer,12,"Oil Filter, Gaskets",43607,1
ML-6178,EQ-1382,B02,2026-02-07,Routine Preventive,Subedar Tech,4,"Brake Pads, Hydraulic Line",59334,1
ML-6179,EQ-1382,B02,2025-11-15,Corrective Repair,Havildar Tech,16,"Starter Motor, Battery",53330,1
ML-6180,EQ-1382,B02,2025-08-23,Emergency Repair,Sergeant,6,"Starter Motor, Battery",43080,3
ML-6181,EQ-1383,B04,2026-05-19,Corrective Repair,Havildar Tech,12,"Tire Assembly, Hub Bearing",58330,2
ML-6182,EQ-1383,B04,2026-02-12,Corrective Repair,Naik Mech,24,"Brake Pads, Hydraulic Line",55400,7
ML-6183,EQ-1384,B01,2026-07-13,Corrective Repair,Warrant Officer,16,"Starter Motor, Battery",66025,7
ML-6184,EQ-1384,B01,2026-06-08,Corrective Repair,Sergeant,24,"Injector Nozzle, Fuel Filter",83006,7
ML-6185,EQ-1385,B02,2026-07-15,Emergency Repair,Sergeant,12,"Tire Assembly, Hub Bearing",81868,7
ML-6186,EQ-1385,B02,2026-06-05,Emergency Repair,Subedar Tech,48,"Injector Nozzle, Fuel Filter",73137,1
ML-6187,EQ-1385,B02,2026-05-10,Oil & Filter Overhaul,Subedar Tech,16,"Brake Pads, Hydraulic Line",85955,1
ML-6188,EQ-1386,B08,2026-06-05,Corrective Repair,Subedar Tech,24,"Alternator, Belt Drive",43901,7
ML-6189,EQ-1386,B08,2026-03-09,Pre-Mission Inspection,Sergeant,48,"Tire Assembly, Hub Bearing",34905,1
ML-6190,EQ-1386,B08,2026-01-05,Corrective Repair,Naik Mech,24,"Alternator, Belt Drive",31091,7
ML-6191,EQ-1386,B08,2025-10-07,Oil & Filter Overhaul,Naik Mech,6,"Tire Assembly, Hub Bearing",44428,1
ML-6192,EQ-1387,B03,2026-07-08,Pre-Mission Inspection,Havildar Tech,24,"Tire Assembly, Hub Bearing",33356,1
ML-6193,EQ-1387,B03,2026-05-10,Corrective Repair,Naik Mech,8,"Brake Pads, Hydraulic Line",26170,1
ML-6194,EQ-1387,B03,2026-03-30,Routine Preventive,Subedar Tech,4,"Oil Filter, Gaskets",30433,1
ML-6195,EQ-1388,B01,2026-06-22,Corrective Repair,Warrant Officer,48,"Starter Motor, Battery",28110,2
ML-6196,EQ-1388,B01,2026-05-08,Pre-Mission Inspection,Sergeant,6,"Brake Pads, Hydraulic Line",28535,1
ML-6197,EQ-1389,B08,2026-06-21,Emergency Repair,Naik Mech,12,"Tire Assembly, Hub Bearing",16450,5
ML-6198,EQ-1389,B08,2026-04-06,Corrective Repair,Warrant Officer,4,"Alternator, Belt Drive",15786,5
ML-6199,EQ-1390,B06,2026-06-27,Pre-Mission Inspection,Naik Mech,12,"Oil Filter, Gaskets",28325,1
ML-6200,EQ-1390,B06,2026-05-05,Emergency Repair,Sergeant,12,"Oil Filter, Gaskets",29608,3
ML-6201,EQ-1391,B03,2026-06-22,Oil & Filter Overhaul,Havildar Tech,16,"Oil Filter, Gaskets",14856,1
ML-6202,EQ-1391,B03,2026-04-09,Oil & Filter Overhaul,Naik Mech,12,"Injector Nozzle, Fuel Filter",17032,1
ML-6203,EQ-1392,B07,2026-06-16,Emergency Repair,Sergeant,6,"Brake Pads, Hydraulic Line",16243,3
ML-6204,EQ-1392,B07,2026-04-20,Routine Preventive,Subedar Tech,6,"Starter Motor, Battery",11674,1
ML-6205,EQ-1393,B07,2026-07-19,Routine Preventive,Warrant Officer,48,"Oil Filter, Gaskets",74528,1
ML-6206,EQ-1393,B07,2026-06-20,Emergency Repair,Sergeant,12,"Tire Assembly, Hub Bearing",52719,7
ML-6207,EQ-1394,B05,2026-06-06,Emergency Repair,Subedar Tech,12,"Sensors, Wiring Harness",40202,3
ML-6208,EQ-1394,B05,2026-03-26,Corrective Repair,Warrant Officer,6,"Oil Filter, Gaskets",34781,2
ML-6209,EQ-1394,B05,2025-12-27,Oil & Filter Overhaul,Warrant Officer,48,"Injector Nozzle, Fuel Filter",45079,1
ML-6210,EQ-1395,B02,2026-06-04,Oil & Filter Overhaul,Sergeant,4,"Alternator, Belt Drive",16620,1
ML-6211,EQ-1395,B02,2026-04-08,Routine Preventive,Subedar Tech,48,"Tire Assembly, Hub Bearing",13905,1
ML-6212,EQ-1395,B02,2026-02-14,Routine Preventive,Havildar Tech,16,"Injector Nozzle, Fuel Filter",11955,1
ML-6213,EQ-1396,B01,2026-06-22,Corrective Repair,Warrant Officer,16,"Brake Pads, Hydraulic Line",30018,3
ML-6214,EQ-1396,B01,2026-05-11,Corrective Repair,Naik Mech,24,"Alternator, Belt Drive",30055,2
ML-6215,EQ-1396,B01,2026-04-08,Corrective Repair,Havildar Tech,8,"Sensors, Wiring Harness",28542,1
ML-6216,EQ-1396,B01,2026-02-15,Emergency Repair,Sergeant,6,"Starter Motor, Battery",20559,2
ML-6217,EQ-1397,B03,2026-06-13,Oil & Filter Overhaul,Sergeant,8,"Radiator Core, Coolant",112015,1
ML-6218,EQ-1397,B03,2026-04-21,Pre-Mission Inspection,Naik Mech,48,"Alternator, Belt Drive",103467,1
ML-6219,EQ-1397,B03,2026-02-17,Oil & Filter Overhaul,Subedar Tech,12,"Tire Assembly, Hub Bearing",110348,1
ML-6220,EQ-1397,B03,2025-12-10,Routine Preventive,Sergeant,24,"Sensors, Wiring Harness",86301,1
ML-6221,EQ-1398,B02,2026-06-19,Oil & Filter Overhaul,Havildar Tech,24,"Brake Pads, Hydraulic Line",101377,1
ML-6222,EQ-1398,B02,2026-04-12,Emergency Repair,Warrant Officer,12,"Injector Nozzle, Fuel Filter",91226,1
ML-6223,EQ-1399,B02,2026-05-25,Routine Preventive,Naik Mech,12,"Tire Assembly, Hub Bearing",44761,1
ML-6224,EQ-1399,B02,2026-02-23,Corrective Repair,Subedar Tech,6,"Oil Filter, Gaskets",40855,3
ML-6225,EQ-1400,B05,2026-05-22,Pre-Mission Inspection,Subedar Tech,48,"Brake Pads, Hydraulic Line",34349,1
ML-6226,EQ-1400,B05,2026-03-22,Corrective Repair,Sergeant,16,"Alternator, Belt Drive",30114,1
ML-6227,EQ-1400,B05,2025-12-26,Routine Preventive,Warrant Officer,24,"Alternator, Belt Drive",40241,1
ML-6228,EQ-1401,B07,2026-07-07,Routine Preventive,Warrant Officer,4,"Injector Nozzle, Fuel Filter",21175,1
ML-6229,EQ-1401,B07,2026-05-21,Oil & Filter Overhaul,Subedar Tech,4,"Alternator, Belt Drive",22371,1
ML-6230,EQ-1402,B04,2026-07-04,Oil & Filter Overhaul,Warrant Officer,12,"Sensors, Wiring Harness",31125,1
ML-6231,EQ-1402,B04,2026-05-21,Oil & Filter Overhaul,Sergeant,24,"Sensors, Wiring Harness",31168,1
ML-6232,EQ-1402,B04,2026-04-05,Oil & Filter Overhaul,Warrant Officer,48,"Injector Nozzle, Fuel Filter",20498,1
ML-6233,EQ-1403,B01,2026-06-06,Corrective Repair,Naik Mech,48,"Starter Motor, Battery",37928,3
ML-6234,EQ-1403,B01,2026-03-10,Emergency Repair,Havildar Tech,12,"Starter Motor, Battery",34013,5
ML-6235,EQ-1404,B08,2026-07-02,Corrective Repair,Sergeant,8,"Oil Filter, Gaskets",26330,3
ML-6236,EQ-1404,B08,2026-05-13,Routine Preventive,Naik Mech,16,"Starter Motor, Battery",23902,1
ML-6237,EQ-1404,B08,2026-03-27,Routine Preventive,Havildar Tech,4,"Sensors, Wiring Harness",23554,1
ML-6238,EQ-1404,B08,2026-02-16,Routine Preventive,Sergeant,16,"Sensors, Wiring Harness",27465,1
ML-6239,EQ-1405,B07,2026-07-18,Oil & Filter Overhaul,Naik Mech,12,"Brake Pads, Hydraulic Line",53184,1
ML-6240,EQ-1405,B07,2026-06-09,Corrective Repair,Subedar Tech,6,"Alternator, Belt Drive",53405,3
ML-6241,EQ-1405,B07,2026-05-12,Corrective Repair,Subedar Tech,12,"Starter Motor, Battery",58219,1
ML-6242,EQ-1405,B07,2026-04-16,Routine Preventive,Naik Mech,16,"Brake Pads, Hydraulic Line",63253,1
ML-6243,EQ-1406,B07,2026-06-12,Routine Preventive,Sergeant,16,"Alternator, Belt Drive",109958,1
ML-6244,EQ-1406,B07,2026-04-23,Oil & Filter Overhaul,Naik Mech,6,"Injector Nozzle, Fuel Filter",118631,1
ML-6245,EQ-1407,B04,2026-07-02,Pre-Mission Inspection,Warrant Officer,48,"Tire Assembly, Hub Bearing",31415,1
ML-6246,EQ-1407,B04,2026-05-13,Routine Preventive,Havildar Tech,8,"Starter Motor, Battery",24653,1
ML-6247,EQ-1407,B04,2026-03-27,Routine Preventive,Subedar Tech,16,"Radiator Core, Coolant",22882,1
ML-6248,EQ-1407,B04,2026-02-04,Oil & Filter Overhaul,Warrant Officer,24,"Oil Filter, Gaskets",24871,1
ML-6249,EQ-1408,B01,2026-06-21,Oil & Filter Overhaul,Warrant Officer,8,"Injector Nozzle, Fuel Filter",74817,1
ML-6250,EQ-1408,B01,2026-04-21,Routine Preventive,Sergeant,48,"Sensors, Wiring Harness",85371,1
ML-6251,EQ-1409,B03,2026-05-19,Routine Preventive,Subedar Tech,4,"Starter Motor, Battery",56170,1
ML-6252,EQ-1409,B03,2026-02-15,Pre-Mission Inspection,Sergeant,16,"Brake Pads, Hydraulic Line",63014,1
ML-6253,EQ-1409,B03,2025-11-09,Routine Preventive,Warrant Officer,16,"Alternator, Belt Drive",48646,1
ML-6254,EQ-1409,B03,2025-08-27,Oil & Filter Overhaul,Subedar Tech,12,"Brake Pads, Hydraulic Line",49033,1
ML-6255,EQ-1410,B05,2026-06-21,Corrective Repair,Naik Mech,4,"Tire Assembly, Hub Bearing",14962,2
ML-6256,EQ-1410,B05,2026-04-09,Pre-Mission Inspection,Subedar Tech,12,"Oil Filter, Gaskets",12265,1
ML-6257,EQ-1410,B05,2026-02-06,Emergency Repair,Sergeant,48,"Starter Motor, Battery",16088,2
ML-6258,EQ-1410,B05,2025-12-25,Corrective Repair,Sergeant,16,"Sensors, Wiring Harness",13579,3
ML-6259,EQ-1411,B02,2026-05-05,Corrective Repair,Havildar Tech,24,"Starter Motor, Battery",56117,2
ML-6260,EQ-1411,B02,2026-02-17,Emergency Repair,Naik Mech,24,"Brake Pads, Hydraulic Line",60464,2
ML-6261,EQ-1412,B02,2026-06-04,Corrective Repair,Naik Mech,12,"Radiator Core, Coolant",11628,5
ML-6262,EQ-1412,B02,2026-04-10,Oil & Filter Overhaul,Havildar Tech,12,"Oil Filter, Gaskets",17150,1
ML-6263,EQ-1413,B03,2026-06-09,Emergency Repair,Naik Mech,8,"Injector Nozzle, Fuel Filter",17249,5
ML-6264,EQ-1413,B03,2026-04-21,Emergency Repair,Naik Mech,6,"Tire Assembly, Hub Bearing",10742,7
ML-6265,EQ-1413,B03,2026-02-08,Oil & Filter Overhaul,Subedar Tech,6,"Brake Pads, Hydraulic Line",15037,1
ML-6266,EQ-1414,B04,2026-06-22,Emergency Repair,Naik Mech,8,"Oil Filter, Gaskets",25940,2
ML-6267,EQ-1414,B04,2026-05-22,Oil & Filter Overhaul,Subedar Tech,24,"Sensors, Wiring Harness",30070,1
ML-6268,EQ-1414,B04,2026-03-23,Routine Preventive,Warrant Officer,12,"Radiator Core, Coolant",23032,1
ML-6269,EQ-1414,B04,2026-02-09,Routine Preventive,Subedar Tech,6,"Radiator Core, Coolant",28644,1
ML-6270,EQ-1415,B03,2026-07-21,Routine Preventive,Subedar Tech,4,"Sensors, Wiring Harness",53948,1
ML-6271,EQ-1415,B03,2026-06-04,Routine Preventive,Subedar Tech,12,"Starter Motor, Battery",72772,1
ML-6272,EQ-1415,B03,2026-05-18,Pre-Mission Inspection,Sergeant,4,"Alternator, Belt Drive",73561,1
ML-6273,EQ-1416,B05,2026-05-29,Routine Preventive,Havildar Tech,16,"Injector Nozzle, Fuel Filter",42987,1
ML-6274,EQ-1416,B05,2026-03-06,Corrective Repair,Naik Mech,24,"Alternator, Belt Drive",39590,2
ML-6275,EQ-1416,B05,2026-01-03,Corrective Repair,Naik Mech,24,"Injector Nozzle, Fuel Filter",42690,2
ML-6276,EQ-1417,B01,2026-05-25,Emergency Repair,Havildar Tech,4,"Injector Nozzle, Fuel Filter",45324,1
ML-6277,EQ-1417,B01,2026-02-19,Routine Preventive,Warrant Officer,6,"Sensors, Wiring Harness",46391,1
ML-6278,EQ-1417,B01,2025-11-19,Pre-Mission Inspection,Sergeant,6,"Alternator, Belt Drive",59271,1
ML-6279,EQ-1418,B07,2026-07-03,Routine Preventive,Sergeant,12,"Tire Assembly, Hub Bearing",25756,1
ML-6280,EQ-1418,B07,2026-05-22,Corrective Repair,Sergeant,6,"Oil Filter, Gaskets",30915,1
ML-6281,EQ-1419,B04,2026-05-20,Corrective Repair,Naik Mech,12,"Starter Motor, Battery",41962,1
ML-6282,EQ-1419,B04,2026-02-08,Emergency Repair,Sergeant,12,"Brake Pads, Hydraulic Line",44702,1
ML-6283,EQ-1420,B05,2026-05-10,Pre-Mission Inspection,Subedar Tech,4,"Tire Assembly, Hub Bearing",65961,1
ML-6284,EQ-1420,B05,2026-02-23,Corrective Repair,Subedar Tech,24,"Oil Filter, Gaskets",61589,3
ML-6285,EQ-1421,B03,2026-06-24,Oil & Filter Overhaul,Naik Mech,4,"Oil Filter, Gaskets",10928,1
ML-6286,EQ-1421,B03,2026-04-13,Oil & Filter Overhaul,Sergeant,8,"Brake Pads, Hydraulic Line",12999,1
ML-6287,EQ-1421,B03,2026-02-16,Pre-Mission Inspection,Havildar Tech,12,"Sensors, Wiring Harness",14268,1
ML-6288,EQ-1422,B02,2026-06-05,Corrective Repair,Havildar Tech,4,"Injector Nozzle, Fuel Filter",13066,1
ML-6289,EQ-1422,B02,2026-04-17,Oil & Filter Overhaul,Sergeant,4,"Sensors, Wiring Harness",16138,1
ML-6290,EQ-1422,B02,2026-02-21,Oil & Filter Overhaul,Subedar Tech,16,"Oil Filter, Gaskets",16745,1
ML-6291,EQ-1423,B08,2026-06-30,Corrective Repair,Warrant Officer,6,"Oil Filter, Gaskets",25780,2
ML-6292,EQ-1423,B08,2026-05-14,Corrective Repair,Havildar Tech,48,"Sensors, Wiring Harness",29933,3
ML-6293,EQ-1423,B08,2026-04-02,Emergency Repair,Subedar Tech,48,"Oil Filter, Gaskets",21484,5
ML-6294,EQ-1423,B08,2026-02-19,Oil & Filter Overhaul,Havildar Tech,48,"Radiator Core, Coolant",25081,1
ML-6295,EQ-1424,B02,2026-07-08,Routine Preventive,Subedar Tech,4,"Starter Motor, Battery",83944,1
ML-6296,EQ-1424,B02,2026-06-17,Oil & Filter Overhaul,Subedar Tech,16,"Injector Nozzle, Fuel Filter",71662,1
ML-6297,EQ-1424,B02,2026-05-21,Oil & Filter Overhaul,Havildar Tech,48,"Oil Filter, Gaskets",68579,1
ML-6298,EQ-1424,B02,2026-04-16,Corrective Repair,Naik Mech,4,"Alternator, Belt Drive",76120,2
ML-6299,EQ-1425,B02,2026-07-18,Emergency Repair,Naik Mech,4,"Starter Motor, Battery",60921,2
ML-6300,EQ-1425,B02,2026-06-12,Emergency Repair,Havildar Tech,6,"Oil Filter, Gaskets",74661,1
ML-6301,EQ-1425,B02,2026-05-23,Oil & Filter Overhaul,Warrant Officer,16,"Tire Assembly, Hub Bearing",84008,1
ML-6302,EQ-1425,B02,2026-04-22,Pre-Mission Inspection,Sergeant,16,"Sensors, Wiring Harness",68444,1
ML-6303,EQ-1426,B07,2026-06-15,Emergency Repair,Havildar Tech,16,"Brake Pads, Hydraulic Line",16283,7
ML-6304,EQ-1426,B07,2026-04-19,Corrective Repair,Havildar Tech,16,"Radiator Core, Coolant",13318,1
ML-6305,EQ-1426,B07,2026-02-15,Pre-Mission Inspection,Sergeant,48,"Brake Pads, Hydraulic Line",14775,1
ML-6306,EQ-1426,B07,2025-12-17,Corrective Repair,Warrant Officer,8,"Starter Motor, Battery",11373,7
ML-6307,EQ-1427,B03,2026-06-07,Oil & Filter Overhaul,Havildar Tech,24,"Oil Filter, Gaskets",91288,1
ML-6308,EQ-1427,B03,2026-04-15,Emergency Repair,Havildar Tech,12,"Sensors, Wiring Harness",83360,7
ML-6309,EQ-1427,B03,2026-02-21,Routine Preventive,Havildar Tech,6,"Sensors, Wiring Harness",77696,1
ML-6310,EQ-1427,B03,2025-12-20,Oil & Filter Overhaul,Warrant Officer,4,"Starter Motor, Battery",113148,1
ML-6311,EQ-1428,B03,2026-06-20,Oil & Filter Overhaul,Havildar Tech,16,"Alternator, Belt Drive",23183,1
ML-6312,EQ-1428,B03,2026-05-22,Pre-Mission Inspection,Warrant Officer,16,"Oil Filter, Gaskets",23595,1
ML-6313,EQ-1429,B06,2026-05-09,Oil & Filter Overhaul,Subedar Tech,16,"Brake Pads, Hydraulic Line",50521,1
ML-6314,EQ-1429,B06,2026-02-06,Oil & Filter Overhaul,Sergeant,4,"Tire Assembly, Hub Bearing",45598,1
ML-6315,EQ-1430,B06,2026-05-15,Pre-Mission Inspection,Subedar Tech,8,"Oil Filter, Gaskets",55724,1
ML-6316,EQ-1430,B06,2026-02-06,Corrective Repair,Naik Mech,48,"Starter Motor, Battery",57135,1
ML-6317,EQ-1431,B02,2026-07-07,Pre-Mission Inspection,Sergeant,24,"Starter Motor, Battery",84857,1
ML-6318,EQ-1431,B02,2026-06-17,Corrective Repair,Sergeant,24,"Radiator Core, Coolant",63809,2
ML-6319,EQ-1431,B02,2026-05-08,Routine Preventive,Subedar Tech,48,"Alternator, Belt Drive",78514,1
ML-6320,EQ-1432,B08,2026-05-28,Routine Preventive,Naik Mech,8,"Sensors, Wiring Harness",39613,1
ML-6321,EQ-1432,B08,2026-03-26,Routine Preventive,Naik Mech,48,"Sensors, Wiring Harness",39405,1
ML-6322,EQ-1432,B08,2026-01-04,Routine Preventive,Subedar Tech,8,"Radiator Core, Coolant",43995,1
ML-6323,EQ-1432,B08,2025-10-21,Corrective Repair,Sergeant,12,"Injector Nozzle, Fuel Filter",43433,3
ML-6324,EQ-1433,B06,2026-06-24,Pre-Mission Inspection,Havildar Tech,4,"Sensors, Wiring Harness",10954,1
ML-6325,EQ-1433,B06,2026-04-06,Pre-Mission Inspection,Havildar Tech,4,"Alternator, Belt Drive",15081,1
ML-6326,EQ-1433,B06,2026-02-14,Pre-Mission Inspection,Naik Mech,12,"Injector Nozzle, Fuel Filter",10998,1
ML-6327,EQ-1434,B07,2026-06-05,Pre-Mission Inspection,Havildar Tech,8,"Oil Filter, Gaskets",40051,1
ML-6328,EQ-1434,B07,2026-03-11,Emergency Repair,Havildar Tech,48,"Tire Assembly, Hub Bearing",42457,2
ML-6329,EQ-1434,B07,2025-12-23,Oil & Filter Overhaul,Havildar Tech,16,"Brake Pads, Hydraulic Line",41976,1
ML-6330,EQ-1435,B03,2026-07-06,Emergency Repair,Havildar Tech,6,"Oil Filter, Gaskets",21437,2
ML-6331,EQ-1435,B03,2026-05-12,Corrective Repair,Warrant Officer,16,"Radiator Core, Coolant",23541,5
ML-6332,EQ-1435,B03,2026-03-24,Routine Preventive,Naik Mech,8,"Sensors, Wiring Harness",27969,1
ML-6333,EQ-1435,B03,2026-02-18,Oil & Filter Overhaul,Subedar Tech,24,"Alternator, Belt Drive",26306,1
ML-6334,EQ-1436,B04,2026-07-10,Corrective Repair,Havildar Tech,12,"Injector Nozzle, Fuel Filter",77965,1
ML-6335,EQ-1436,B04,2026-06-19,Routine Preventive,Naik Mech,12,"Injector Nozzle, Fuel Filter",74492,1
ML-6336,EQ-1437,B02,2026-05-27,Routine Preventive,Warrant Officer,6,"Tire Assembly, Hub Bearing",29445,1
ML-6337,EQ-1437,B02,2026-03-08,Emergency Repair,Havildar Tech,24,"Sensors, Wiring Harness",39083,5
ML-6338,EQ-1437,B02,2025-12-26,Corrective Repair,Warrant Officer,12,"Tire Assembly, Hub Bearing",41992,7
ML-6339,EQ-1438,B06,2026-06-16,Pre-Mission Inspection,Naik Mech,6,"Brake Pads, Hydraulic Line",13408,1
ML-6340,EQ-1438,B06,2026-04-23,Pre-Mission Inspection,Warrant Officer,6,"Radiator Core, Coolant",17374,1
ML-6341,EQ-1439,B08,2026-07-11,Pre-Mission Inspection,Subedar Tech,16,"Alternator, Belt Drive",85947,1
ML-6342,EQ-1439,B08,2026-06-04,Pre-Mission Inspection,Sergeant,16,"Radiator Core, Coolant",57132,1
ML-6343,EQ-1439,B08,2026-05-08,Oil & Filter Overhaul,Subedar Tech,24,"Brake Pads, Hydraulic Line",74166,1
ML-6344,EQ-1439,B08,2026-04-11,Routine Preventive,Warrant Officer,16,"Tire Assembly, Hub Bearing",74048,1
ML-6345,EQ-1440,B01,2026-05-21,Corrective Repair,Naik Mech,12,"Tire Assembly, Hub Bearing",39644,3
ML-6346,EQ-1440,B01,2026-03-10,Pre-Mission Inspection,Subedar Tech,12,"Oil Filter, Gaskets",39686,1
ML-6347,EQ-1441,B05,2026-06-16,Oil & Filter Overhaul,Subedar Tech,6,"Radiator Core, Coolant",16810,1
ML-6348,EQ-1441,B05,2026-04-17,Emergency Repair,Sergeant,16,"Sensors, Wiring Harness",11880,5
ML-6349,EQ-1442,B02,2026-05-23,Pre-Mission Inspection,Subedar Tech,8,"Injector Nozzle, Fuel Filter",58869,1
ML-6350,EQ-1442,B02,2026-02-09,Corrective Repair,Sergeant,8,"Sensors, Wiring Harness",45496,2
ML-6351,EQ-1442,B02,2025-11-14,Oil & Filter Overhaul,Sergeant,6,"Starter Motor, Battery",65776,1
ML-6352,EQ-1443,B04,2026-06-30,Corrective Repair,Subedar Tech,6,"Oil Filter, Gaskets",31288,7
ML-6353,EQ-1443,B04,2026-05-22,Routine Preventive,Warrant Officer,16,"Brake Pads, Hydraulic Line",31986,1
ML-6354,EQ-1443,B04,2026-03-22,Pre-Mission Inspection,Subedar Tech,4,"Starter Motor, Battery",26792,1
ML-6355,EQ-1443,B04,2026-02-06,Routine Preventive,Subedar Tech,48,"Oil Filter, Gaskets",23515,1
ML-6356,EQ-1444,B02,2026-06-24,Routine Preventive,Subedar Tech,8,"Injector Nozzle, Fuel Filter",17223,1
ML-6357,EQ-1444,B02,2026-04-23,Emergency Repair,Warrant Officer,8,"Injector Nozzle, Fuel Filter",10866,7
ML-6358,EQ-1445,B04,2026-05-27,Emergency Repair,Sergeant,8,"Sensors, Wiring Harness",29991,5
ML-6359,EQ-1445,B04,2026-03-18,Emergency Repair,Subedar Tech,6,"Injector Nozzle, Fuel Filter",34484,7
ML-6360,EQ-1445,B04,2025-12-31,Pre-Mission Inspection,Subedar Tech,24,"Alternator, Belt Drive",47284,1
ML-6361,EQ-1446,B05,2026-05-24,Corrective Repair,Sergeant,8,"Radiator Core, Coolant",44916,2
ML-6362,EQ-1446,B05,2026-02-22,Oil & Filter Overhaul,Subedar Tech,6,"Brake Pads, Hydraulic Line",66103,1
ML-6363,EQ-1447,B01,2026-06-17,Oil & Filter Overhaul,Warrant Officer,24,"Tire Assembly, Hub Bearing",13533,1
ML-6364,EQ-1447,B01,2026-04-21,Pre-Mission Inspection,Naik Mech,6,"Radiator Core, Coolant",15759,1
ML-6365,EQ-1447,B01,2026-02-13,Corrective Repair,Sergeant,4,"Starter Motor, Battery",12604,1
ML-6366,EQ-1447,B01,2025-12-22,Corrective Repair,Sergeant,4,"Injector Nozzle, Fuel Filter",11934,2
ML-6367,EQ-1448,B07,2026-06-28,Oil & Filter Overhaul,Sergeant,8,"Alternator, Belt Drive",26737,1
ML-6368,EQ-1448,B07,2026-05-05,Corrective Repair,Sergeant,6,"Sensors, Wiring Harness",23906,1
ML-6369,EQ-1449,B02,2026-07-03,Routine Preventive,Subedar Tech,24,"Injector Nozzle, Fuel Filter",32620,1
ML-6370,EQ-1449,B02,2026-05-20,Emergency Repair,Naik Mech,16,"Starter Motor, Battery",22677,1
ML-6371,EQ-1449,B02,2026-03-28,Oil & Filter Overhaul,Naik Mech,24,"Brake Pads, Hydraulic Line",30952,1
ML-6372,EQ-1450,B04,2026-06-19,Routine Preventive,Sergeant,8,"Starter Motor, Battery",16181,1
ML-6373,EQ-1450,B04,2026-04-15,Pre-Mission Inspection,Havildar Tech,8,"Tire Assembly, Hub Bearing",12419,1
ML-6374,EQ-1451,B02,2026-05-21,Pre-Mission Inspection,Naik Mech,12,"Oil Filter, Gaskets",61741,1
ML-6375,EQ-1451,B02,2026-02-19,Pre-Mission Inspection,Warrant Officer,4,"Alternator, Belt Drive",41794,1
ML-6376,EQ-1452,B04,2026-06-03,Emergency Repair,Havildar Tech,8,"Starter Motor, Battery",29224,7
ML-6377,EQ-1452,B04,2026-03-08,Oil & Filter Overhaul,Naik Mech,12,"Brake Pads, Hydraulic Line",34897,1
ML-6378,EQ-1453,B08,2026-06-08,Pre-Mission Inspection,Warrant Officer,6,"Oil Filter, Gaskets",40345,1
ML-6379,EQ-1453,B08,2026-03-11,Routine Preventive,Sergeant,24,"Tire Assembly, Hub Bearing",30445,1
ML-6380,EQ-1454,B08,2026-06-12,Routine Preventive,Havildar Tech,6,"Injector Nozzle, Fuel Filter",13393,1
ML-6381,EQ-1454,B08,2026-04-06,Oil & Filter Overhaul,Sergeant,12,"Injector Nozzle, Fuel Filter",15586,1
ML-6382,EQ-1455,B05,2026-06-04,Pre-Mission Inspection,Warrant Officer,8,"Oil Filter, Gaskets",30778,1
ML-6383,EQ-1455,B05,2026-03-06,Pre-Mission Inspection,Subedar Tech,8,"Oil Filter, Gaskets",38714,1
ML-6384,EQ-1455,B05,2026-01-06,Corrective Repair,Havildar Tech,8,"Sensors, Wiring Harness",31707,7
ML-6385,EQ-1456,B02,2026-06-07,Oil & Filter Overhaul,Naik Mech,8,"Sensors, Wiring Harness",87520,1
ML-6386,EQ-1456,B02,2026-04-19,Corrective Repair,Havildar Tech,8,"Brake Pads, Hydraulic Line",111816,2
ML-6387,EQ-1456,B02,2026-02-09,Oil & Filter Overhaul,Sergeant,12,"Brake Pads, Hydraulic Line",115736,1
ML-6388,EQ-1457,B01,2026-06-04,Routine Preventive,Naik Mech,6,"Alternator, Belt Drive",15039,1
ML-6389,EQ-1457,B01,2026-04-24,Emergency Repair,Warrant Officer,16,"Radiator Core, Coolant",11482,7
ML-6390,EQ-1458,B07,2026-06-26,Routine Preventive,Sergeant,4,"Oil Filter, Gaskets",20436,1
ML-6391,EQ-1458,B07,2026-05-22,Pre-Mission Inspection,Naik Mech,4,"Sensors, Wiring Harness",20911,1
ML-6392,EQ-1458,B07,2026-04-07,Emergency Repair,Naik Mech,8,"Brake Pads, Hydraulic Line",26331,5
ML-6393,EQ-1459,B04,2026-07-07,Oil & Filter Overhaul,Sergeant,48,"Alternator, Belt Drive",33187,1
ML-6394,EQ-1459,B04,2026-05-17,Corrective Repair,Havildar Tech,6,"Sensors, Wiring Harness",26894,2
ML-6395,EQ-1459,B04,2026-04-10,Oil & Filter Overhaul,Sergeant,12,"Injector Nozzle, Fuel Filter",20630,1
ML-6396,EQ-1460,B07,2026-06-21,Emergency Repair,Havildar Tech,6,"Injector Nozzle, Fuel Filter",21245,1
ML-6397,EQ-1460,B07,2026-05-24,Emergency Repair,Havildar Tech,12,"Sensors, Wiring Harness",33333,3
ML-6398,EQ-1460,B07,2026-03-31,Routine Preventive,Havildar Tech,4,"Brake Pads, Hydraulic Line",28674,1
ML-6399,EQ-1461,B03,2026-05-06,Pre-Mission Inspection,Warrant Officer,4,"Alternator, Belt Drive",56873,1
ML-6400,EQ-1461,B03,2026-02-12,Corrective Repair,Havildar Tech,16,"Tire Assembly, Hub Bearing",61479,2
ML-6401,EQ-1461,B03,2025-11-12,Emergency Repair,Warrant Officer,24,"Brake Pads, Hydraulic Line",56384,7
ML-6402,EQ-1462,B04,2026-06-05,Pre-Mission Inspection,Warrant Officer,16,"Brake Pads, Hydraulic Line",12612,1
ML-6403,EQ-1462,B04,2026-04-25,Corrective Repair,Warrant Officer,48,"Alternator, Belt Drive",11085,2
ML-6404,EQ-1462,B04,2026-02-24,Pre-Mission Inspection,Naik Mech,4,"Tire Assembly, Hub Bearing",12098,1
ML-6405,EQ-1462,B04,2025-12-23,Routine Preventive,Subedar Tech,4,"Injector Nozzle, Fuel Filter",11237,1
ML-6406,EQ-1463,B01,2026-05-24,Pre-Mission Inspection,Warrant Officer,48,"Brake Pads, Hydraulic Line",29471,1
ML-6407,EQ-1463,B01,2026-03-18,Routine Preventive,Warrant Officer,6,"Injector Nozzle, Fuel Filter",34586,1
ML-6408,EQ-1463,B01,2025-12-30,Pre-Mission Inspection,Warrant Officer,24,"Starter Motor, Battery",38660,1
ML-6409,EQ-1463,B01,2025-10-11,Routine Preventive,Havildar Tech,4,"Injector Nozzle, Fuel Filter",35890,1
ML-6410,EQ-1464,B02,2026-06-11,Emergency Repair,Warrant Officer,16,"Injector Nozzle, Fuel Filter",14472,7
ML-6411,EQ-1464,B02,2026-04-10,Routine Preventive,Sergeant,4,"Alternator, Belt Drive",15194,1
ML-6412,EQ-1464,B02,2026-02-13,Routine Preventive,Sergeant,4,"Alternator, Belt Drive",12201,1
ML-6413,EQ-1464,B02,2025-12-13,Emergency Repair,Sergeant,12,"Oil Filter, Gaskets",11398,2
ML-6414,EQ-1465,B01,2026-06-11,Emergency Repair,Sergeant,8,"Sensors, Wiring Harness",15451,2
ML-6415,EQ-1465,B01,2026-04-17,Oil & Filter Overhaul,Warrant Officer,12,"Oil Filter, Gaskets",17056,1
ML-6416,EQ-1465,B01,2026-02-08,Routine Preventive,Naik Mech,4,"Tire Assembly, Hub Bearing",12772,1
ML-6417,EQ-1465,B01,2025-12-09,Corrective Repair,Subedar Tech,12,"Injector Nozzle, Fuel Filter",12948,7
ML-6418,EQ-1466,B06,2026-06-20,Pre-Mission Inspection,Sergeant,48,"Tire Assembly, Hub Bearing",118560,1
ML-6419,EQ-1466,B06,2026-04-23,Routine Preventive,Subedar Tech,16,"Brake Pads, Hydraulic Line",92114,1
ML-6420,EQ-1466,B06,2026-02-22,Pre-Mission Inspection,Naik Mech,48,"Brake Pads, Hydraulic Line",82275,1
ML-6421,EQ-1467,B03,2026-07-24,Oil & Filter Overhaul,Warrant Officer,8,"Alternator, Belt Drive",83731,1
ML-6422,EQ-1467,B03,2026-06-20,Emergency Repair,Subedar Tech,16,"Brake Pads, Hydraulic Line",61640,1
ML-6423,EQ-1467,B03,2026-05-19,Pre-Mission Inspection,Warrant Officer,8,"Oil Filter, Gaskets",76468,1
ML-6424,EQ-1467,B03,2026-04-13,Routine Preventive,Sergeant,12,"Tire Assembly, Hub Bearing",81518,1
ML-6425,EQ-1468,B01,2026-06-12,Pre-Mission Inspection,Sergeant,8,"Sensors, Wiring Harness",14932,1
ML-6426,EQ-1468,B01,2026-04-06,Pre-Mission Inspection,Sergeant,6,"Sensors, Wiring Harness",16157,1
ML-6427,EQ-1469,B03,2026-06-02,Oil & Filter Overhaul,Havildar Tech,12,"Oil Filter, Gaskets",41933,1
ML-6428,EQ-1469,B03,2026-03-24,Corrective Repair,Sergeant,12,"Oil Filter, Gaskets",37772,7
ML-6429,EQ-1469,B03,2025-12-24,Oil & Filter Overhaul,Naik Mech,6,"Sensors, Wiring Harness",44000,1
ML-6430,EQ-1470,B03,2026-06-22,Emergency Repair,Havildar Tech,12,"Tire Assembly, Hub Bearing",28496,3
ML-6431,EQ-1470,B03,2026-05-12,Oil & Filter Overhaul,Warrant Officer,4,"Alternator, Belt Drive",23860,1
ML-6432,EQ-1470,B03,2026-03-30,Pre-Mission Inspection,Havildar Tech,12,"Radiator Core, Coolant",26868,1
ML-6433,EQ-1471,B04,2026-07-12,Corrective Repair,Havildar Tech,16,"Radiator Core, Coolant",74272,1
ML-6434,EQ-1471,B04,2026-06-11,Corrective Repair,Naik Mech,6,"Brake Pads, Hydraulic Line",58165,3
ML-6435,EQ-1472,B02,2026-07-24,Routine Preventive,Warrant Officer,16,"Oil Filter, Gaskets",78632,1
ML-6436,EQ-1472,B02,2026-06-06,Emergency Repair,Sergeant,12,"Tire Assembly, Hub Bearing",70304,2
ML-6437,EQ-1473,B02,2026-06-08,Oil & Filter Overhaul,Naik Mech,24,"Tire Assembly, Hub Bearing",12352,1
ML-6438,EQ-1473,B02,2026-04-12,Pre-Mission Inspection,Havildar Tech,16,"Sensors, Wiring Harness",13001,1
ML-6439,EQ-1474,B03,2026-05-05,Oil & Filter Overhaul,Naik Mech,24,"Tire Assembly, Hub Bearing",50500,1
ML-6440,EQ-1474,B03,2026-02-18,Corrective Repair,Naik Mech,4,"Brake Pads, Hydraulic Line",63121,2
ML-6441,EQ-1474,B03,2025-11-12,Pre-Mission Inspection,Havildar Tech,16,"Tire Assembly, Hub Bearing",48336,1
ML-6442,EQ-1475,B03,2026-05-21,Oil & Filter Overhaul,Subedar Tech,6,"Oil Filter, Gaskets",43561,1
ML-6443,EQ-1475,B03,2026-03-06,Oil & Filter Overhaul,Sergeant,12,"Starter Motor, Battery",32534,1
ML-6444,EQ-1476,B04,2026-06-11,Oil & Filter Overhaul,Subedar Tech,6,"Alternator, Belt Drive",12999,1
ML-6445,EQ-1476,B04,2026-04-14,Pre-Mission Inspection,Naik Mech,12,"Oil Filter, Gaskets",12423,1
ML-6446,EQ-1477,B06,2026-05-21,Pre-Mission Inspection,Havildar Tech,12,"Injector Nozzle, Fuel Filter",39519,1
ML-6447,EQ-1477,B06,2026-03-17,Pre-Mission Inspection,Naik Mech,8,"Tire Assembly, Hub Bearing",47472,1
ML-6448,EQ-1477,B06,2025-12-26,Corrective Repair,Subedar Tech,48,"Tire Assembly, Hub Bearing",30857,5
ML-6449,EQ-1478,B02,2026-06-19,Corrective Repair,Sergeant,16,"Starter Motor, Battery",116368,7
ML-6450,EQ-1478,B02,2026-04-24,Corrective Repair,Naik Mech,16,"Starter Motor, Battery",105521,1
ML-6451,EQ-1478,B02,2026-02-23,Corrective Repair,Naik Mech,4,"Injector Nozzle, Fuel Filter",110408,1
ML-6452,EQ-1479,B01,2026-06-30,Pre-Mission Inspection,Subedar Tech,24,"Starter Motor, Battery",21214,1
ML-6453,EQ-1479,B01,2026-05-15,Pre-Mission Inspection,Sergeant,24,"Brake Pads, Hydraulic Line",28978,1
ML-6454,EQ-1480,B05,2026-07-10,Routine Preventive,Subedar Tech,12,"Injector Nozzle, Fuel Filter",81183,1
ML-6455,EQ-1480,B05,2026-06-16,Emergency Repair,Havildar Tech,24,"Sensors, Wiring Harness",84871,3
ML-6456,EQ-1481,B01,2026-06-25,Pre-Mission Inspection,Sergeant,4,"Sensors, Wiring Harness",27549,1
ML-6457,EQ-1481,B01,2026-05-17,Pre-Mission Inspection,Sergeant,12,"Oil Filter, Gaskets",30596,1
ML-6458,EQ-1482,B01,2026-07-08,Emergency Repair,Sergeant,16,"Brake Pads, Hydraulic Line",83311,5
ML-6459,EQ-1482,B01,2026-06-05,Pre-Mission Inspection,Warrant Officer,4,"Radiator Core, Coolant",55177,1
ML-6460,EQ-1482,B01,2026-05-20,Pre-Mission Inspection,Warrant Officer,48,"Brake Pads, Hydraulic Line",65079,1
ML-6461,EQ-1482,B01,2026-04-13,Corrective Repair,Havildar Tech,16,"Starter Motor, Battery",53497,1
ML-6462,EQ-1483,B01,2026-05-30,Emergency Repair,Warrant Officer,4,"Tire Assembly, Hub Bearing",38446,3
ML-6463,EQ-1483,B01,2026-03-24,Oil & Filter Overhaul,Warrant Officer,6,"Tire Assembly, Hub Bearing",41447,1
ML-6464,EQ-1483,B01,2025-12-22,Pre-Mission Inspection,Sergeant,4,"Brake Pads, Hydraulic Line",32357,1
ML-6465,EQ-1484,B01,2026-06-13,Pre-Mission Inspection,Subedar Tech,6,"Brake Pads, Hydraulic Line",12456,1
ML-6466,EQ-1484,B01,2026-04-16,Oil & Filter Overhaul,Warrant Officer,48,"Oil Filter, Gaskets",13188,1
ML-6467,EQ-1484,B01,2026-02-08,Corrective Repair,Subedar Tech,48,"Injector Nozzle, Fuel Filter",11494,5
ML-6468,EQ-1484,B01,2025-12-26,Routine Preventive,Warrant Officer,4,"Oil Filter, Gaskets",15508,1
ML-6469,EQ-1485,B02,2026-06-23,Corrective Repair,Subedar Tech,48,"Injector Nozzle, Fuel Filter",29005,5
ML-6470,EQ-1485,B02,2026-05-18,Emergency Repair,Sergeant,12,"Brake Pads, Hydraulic Line",21589,3
ML-6471,EQ-1485,B02,2026-04-10,Pre-Mission Inspection,Havildar Tech,4,"Radiator Core, Coolant",26755,1
ML-6472,EQ-1486,B01,2026-06-21,Emergency Repair,Subedar Tech,4,"Oil Filter, Gaskets",24543,1
ML-6473,EQ-1486,B01,2026-05-09,Oil & Filter Overhaul,Naik Mech,8,"Radiator Core, Coolant",27976,1
ML-6474,EQ-1486,B01,2026-03-21,Emergency Repair,Sergeant,16,"Tire Assembly, Hub Bearing",22259,7
ML-6475,EQ-1487,B04,2026-06-22,Corrective Repair,Subedar Tech,8,"Oil Filter, Gaskets",73910,7
ML-6476,EQ-1487,B04,2026-04-06,Routine Preventive,Warrant Officer,24,"Injector Nozzle, Fuel Filter",91103,1
ML-6477,EQ-1488,B07,2026-06-15,Pre-Mission Inspection,Subedar Tech,16,"Starter Motor, Battery",17025,1
ML-6478,EQ-1488,B07,2026-04-20,Oil & Filter Overhaul,Warrant Officer,6,"Sensors, Wiring Harness",12810,1
ML-6479,EQ-1488,B07,2026-02-20,Routine Preventive,Warrant Officer,8,"Radiator Core, Coolant",14338,1
ML-6480,EQ-1489,B06,2026-05-20,Pre-Mission Inspection,Havildar Tech,24,"Oil Filter, Gaskets",41986,1
ML-6481,EQ-1489,B06,2026-03-19,Emergency Repair,Sergeant,4,"Brake Pads, Hydraulic Line",30764,5
ML-6482,EQ-1489,B06,2026-01-07,Corrective Repair,Subedar Tech,24,"Oil Filter, Gaskets",40139,3
ML-6483,EQ-1490,B05,2026-05-21,Routine Preventive,Havildar Tech,8,"Radiator Core, Coolant",45611,1
ML-6484,EQ-1490,B05,2026-02-19,Routine Preventive,Subedar Tech,48,"Oil Filter, Gaskets",63502,1
ML-6485,EQ-1491,B01,2026-06-06,Corrective Repair,Havildar Tech,24,"Oil Filter, Gaskets",15259,1
ML-6486,EQ-1491,B01,2026-04-25,Oil & Filter Overhaul,Havildar Tech,8,"Starter Motor, Battery",17380,1
ML-6487,EQ-1491,B01,2026-02-18,Routine Preventive,Subedar Tech,16,"Brake Pads, Hydraulic Line",15368,1
ML-6488,EQ-1492,B02,2026-05-30,Routine Preventive,Havildar Tech,8,"Sensors, Wiring Harness",31639,1
ML-6489,EQ-1492,B02,2026-03-25,Routine Preventive,Warrant Officer,12,"Oil Filter, Gaskets",36521,1
ML-6490,EQ-1492,B02,2025-12-23,Routine Preventive,Sergeant,48,"Oil Filter, Gaskets",36912,1
ML-6491,EQ-1492,B02,2025-10-15,Routine Preventive,Naik Mech,12,"Alternator, Belt Drive",42310,1
ML-6492,EQ-1493,B08,2026-06-29,Routine Preventive,Havildar Tech,6,"Radiator Core, Coolant",20506,1
ML-6493,EQ-1493,B08,2026-05-10,Oil & Filter Overhaul,Naik Mech,12,"Radiator Core, Coolant",23205,1
ML-6494,EQ-1493,B08,2026-03-29,Pre-Mission Inspection,Subedar Tech,4,"Tire Assembly, Hub Bearing",22824,1
ML-6495,EQ-1494,B02,2026-06-24,Pre-Mission Inspection,Subedar Tech,16,"Sensors, Wiring Harness",15005,1
ML-6496,EQ-1494,B02,2026-04-18,Emergency Repair,Warrant Officer,4,"Brake Pads, Hydraulic Line",10720,5
ML-6497,EQ-1495,B02,2026-06-19,Emergency Repair,Subedar Tech,24,"Injector Nozzle, Fuel Filter",16106,3
ML-6498,EQ-1495,B02,2026-04-09,Emergency Repair,Havildar Tech,8,"Tire Assembly, Hub Bearing",11907,7
ML-6499,EQ-1495,B02,2026-02-20,Routine Preventive,Subedar Tech,12,"Brake Pads, Hydraulic Line",10632,1
ML-6500,EQ-1496,B06,2026-06-21,Corrective Repair,Sergeant,16,"Sensors, Wiring Harness",15938,3
ML-6501,EQ-1496,B06,2026-04-15,Pre-Mission Inspection,Warrant Officer,4,"Radiator Core, Coolant",14407,1
ML-6502,EQ-1496,B06,2026-02-09,Emergency Repair,Sergeant,24,"Brake Pads, Hydraulic Line",11776,7
ML-6503,EQ-1497,B01,2026-06-08,Corrective Repair,Havildar Tech,24,"Tire Assembly, Hub Bearing",11574,1
ML-6504,EQ-1497,B01,2026-04-20,Pre-Mission Inspection,Naik Mech,16,"Alternator, Belt Drive",14414,1
ML-6505,EQ-1498,B04,2026-06-06,Corrective Repair,Havildar Tech,6,"Oil Filter, Gaskets",100414,2
ML-6506,EQ-1498,B04,2026-04-24,Corrective Repair,Naik Mech,4,"Alternator, Belt Drive",101891,2
ML-6507,EQ-1498,B04,2026-02-20,Corrective Repair,Havildar Tech,12,"Radiator Core, Coolant",105766,2
ML-6508,EQ-1499,B03,2026-06-22,Pre-Mission Inspection,Havildar Tech,24,"Injector Nozzle, Fuel Filter",15326,1
ML-6509,EQ-1499,B03,2026-04-12,Emergency Repair,Subedar Tech,48,"Brake Pads, Hydraulic Line",15318,5
ML-6510,EQ-1500,B07,2026-06-07,Emergency Repair,Warrant Officer,48,"Sensors, Wiring Harness",16707,1
ML-6511,EQ-1500,B07,2026-04-13,Routine Preventive,Sergeant,12,"Injector Nozzle, Fuel Filter",12232,1
ML-6512,EQ-1500,B07,2026-02-08,Routine Preventive,Subedar Tech,8,"Radiator Core, Coolant",16153,1
ML-6513,EQ-1501,B04,2026-07-20,Emergency Repair,Havildar Tech,12,"Injector Nozzle, Fuel Filter",81565,1
ML-6514,EQ-1501,B04,2026-06-15,Emergency Repair,Naik Mech,8,"Starter Motor, Battery",85731,3
ML-6515,EQ-1502,B08,2026-06-30,Pre-Mission Inspection,Sergeant,24,"Brake Pads, Hydraulic Line",32378,1
ML-6516,EQ-1502,B08,2026-05-13,Corrective Repair,Naik Mech,6,"Radiator Core, Coolant",23880,3
ML-6517,EQ-1503,B08,2026-06-01,Pre-Mission Inspection,Subedar Tech,12,"Sensors, Wiring Harness",35815,1
ML-6518,EQ-1503,B08,2026-03-11,Pre-Mission Inspection,Subedar Tech,12,"Sensors, Wiring Harness",35086,1
ML-6519,EQ-1503,B08,2025-12-21,Corrective Repair,Warrant Officer,6,"Radiator Core, Coolant",35173,3
ML-6520,EQ-1503,B08,2025-10-09,Emergency Repair,Warrant Officer,48,"Alternator, Belt Drive",37729,7
ML-6521,EQ-1504,B06,2026-05-15,Oil & Filter Overhaul,Subedar Tech,12,"Injector Nozzle, Fuel Filter",45693,1
ML-6522,EQ-1504,B06,2026-02-06,Corrective Repair,Havildar Tech,8,"Tire Assembly, Hub Bearing",50865,2
ML-6523,EQ-1505,B01,2026-05-31,Routine Preventive,Warrant Officer,8,"Starter Motor, Battery",43425,1
ML-6524,EQ-1505,B01,2026-03-08,Corrective Repair,Havildar Tech,24,"Tire Assembly, Hub Bearing",36616,1
ML-6525,EQ-1506,B01,2026-06-25,Routine Preventive,Havildar Tech,48,"Tire Assembly, Hub Bearing",23828,1
ML-6526,EQ-1506,B01,2026-05-10,Pre-Mission Inspection,Warrant Officer,6,"Oil Filter, Gaskets",22960,1
ML-6527,EQ-1506,B01,2026-03-31,Corrective Repair,Warrant Officer,48,"Injector Nozzle, Fuel Filter",31954,5
ML-6528,EQ-1506,B01,2026-02-10,Oil & Filter Overhaul,Warrant Officer,12,"Sensors, Wiring Harness",22143,1
ML-6529,EQ-1507,B02,2026-05-10,Routine Preventive,Subedar Tech,6,"Injector Nozzle, Fuel Filter",63407,1
ML-6530,EQ-1507,B02,2026-02-19,Routine Preventive,Warrant Officer,24,"Starter Motor, Battery",49242,1
ML-6531,EQ-1508,B01,2026-06-05,Corrective Repair,Subedar Tech,16,"Tire Assembly, Hub Bearing",15058,2
ML-6532,EQ-1508,B01,2026-04-14,Corrective Repair,Naik Mech,8,"Starter Motor, Battery",17268,2
ML-6533,EQ-1509,B01,2026-06-28,Routine Preventive,Havildar Tech,12,"Sensors, Wiring Harness",33230,1
ML-6534,EQ-1509,B01,2026-05-08,Emergency Repair,Sergeant,4,"Injector Nozzle, Fuel Filter",33284,5
ML-6535,EQ-1509,B01,2026-04-07,Corrective Repair,Warrant Officer,48,"Injector Nozzle, Fuel Filter",30491,1
ML-6536,EQ-1509,B01,2026-02-21,Emergency Repair,Havildar Tech,4,"Injector Nozzle, Fuel Filter",20586,3
ML-6537,EQ-1510,B04,2026-05-26,Corrective Repair,Naik Mech,6,"Injector Nozzle, Fuel Filter",42995,2
ML-6538,EQ-1510,B04,2026-03-22,Routine Preventive,Sergeant,24,"Oil Filter, Gaskets",46707,1
ML-6539,EQ-1510,B04,2026-01-01,Pre-Mission Inspection,Sergeant,6,"Radiator Core, Coolant",33645,1
ML-6540,EQ-1511,B01,2026-06-07,Oil & Filter Overhaul,Havildar Tech,12,"Tire Assembly, Hub Bearing",74840,1
ML-6541,EQ-1511,B01,2026-04-18,Corrective Repair,Sergeant,24,"Radiator Core, Coolant",72545,3
ML-6542,EQ-1512,B06,2026-06-24,Pre-Mission Inspection,Havildar Tech,8,"Alternator, Belt Drive",20994,1
ML-6543,EQ-1512,B06,2026-05-20,Oil & Filter Overhaul,Havildar Tech,24,"Brake Pads, Hydraulic Line",32765,1
ML-6544,EQ-1512,B06,2026-03-28,Routine Preventive,Sergeant,8,"Brake Pads, Hydraulic Line",33301,1
ML-6545,EQ-1513,B06,2026-07-09,Routine Preventive,Naik Mech,48,"Tire Assembly, Hub Bearing",21338,1
ML-6546,EQ-1513,B06,2026-05-23,Pre-Mission Inspection,Naik Mech,4,"Starter Motor, Battery",22375,1
ML-6547,EQ-1514,B05,2026-05-08,Oil & Filter Overhaul,Naik Mech,24,"Sensors, Wiring Harness",57211,1
ML-6548,EQ-1514,B05,2026-02-04,Corrective Repair,Havildar Tech,24,"Alternator, Belt Drive",65509,7
ML-6549,EQ-1514,B05,2025-11-24,Oil & Filter Overhaul,Naik Mech,12,"Radiator Core, Coolant",57431,1
ML-6550,EQ-1514,B05,2025-08-28,Corrective Repair,Naik Mech,24,"Radiator Core, Coolant",65980,1
ML-6551,EQ-1515,B01,2026-06-10,Emergency Repair,Warrant Officer,8,"Sensors, Wiring Harness",13345,3
ML-6552,EQ-1515,B01,2026-04-07,Routine Preventive,Warrant Officer,12,"Alternator, Belt Drive",13703,1
ML-6553,EQ-1515,B01,2026-02-18,Routine Preventive,Subedar Tech,8,"Sensors, Wiring Harness",13276,1
ML-6554,EQ-1515,B01,2025-12-16,Oil & Filter Overhaul,Subedar Tech,12,"Starter Motor, Battery",10852,1
ML-6555,EQ-1516,B05,2026-05-22,Emergency Repair,Naik Mech,6,"Tire Assembly, Hub Bearing",45063,5
ML-6556,EQ-1516,B05,2026-02-15,Pre-Mission Inspection,Subedar Tech,4,"Radiator Core, Coolant",46997,1
ML-6557,EQ-1516,B05,2025-11-10,Pre-Mission Inspection,Warrant Officer,16,"Radiator Core, Coolant",57188,1
ML-6558,EQ-1517,B02,2026-06-06,Oil & Filter Overhaul,Subedar Tech,16,"Starter Motor, Battery",12306,1
ML-6559,EQ-1517,B02,2026-04-07,Emergency Repair,Subedar Tech,6,"Alternator, Belt Drive",13724,1
ML-6560,EQ-1517,B02,2026-02-08,Corrective Repair,Naik Mech,48,"Injector Nozzle, Fuel Filter",15843,1
ML-6561,EQ-1517,B02,2025-12-08,Pre-Mission Inspection,Warrant Officer,12,"Injector Nozzle, Fuel Filter",12881,1
ML-6562,EQ-1518,B05,2026-06-15,Corrective Repair,Subedar Tech,16,"Radiator Core, Coolant",16807,5
ML-6563,EQ-1518,B05,2026-04-14,Corrective Repair,Havildar Tech,48,"Injector Nozzle, Fuel Filter",12939,2
ML-6564,EQ-1518,B05,2026-02-24,Oil & Filter Overhaul,Warrant Officer,8,"Sensors, Wiring Harness",10920,1
ML-6565,EQ-1519,B07,2026-06-06,Routine Preventive,Sergeant,24,"Tire Assembly, Hub Bearing",12944,1
ML-6566,EQ-1519,B07,2026-04-12,Routine Preventive,Subedar Tech,4,"Starter Motor, Battery",17299,1
ML-6567,EQ-1519,B07,2026-02-13,Oil & Filter Overhaul,Warrant Officer,6,"Alternator, Belt Drive",14423,1
ML-6568,EQ-1520,B03,2026-06-24,Pre-Mission Inspection,Warrant Officer,24,"Tire Assembly, Hub Bearing",12696,1
ML-6569,EQ-1520,B03,2026-04-09,Pre-Mission Inspection,Havildar Tech,24,"Sensors, Wiring Harness",15722,1
ML-6570,EQ-1521,B01,2026-07-20,Routine Preventive,Naik Mech,48,"Radiator Core, Coolant",60487,1
ML-6571,EQ-1521,B01,2026-06-19,Emergency Repair,Warrant Officer,16,"Alternator, Belt Drive",80493,3
ML-6572,EQ-1522,B02,2026-07-11,Emergency Repair,Warrant Officer,4,"Brake Pads, Hydraulic Line",68674,3
ML-6573,EQ-1522,B02,2026-06-24,Emergency Repair,Sergeant,12,"Injector Nozzle, Fuel Filter",67620,7
ML-6574,EQ-1522,B02,2026-05-14,Routine Preventive,Naik Mech,8,"Starter Motor, Battery",78305,1
ML-6575,EQ-1523,B02,2026-05-25,Corrective Repair,Naik Mech,24,"Injector Nozzle, Fuel Filter",43198,3
ML-6576,EQ-1523,B02,2026-02-23,Emergency Repair,Subedar Tech,4,"Tire Assembly, Hub Bearing",64060,7
ML-6577,EQ-1523,B02,2025-11-12,Emergency Repair,Subedar Tech,4,"Tire Assembly, Hub Bearing",60062,3
ML-6578,EQ-1523,B02,2025-08-15,Oil & Filter Overhaul,Havildar Tech,48,"Injector Nozzle, Fuel Filter",43594,1
ML-6579,EQ-1524,B03,2026-07-05,Corrective Repair,Warrant Officer,12,"Starter Motor, Battery",32902,7
ML-6580,EQ-1524,B03,2026-05-23,Routine Preventive,Havildar Tech,4,"Injector Nozzle, Fuel Filter",30886,1
ML-6581,EQ-1524,B03,2026-04-09,Corrective Repair,Subedar Tech,12,"Oil Filter, Gaskets",21973,7
ML-6582,EQ-1524,B03,2026-02-11,Routine Preventive,Warrant Officer,24,"Oil Filter, Gaskets",31056,1
ML-6583,EQ-1525,B07,2026-06-20,Corrective Repair,Naik Mech,12,"Alternator, Belt Drive",114573,7
ML-6584,EQ-1525,B07,2026-04-11,Oil & Filter Overhaul,Naik Mech,4,"Radiator Core, Coolant",80748,1
ML-6585,EQ-1526,B01,2026-05-16,Pre-Mission Inspection,Sergeant,16,"Tire Assembly, Hub Bearing",54058,1
ML-6586,EQ-1526,B01,2026-02-06,Emergency Repair,Havildar Tech,4,"Alternator, Belt Drive",65152,2
ML-6587,EQ-1527,B01,2026-05-15,Emergency Repair,Warrant Officer,8,"Injector Nozzle, Fuel Filter",51732,5
ML-6588,EQ-1527,B01,2026-02-14,Pre-Mission Inspection,Naik Mech,6,"Radiator Core, Coolant",61782,1
ML-6589,EQ-1527,B01,2025-11-26,Pre-Mission Inspection,Havildar Tech,12,"Radiator Core, Coolant",51844,1
ML-6590,EQ-1527,B01,2025-08-24,Oil & Filter Overhaul,Sergeant,6,"Oil Filter, Gaskets",62171,1
ML-6591,EQ-1528,B05,2026-06-19,Corrective Repair,Havildar Tech,24,"Alternator, Belt Drive",16308,5
ML-6592,EQ-1528,B05,2026-04-13,Pre-Mission Inspection,Sergeant,24,"Alternator, Belt Drive",11147,1
ML-6593,EQ-1528,B05,2026-02-24,Routine Preventive,Naik Mech,16,"Radiator Core, Coolant",15068,1
ML-6594,EQ-1529,B02,2026-06-13,Pre-Mission Inspection,Warrant Officer,48,"Sensors, Wiring Harness",14325,1
ML-6595,EQ-1529,B02,2026-04-08,Routine Preventive,Havildar Tech,12,"Alternator, Belt Drive",14059,1
ML-6596,EQ-1530,B06,2026-06-12,Oil & Filter Overhaul,Havildar Tech,8,"Sensors, Wiring Harness",15009,1
ML-6597,EQ-1530,B06,2026-04-06,Oil & Filter Overhaul,Naik Mech,6,"Starter Motor, Battery",13617,1
ML-6598,EQ-1530,B06,2026-02-21,Corrective Repair,Naik Mech,24,"Sensors, Wiring Harness",14822,1
ML-6599,EQ-1531,B02,2026-06-20,Pre-Mission Inspection,Sergeant,12,"Alternator, Belt Drive",16299,1
ML-6600,EQ-1531,B02,2026-04-22,Routine Preventive,Sergeant,16,"Starter Motor, Battery",15105,1
ML-6601,EQ-1531,B02,2026-02-24,Emergency Repair,Havildar Tech,12,"Sensors, Wiring Harness",11016,2
ML-6602,EQ-1532,B05,2026-06-05,Routine Preventive,Warrant Officer,48,"Oil Filter, Gaskets",11800,1
ML-6603,EQ-1532,B05,2026-04-13,Emergency Repair,Warrant Officer,12,"Injector Nozzle, Fuel Filter",14296,2
ML-6604,EQ-1532,B05,2026-02-17,Pre-Mission Inspection,Sergeant,16,"Starter Motor, Battery",11844,1
ML-6605,EQ-1533,B07,2026-07-03,Corrective Repair,Naik Mech,16,"Injector Nozzle, Fuel Filter",22446,7
ML-6606,EQ-1533,B07,2026-05-21,Oil & Filter Overhaul,Naik Mech,16,"Starter Motor, Battery",21708,1
ML-6607,EQ-1534,B03,2026-06-20,Emergency Repair,Havildar Tech,16,"Tire Assembly, Hub Bearing",22082,5
ML-6608,EQ-1534,B03,2026-05-09,Pre-Mission Inspection,Sergeant,8,"Sensors, Wiring Harness",29571,1
ML-6609,EQ-1535,B04,2026-07-05,Pre-Mission Inspection,Sergeant,6,"Alternator, Belt Drive",24672,1
ML-6610,EQ-1535,B04,2026-05-07,Oil & Filter Overhaul,Naik Mech,6,"Radiator Core, Coolant",27864,1
ML-6611,EQ-1536,B04,2026-06-24,Oil & Filter Overhaul,Warrant Officer,4,"Tire Assembly, Hub Bearing",20685,1
ML-6612,EQ-1536,B04,2026-05-17,Emergency Repair,Subedar Tech,24,"Alternator, Belt Drive",27780,1
ML-6613,EQ-1536,B04,2026-03-25,Routine Preventive,Warrant Officer,16,"Alternator, Belt Drive",22954,1
ML-6614,EQ-1537,B03,2026-06-23,Routine Preventive,Warrant Officer,6,"Tire Assembly, Hub Bearing",11752,1
ML-6615,EQ-1537,B03,2026-04-13,Routine Preventive,Sergeant,16,"Oil Filter, Gaskets",12617,1
ML-6616,EQ-1538,B01,2026-07-06,Routine Preventive,Naik Mech,12,"Starter Motor, Battery",27703,1
ML-6617,EQ-1538,B01,2026-05-11,Routine Preventive,Naik Mech,4,"Oil Filter, Gaskets",30805,1
ML-6618,EQ-1538,B01,2026-04-09,Emergency Repair,Havildar Tech,24,"Sensors, Wiring Harness",29371,7
ML-6619,EQ-1538,B01,2026-02-05,Oil & Filter Overhaul,Warrant Officer,6,"Oil Filter, Gaskets",25097,1
ML-6620,EQ-1539,B02,2026-06-30,Pre-Mission Inspection,Sergeant,8,"Injector Nozzle, Fuel Filter",32935,1
ML-6621,EQ-1539,B02,2026-05-24,Emergency Repair,Sergeant,8,"Radiator Core, Coolant",25592,5
ML-6622,EQ-1539,B02,2026-03-30,Corrective Repair,Naik Mech,4,"Sensors, Wiring Harness",22575,1
ML-6623,EQ-1540,B02,2026-05-10,Oil & Filter Overhaul,Subedar Tech,8,"Alternator, Belt Drive",64580,1
ML-6624,EQ-1540,B02,2026-02-05,Corrective Repair,Havildar Tech,12,"Radiator Core, Coolant",46682,2
ML-6625,EQ-1540,B02,2025-11-09,Routine Preventive,Naik Mech,4,"Tire Assembly, Hub Bearing",46745,1
ML-6626,EQ-1541,B02,2026-07-07,Pre-Mission Inspection,Subedar Tech,24,"Starter Motor, Battery",74610,1
ML-6627,EQ-1541,B02,2026-06-07,Pre-Mission Inspection,Subedar Tech,24,"Radiator Core, Coolant",63645,1
ML-6628,EQ-1541,B02,2026-05-20,Corrective Repair,Subedar Tech,24,"Alternator, Belt Drive",58870,2
ML-6629,EQ-1542,B05,2026-06-13,Oil & Filter Overhaul,Warrant Officer,8,"Injector Nozzle, Fuel Filter",15015,1
ML-6630,EQ-1542,B05,2026-04-09,Routine Preventive,Warrant Officer,48,"Alternator, Belt Drive",15656,1
ML-6631,EQ-1543,B01,2026-07-02,Emergency Repair,Havildar Tech,16,"Injector Nozzle, Fuel Filter",31296,7
ML-6632,EQ-1543,B01,2026-05-10,Oil & Filter Overhaul,Naik Mech,6,"Brake Pads, Hydraulic Line",27079,1
ML-6633,EQ-1544,B03,2026-05-09,Emergency Repair,Warrant Officer,4,"Radiator Core, Coolant",55703,2
ML-6634,EQ-1544,B03,2026-02-15,Routine Preventive,Warrant Officer,12,"Tire Assembly, Hub Bearing",48171,1
ML-6635,EQ-1545,B03,2026-05-24,Emergency Repair,Naik Mech,16,"Radiator Core, Coolant",43761,7
ML-6636,EQ-1545,B03,2026-02-24,Corrective Repair,Havildar Tech,6,"Radiator Core, Coolant",54826,1
ML-6637,EQ-1546,B04,2026-05-08,Oil & Filter Overhaul,Sergeant,8,"Tire Assembly, Hub Bearing",64846,1
ML-6638,EQ-1546,B04,2026-02-13,Pre-Mission Inspection,Havildar Tech,6,"Brake Pads, Hydraulic Line",60711,1
ML-6639,EQ-1547,B01,2026-06-14,Corrective Repair,Warrant Officer,48,"Alternator, Belt Drive",16199,5
ML-6640,EQ-1547,B01,2026-04-20,Routine Preventive,Naik Mech,12,"Brake Pads, Hydraulic Line",14221,1
ML-6641,EQ-1547,B01,2026-02-18,Emergency Repair,Sergeant,6,"Radiator Core, Coolant",15012,1
ML-6642,EQ-1548,B06,2026-06-21,Routine Preventive,Subedar Tech,48,"Radiator Core, Coolant",23141,1
ML-6643,EQ-1548,B06,2026-05-09,Routine Preventive,Subedar Tech,4,"Tire Assembly, Hub Bearing",27507,1
ML-6644,EQ-1548,B06,2026-04-04,Routine Preventive,Havildar Tech,12,"Oil Filter, Gaskets",22070,1
ML-6645,EQ-1549,B04,2026-07-08,Oil & Filter Overhaul,Havildar Tech,4,"Alternator, Belt Drive",77155,1
ML-6646,EQ-1549,B04,2026-06-20,Corrective Repair,Warrant Officer,24,"Tire Assembly, Hub Bearing",62907,1
ML-6647,EQ-1550,B07,2026-05-23,Routine Preventive,Subedar Tech,48,"Sensors, Wiring Harness",34916,1
ML-6648,EQ-1550,B07,2026-03-06,Routine Preventive,Subedar Tech,12,"Starter Motor, Battery",46770,1
ML-6649,EQ-1550,B07,2025-12-29,Pre-Mission Inspection,Naik Mech,6,"Tire Assembly, Hub Bearing",44241,1
ML-6650,EQ-1551,B03,2026-07-14,Pre-Mission Inspection,Havildar Tech,8,"Injector Nozzle, Fuel Filter",83871,1
ML-6651,EQ-1551,B03,2026-06-12,Emergency Repair,Havildar Tech,8,"Brake Pads, Hydraulic Line",80226,1
ML-6652,EQ-1552,B07,2026-06-24,Pre-Mission Inspection,Havildar Tech,12,"Injector Nozzle, Fuel Filter",25940,1
ML-6653,EQ-1552,B07,2026-05-17,Emergency Repair,Havildar Tech,24,"Alternator, Belt Drive",28765,7
ML-6654,EQ-1553,B05,2026-06-19,Pre-Mission Inspection,Sergeant,48,"Alternator, Belt Drive",14101,1
ML-6655,EQ-1553,B05,2026-04-11,Oil & Filter Overhaul,Havildar Tech,48,"Radiator Core, Coolant",15886,1
ML-6656,EQ-1554,B07,2026-06-23,Pre-Mission Inspection,Warrant Officer,6,"Brake Pads, Hydraulic Line",12021,1
ML-6657,EQ-1554,B07,2026-04-19,Pre-Mission Inspection,Naik Mech,12,"Radiator Core, Coolant",14395,1
ML-6658,EQ-1554,B07,2026-02-17,Emergency Repair,Havildar Tech,8,"Tire Assembly, Hub Bearing",12099,3
ML-6659,EQ-1555,B01,2026-07-02,Oil & Filter Overhaul,Warrant Officer,16,"Oil Filter, Gaskets",32206,1
ML-6660,EQ-1555,B01,2026-05-11,Routine Preventive,Havildar Tech,8,"Alternator, Belt Drive",22168,1
ML-6661,EQ-1556,B01,2026-07-09,Corrective Repair,Warrant Officer,24,"Tire Assembly, Hub Bearing",28153,3
ML-6662,EQ-1556,B01,2026-05-07,Oil & Filter Overhaul,Havildar Tech,6,"Injector Nozzle, Fuel Filter",25770,1
ML-6663,EQ-1556,B01,2026-03-26,Corrective Repair,Subedar Tech,48,"Injector Nozzle, Fuel Filter",31514,1
ML-6664,EQ-1557,B02,2026-06-04,Routine Preventive,Sergeant,6,"Oil Filter, Gaskets",29948,1
ML-6665,EQ-1557,B02,2026-03-16,Emergency Repair,Naik Mech,6,"Sensors, Wiring Harness",43475,1
ML-6666,EQ-1557,B02,2025-12-23,Routine Preventive,Subedar Tech,12,"Oil Filter, Gaskets",35639,1
ML-6667,EQ-1557,B02,2025-10-13,Routine Preventive,Havildar Tech,8,"Oil Filter, Gaskets",37797,1
ML-6668,EQ-1558,B04,2026-06-19,Oil & Filter Overhaul,Subedar Tech,48,"Alternator, Belt Drive",11449,1
ML-6669,EQ-1558,B04,2026-04-12,Pre-Mission Inspection,Naik Mech,12,"Brake Pads, Hydraulic Line",16072,1
ML-6670,EQ-1559,B04,2026-06-03,Corrective Repair,Havildar Tech,8,"Brake Pads, Hydraulic Line",45942,7
ML-6671,EQ-1559,B04,2026-03-18,Emergency Repair,Naik Mech,48,"Tire Assembly, Hub Bearing",34605,5
ML-6672,EQ-1560,B04,2026-06-13,Emergency Repair,Havildar Tech,8,"Brake Pads, Hydraulic Line",14642,2
ML-6673,EQ-1560,B04,2026-04-22,Oil & Filter Overhaul,Sergeant,24,"Brake Pads, Hydraulic Line",11355,1
ML-6674,EQ-1560,B04,2026-02-06,Emergency Repair,Sergeant,4,"Injector Nozzle, Fuel Filter",16965,5
ML-6675,EQ-1561,B08,2026-06-23,Pre-Mission Inspection,Havildar Tech,12,"Brake Pads, Hydraulic Line",30289,1
ML-6676,EQ-1561,B08,2026-05-07,Routine Preventive,Warrant Officer,8,"Injector Nozzle, Fuel Filter",20829,1
ML-6677,EQ-1562,B02,2026-06-08,Oil & Filter Overhaul,Subedar Tech,6,"Sensors, Wiring Harness",11709,1
ML-6678,EQ-1562,B02,2026-04-12,Corrective Repair,Havildar Tech,24,"Oil Filter, Gaskets",11914,2
ML-6679,EQ-1563,B02,2026-07-24,Routine Preventive,Subedar Tech,16,"Brake Pads, Hydraulic Line",52814,1
ML-6680,EQ-1563,B02,2026-06-21,Pre-Mission Inspection,Havildar Tech,4,"Oil Filter, Gaskets",66551,1
ML-6681,EQ-1563,B02,2026-05-13,Corrective Repair,Naik Mech,24,"Injector Nozzle, Fuel Filter",72059,5
ML-6682,EQ-1563,B02,2026-04-19,Pre-Mission Inspection,Havildar Tech,24,"Tire Assembly, Hub Bearing",84543,1
ML-6683,EQ-1564,B03,2026-07-02,Pre-Mission Inspection,Havildar Tech,4,"Brake Pads, Hydraulic Line",32980,1
ML-6684,EQ-1564,B03,2026-05-15,Oil & Filter Overhaul,Subedar Tech,16,"Radiator Core, Coolant",21620,1
ML-6685,EQ-1565,B04,2026-07-16,Corrective Repair,Havildar Tech,12,"Tire Assembly, Hub Bearing",82136,1
ML-6686,EQ-1565,B04,2026-06-23,Corrective Repair,Sergeant,8,"Oil Filter, Gaskets",71473,1
ML-6687,EQ-1565,B04,2026-05-09,Pre-Mission Inspection,Warrant Officer,6,"Starter Motor, Battery",57890,1
ML-6688,EQ-1565,B04,2026-04-06,Corrective Repair,Warrant Officer,8,"Oil Filter, Gaskets",84155,2
ML-6689,EQ-1566,B01,2026-05-22,Pre-Mission Inspection,Subedar Tech,16,"Injector Nozzle, Fuel Filter",67001,1
ML-6690,EQ-1566,B01,2026-02-21,Routine Preventive,Naik Mech,24,"Sensors, Wiring Harness",55292,1
ML-6691,EQ-1566,B01,2025-11-06,Oil & Filter Overhaul,Warrant Officer,8,"Oil Filter, Gaskets",66528,1
ML-6692,EQ-1566,B01,2025-08-25,Pre-Mission Inspection,Naik Mech,4,"Tire Assembly, Hub Bearing",64120,1
ML-6693,EQ-1567,B02,2026-06-04,Routine Preventive,Warrant Officer,16,"Radiator Core, Coolant",16843,1
ML-6694,EQ-1567,B02,2026-04-12,Oil & Filter Overhaul,Subedar Tech,8,"Starter Motor, Battery",13617,1
ML-6695,EQ-1568,B03,2026-06-16,Routine Preventive,Warrant Officer,16,"Sensors, Wiring Harness",12239,1
ML-6696,EQ-1568,B03,2026-04-12,Routine Preventive,Naik Mech,6,"Radiator Core, Coolant",14301,1
ML-6697,EQ-1569,B06,2026-06-22,Pre-Mission Inspection,Subedar Tech,48,"Alternator, Belt Drive",26234,1
ML-6698,EQ-1569,B06,2026-05-10,Pre-Mission Inspection,Havildar Tech,4,"Injector Nozzle, Fuel Filter",26565,1
ML-6699,EQ-1569,B06,2026-03-21,Emergency Repair,Havildar Tech,4,"Oil Filter, Gaskets",23141,7
ML-6700,EQ-1570,B02,2026-07-04,Routine Preventive,Warrant Officer,16,"Injector Nozzle, Fuel Filter",25111,1
ML-6701,EQ-1570,B02,2026-05-17,Routine Preventive,Havildar Tech,24,"Brake Pads, Hydraulic Line",30973,1
ML-6702,EQ-1570,B02,2026-03-22,Pre-Mission Inspection,Naik Mech,6,"Brake Pads, Hydraulic Line",26908,1
ML-6703,EQ-1571,B03,2026-06-13,Routine Preventive,Naik Mech,48,"Brake Pads, Hydraulic Line",16446,1
ML-6704,EQ-1571,B03,2026-04-23,Corrective Repair,Subedar Tech,8,"Alternator, Belt Drive",11731,1
ML-6705,EQ-1572,B06,2026-06-06,Routine Preventive,Subedar Tech,4,"Brake Pads, Hydraulic Line",14907,1
ML-6706,EQ-1572,B06,2026-04-24,Emergency Repair,Havildar Tech,6,"Alternator, Belt Drive",17076,2
ML-6707,EQ-1572,B06,2026-02-21,Pre-Mission Inspection,Warrant Officer,12,"Brake Pads, Hydraulic Line",15782,1
ML-6708,EQ-1572,B06,2025-12-06,Emergency Repair,Naik Mech,4,"Brake Pads, Hydraulic Line",14439,3
ML-6709,EQ-1573,B05,2026-06-23,Emergency Repair,Naik Mech,4,"Oil Filter, Gaskets",22586,7
ML-6710,EQ-1573,B05,2026-05-09,Pre-Mission Inspection,Havildar Tech,48,"Tire Assembly, Hub Bearing",29323,1
ML-6711,EQ-1573,B05,2026-03-26,Corrective Repair,Warrant Officer,12,"Oil Filter, Gaskets",22216,1
ML-6712,EQ-1574,B08,2026-06-09,Emergency Repair,Warrant Officer,6,"Oil Filter, Gaskets",12954,7
ML-6713,EQ-1574,B08,2026-04-22,Oil & Filter Overhaul,Sergeant,4,"Injector Nozzle, Fuel Filter",16810,1
ML-6714,EQ-1575,B01,2026-07-12,Pre-Mission Inspection,Subedar Tech,48,"Sensors, Wiring Harness",73244,1
ML-6715,EQ-1575,B01,2026-06-10,Routine Preventive,Warrant Officer,24,"Tire Assembly, Hub Bearing",61551,1
ML-6716,EQ-1576,B06,2026-07-07,Corrective Repair,Subedar Tech,4,"Starter Motor, Battery",20458,1
ML-6717,EQ-1576,B06,2026-05-05,Oil & Filter Overhaul,Naik Mech,8,"Injector Nozzle, Fuel Filter",27299,1
ML-6718,EQ-1576,B06,2026-04-07,Pre-Mission Inspection,Naik Mech,48,"Starter Motor, Battery",28584,1
ML-6719,EQ-1577,B02,2026-06-07,Emergency Repair,Naik Mech,24,"Alternator, Belt Drive",118493,2
ML-6720,EQ-1577,B02,2026-04-06,Pre-Mission Inspection,Havildar Tech,6,"Alternator, Belt Drive",112571,1
ML-6721,EQ-1577,B02,2026-02-22,Oil & Filter Overhaul,Warrant Officer,4,"Brake Pads, Hydraulic Line",72396,1
ML-6722,EQ-1577,B02,2025-12-13,Pre-Mission Inspection,Sergeant,6,"Tire Assembly, Hub Bearing",84385,1
ML-6723,EQ-1578,B06,2026-06-14,Routine Preventive,Sergeant,6,"Sensors, Wiring Harness",89186,1
ML-6724,EQ-1578,B06,2026-04-11,Routine Preventive,Naik Mech,24,"Sensors, Wiring Harness",79766,1
ML-6725,EQ-1579,B02,2026-06-23,Oil & Filter Overhaul,Naik Mech,12,"Radiator Core, Coolant",12113,1
ML-6726,EQ-1579,B02,2026-04-09,Oil & Filter Overhaul,Havildar Tech,6,"Tire Assembly, Hub Bearing",10734,1
ML-6727,EQ-1579,B02,2026-02-15,Corrective Repair,Warrant Officer,8,"Tire Assembly, Hub Bearing",14084,1
ML-6728,EQ-1580,B01,2026-06-22,Oil & Filter Overhaul,Naik Mech,24,"Starter Motor, Battery",16535,1
ML-6729,EQ-1580,B01,2026-04-08,Emergency Repair,Naik Mech,12,"Tire Assembly, Hub Bearing",17272,3
ML-6730,EQ-1580,B01,2026-02-05,Pre-Mission Inspection,Warrant Officer,16,"Sensors, Wiring Harness",11486,1
ML-6731,EQ-1581,B04,2026-05-21,Routine Preventive,Subedar Tech,16,"Sensors, Wiring Harness",53320,1
ML-6732,EQ-1581,B04,2026-02-05,Routine Preventive,Subedar Tech,12,"Alternator, Belt Drive",63339,1
ML-6733,EQ-1581,B04,2025-11-20,Emergency Repair,Warrant Officer,24,"Radiator Core, Coolant",58799,1
ML-6734,EQ-1581,B04,2025-08-13,Oil & Filter Overhaul,Subedar Tech,12,"Tire Assembly, Hub Bearing",54005,1
ML-6735,EQ-1582,B02,2026-05-23,Emergency Repair,Warrant Officer,48,"Radiator Core, Coolant",62868,7
ML-6736,EQ-1582,B02,2026-02-21,Corrective Repair,Havildar Tech,4,"Sensors, Wiring Harness",66373,3
ML-6737,EQ-1583,B01,2026-05-23,Emergency Repair,Subedar Tech,8,"Injector Nozzle, Fuel Filter",29160,5
ML-6738,EQ-1583,B01,2026-03-24,Routine Preventive,Warrant Officer,16,"Oil Filter, Gaskets",30032,1
ML-6739,EQ-1583,B01,2025-12-27,Corrective Repair,Havildar Tech,48,"Oil Filter, Gaskets",45422,5
ML-6740,EQ-1583,B01,2025-10-21,Oil & Filter Overhaul,Havildar Tech,48,"Oil Filter, Gaskets",37233,1
ML-6741,EQ-1584,B08,2026-06-24,Emergency Repair,Subedar Tech,16,"Oil Filter, Gaskets",14337,3
ML-6742,EQ-1584,B08,2026-04-24,Routine Preventive,Sergeant,8,"Radiator Core, Coolant",11699,1
ML-6743,EQ-1584,B08,2026-02-17,Emergency Repair,Naik Mech,6,"Injector Nozzle, Fuel Filter",15699,5
ML-6744,EQ-1584,B08,2025-12-21,Pre-Mission Inspection,Havildar Tech,4,"Injector Nozzle, Fuel Filter",14343,1
ML-6745,EQ-1585,B06,2026-06-06,Routine Preventive,Warrant Officer,16,"Radiator Core, Coolant",13988,1
ML-6746,EQ-1585,B06,2026-04-25,Oil & Filter Overhaul,Havildar Tech,16,"Sensors, Wiring Harness",14101,1
ML-6747,EQ-1586,B03,2026-05-17,Pre-Mission Inspection,Naik Mech,16,"Oil Filter, Gaskets",47638,1
ML-6748,EQ-1586,B03,2026-02-19,Corrective Repair,Naik Mech,8,"Starter Motor, Battery",64527,2
ML-6749,EQ-1587,B01,2026-06-05,Corrective Repair,Naik Mech,48,"Starter Motor, Battery",11956,3
ML-6750,EQ-1587,B01,2026-04-18,Corrective Repair,Havildar Tech,6,"Sensors, Wiring Harness",13334,7
ML-6751,EQ-1588,B01,2026-07-02,Routine Preventive,Warrant Officer,12,"Starter Motor, Battery",33164,1
ML-6752,EQ-1588,B01,2026-05-11,Corrective Repair,Havildar Tech,8,"Alternator, Belt Drive",24478,1
ML-6753,EQ-1589,B03,2026-06-19,Routine Preventive,Naik Mech,8,"Sensors, Wiring Harness",32515,1
ML-6754,EQ-1589,B03,2026-05-25,Emergency Repair,Naik Mech,12,"Brake Pads, Hydraulic Line",32152,1
ML-6755,EQ-1589,B03,2026-04-10,Oil & Filter Overhaul,Naik Mech,6,"Alternator, Belt Drive",27938,1
ML-6756,EQ-1589,B03,2026-02-16,Routine Preventive,Subedar Tech,6,"Brake Pads, Hydraulic Line",21206,1
ML-6757,EQ-1590,B05,2026-06-13,Corrective Repair,Havildar Tech,8,"Injector Nozzle, Fuel Filter",104620,7
ML-6758,EQ-1590,B05,2026-04-08,Oil & Filter Overhaul,Sergeant,48,"Alternator, Belt Drive",83295,1
ML-6759,EQ-1591,B06,2026-06-28,Oil & Filter Overhaul,Warrant Officer,4,"Injector Nozzle, Fuel Filter",31918,1
ML-6760,EQ-1591,B06,2026-05-08,Routine Preventive,Sergeant,12,"Alternator, Belt Drive",29184,1
ML-6761,EQ-1592,B02,2026-06-28,Corrective Repair,Sergeant,16,"Sensors, Wiring Harness",21458,2
ML-6762,EQ-1592,B02,2026-05-20,Routine Preventive,Sergeant,8,"Oil Filter, Gaskets",22823,1
ML-6763,EQ-1592,B02,2026-04-05,Corrective Repair,Subedar Tech,48,"Sensors, Wiring Harness",25055,5
ML-6764,EQ-1593,B01,2026-05-20,Corrective Repair,Warrant Officer,12,"Oil Filter, Gaskets",62750,5
ML-6765,EQ-1593,B01,2026-02-24,Routine Preventive,Sergeant,48,"Radiator Core, Coolant",47724,1
ML-6766,EQ-1593,B01,2025-11-15,Emergency Repair,Subedar Tech,6,"Brake Pads, Hydraulic Line",52160,1
ML-6767,EQ-1594,B01,2026-06-20,Oil & Filter Overhaul,Warrant Officer,24,"Oil Filter, Gaskets",13797,1
ML-6768,EQ-1594,B01,2026-04-17,Routine Preventive,Warrant Officer,24,"Sensors, Wiring Harness",13376,1
ML-6769,EQ-1594,B01,2026-02-11,Corrective Repair,Sergeant,12,"Alternator, Belt Drive",16608,3
ML-6770,EQ-1594,B01,2025-12-26,Emergency Repair,Naik Mech,8,"Starter Motor, Battery",10726,2
ML-6771,EQ-1595,B02,2026-06-18,Emergency Repair,Sergeant,12,"Tire Assembly, Hub Bearing",13785,3
ML-6772,EQ-1595,B02,2026-04-10,Emergency Repair,Naik Mech,48,"Oil Filter, Gaskets",17163,3
ML-6773,EQ-1596,B04,2026-06-17,Routine Preventive,Warrant Officer,8,"Alternator, Belt Drive",13686,1
ML-6774,EQ-1596,B04,2026-04-20,Oil & Filter Overhaul,Naik Mech,8,"Sensors, Wiring Harness",12130,1
ML-6775,EQ-1596,B04,2026-02-08,Emergency Repair,Sergeant,16,"Alternator, Belt Drive",16289,1
ML-6776,EQ-1596,B04,2025-12-21,Corrective Repair,Warrant Officer,8,"Radiator Core, Coolant",13092,2
ML-6777,EQ-1597,B03,2026-07-01,Routine Preventive,Sergeant,48,"Oil Filter, Gaskets",23494,1
ML-6778,EQ-1597,B03,2026-05-18,Emergency Repair,Havildar Tech,4,"Alternator, Belt Drive",26695,3
ML-6779,EQ-1597,B03,2026-03-26,Routine Preventive,Subedar Tech,24,"Sensors, Wiring Harness",31572,1
ML-6780,EQ-1597,B03,2026-02-17,Oil & Filter Overhaul,Naik Mech,16,"Alternator, Belt Drive",26414,1
ML-6781,EQ-1598,B03,2026-05-14,Routine Preventive,Naik Mech,24,"Oil Filter, Gaskets",62354,1
ML-6782,EQ-1598,B03,2026-02-10,Pre-Mission Inspection,Havildar Tech,24,"Injector Nozzle, Fuel Filter",53349,1
ML-6783,EQ-1598,B03,2025-11-26,Routine Preventive,Warrant Officer,8,"Radiator Core, Coolant",61314,1
ML-6784,EQ-1598,B03,2025-08-08,Routine Preventive,Subedar Tech,16,"Sensors, Wiring Harness",63009,1
ML-6785,EQ-1599,B08,2026-05-22,Corrective Repair,Warrant Officer,6,"Injector Nozzle, Fuel Filter",55267,5
ML-6786,EQ-1599,B08,2026-02-09,Routine Preventive,Sergeant,24,"Alternator, Belt Drive",64856,1
ML-6787,EQ-1599,B08,2025-11-26,Oil & Filter Overhaul,Naik Mech,12,"Sensors, Wiring Harness",61156,1
ML-6788,EQ-1600,B04,2026-05-16,Emergency Repair,Havildar Tech,6,"Brake Pads, Hydraulic Line",55874,3
ML-6789,EQ-1600,B04,2026-02-04,Pre-Mission Inspection,Warrant Officer,12,"Brake Pads, Hydraulic Line",63410,1
ML-6790,EQ-1600,B04,2025-11-12,Corrective Repair,Havildar Tech,12,"Starter Motor, Battery",41585,1
ML-6791,EQ-1600,B04,2025-08-16,Emergency Repair,Naik Mech,16,"Oil Filter, Gaskets",60943,7
ML-6792,EQ-1601,B04,2026-07-15,Pre-Mission Inspection,Subedar Tech,6,"Sensors, Wiring Harness",73526,1
ML-6793,EQ-1601,B04,2026-06-19,Routine Preventive,Naik Mech,24,"Starter Motor, Battery",53730,1
ML-6794,EQ-1601,B04,2026-05-15,Routine Preventive,Subedar Tech,24,"Oil Filter, Gaskets",63014,1
ML-6795,EQ-1602,B03,2026-07-07,Emergency Repair,Warrant Officer,16,"Brake Pads, Hydraulic Line",26549,7
ML-6796,EQ-1602,B03,2026-05-25,Corrective Repair,Havildar Tech,12,"Alternator, Belt Drive",25500,3
ML-6797,EQ-1602,B03,2026-03-21,Routine Preventive,Warrant Officer,48,"Oil Filter, Gaskets",27365,1
ML-6798,EQ-1602,B03,2026-02-04,Pre-Mission Inspection,Havildar Tech,48,"Injector Nozzle, Fuel Filter",31632,1
ML-6799,EQ-1603,B02,2026-06-12,Pre-Mission Inspection,Naik Mech,6,"Sensors, Wiring Harness",11657,1
ML-6800,EQ-1603,B02,2026-04-05,Pre-Mission Inspection,Subedar Tech,8,"Alternator, Belt Drive",16607,1
ML-6801,EQ-1604,B05,2026-06-20,Routine Preventive,Naik Mech,4,"Injector Nozzle, Fuel Filter",10731,1
ML-6802,EQ-1604,B05,2026-04-06,Emergency Repair,Naik Mech,4,"Injector Nozzle, Fuel Filter",11450,3
ML-6803,EQ-1604,B05,2026-02-16,Corrective Repair,Subedar Tech,8,"Sensors, Wiring Harness",12476,3
ML-6804,EQ-1605,B08,2026-06-25,Corrective Repair,Sergeant,48,"Oil Filter, Gaskets",25746,5
ML-6805,EQ-1605,B08,2026-05-05,Oil & Filter Overhaul,Naik Mech,4,"Injector Nozzle, Fuel Filter",30445,1
ML-6806,EQ-1605,B08,2026-03-29,Routine Preventive,Subedar Tech,48,"Alternator, Belt Drive",24600,1
ML-6807,EQ-1605,B08,2026-02-13,Oil & Filter Overhaul,Sergeant,48,"Sensors, Wiring Harness",23334,1
ML-6808,EQ-1606,B05,2026-06-23,Emergency Repair,Naik Mech,24,"Sensors, Wiring Harness",25276,2
ML-6809,EQ-1606,B05,2026-05-21,Emergency Repair,Warrant Officer,4,"Sensors, Wiring Harness",23446,7
ML-6810,EQ-1607,B06,2026-05-22,Emergency Repair,Warrant Officer,4,"Sensors, Wiring Harness",40491,1
ML-6811,EQ-1607,B06,2026-03-12,Corrective Repair,Naik Mech,16,"Sensors, Wiring Harness",46639,3
ML-6812,EQ-1607,B06,2025-12-29,Pre-Mission Inspection,Sergeant,16,"Injector Nozzle, Fuel Filter",40312,1
ML-6813,EQ-1608,B06,2026-07-05,Corrective Repair,Sergeant,4,"Radiator Core, Coolant",80426,7
ML-6814,EQ-1608,B06,2026-06-18,Corrective Repair,Naik Mech,16,"Brake Pads, Hydraulic Line",85983,5
ML-6815,EQ-1608,B06,2026-05-25,Oil & Filter Overhaul,Havildar Tech,4,"Alternator, Belt Drive",53700,1
ML-6816,EQ-1609,B05,2026-06-23,Corrective Repair,Sergeant,12,"Radiator Core, Coolant",31112,5
ML-6817,EQ-1609,B05,2026-05-21,Oil & Filter Overhaul,Warrant Officer,16,"Sensors, Wiring Harness",20837,1
ML-6818,EQ-1610,B02,2026-07-07,Pre-Mission Inspection,Sergeant,12,"Injector Nozzle, Fuel Filter",83585,1
ML-6819,EQ-1610,B02,2026-06-23,Emergency Repair,Sergeant,48,"Radiator Core, Coolant",74832,2
ML-6820,EQ-1610,B02,2026-05-25,Corrective Repair,Havildar Tech,24,"Radiator Core, Coolant",55604,5
ML-6821,EQ-1611,B04,2026-05-15,Routine Preventive,Warrant Officer,4,"Oil Filter, Gaskets",63251,1
ML-6822,EQ-1611,B04,2026-02-09,Routine Preventive,Warrant Officer,24,"Injector Nozzle, Fuel Filter",53890,1
ML-6823,EQ-1611,B04,2025-11-15,Pre-Mission Inspection,Naik Mech,12,"Brake Pads, Hydraulic Line",42439,1
ML-6824,EQ-1611,B04,2025-08-27,Pre-Mission Inspection,Naik Mech,8,"Brake Pads, Hydraulic Line",44670,1
ML-6825,EQ-1612,B04,2026-06-17,Emergency Repair,Warrant Officer,4,"Oil Filter, Gaskets",12792,3
ML-6826,EQ-1612,B04,2026-04-23,Emergency Repair,Havildar Tech,16,"Brake Pads, Hydraulic Line",15969,7
ML-6827,EQ-1613,B07,2026-06-07,Oil & Filter Overhaul,Warrant Officer,48,"Brake Pads, Hydraulic Line",42530,1
ML-6828,EQ-1613,B07,2026-03-18,Oil & Filter Overhaul,Naik Mech,48,"Sensors, Wiring Harness",33972,1
ML-6829,EQ-1613,B07,2025-12-22,Emergency Repair,Warrant Officer,12,"Oil Filter, Gaskets",41361,1
ML-6830,EQ-1613,B07,2025-10-26,Routine Preventive,Subedar Tech,16,"Starter Motor, Battery",34230,1
ML-6831,EQ-1614,B02,2026-06-08,Oil & Filter Overhaul,Havildar Tech,48,"Sensors, Wiring Harness",13180,1
ML-6832,EQ-1614,B02,2026-04-11,Emergency Repair,Subedar Tech,4,"Injector Nozzle, Fuel Filter",14297,2
ML-6833,EQ-1615,B04,2026-05-10,Routine Preventive,Sergeant,24,"Tire Assembly, Hub Bearing",41923,1
ML-6834,EQ-1615,B04,2026-02-19,Pre-Mission Inspection,Sergeant,24,"Brake Pads, Hydraulic Line",41883,1
ML-6835,EQ-1615,B04,2025-11-24,Corrective Repair,Havildar Tech,24,"Alternator, Belt Drive",55078,1
ML-6836,EQ-1616,B02,2026-06-19,Pre-Mission Inspection,Warrant Officer,8,"Starter Motor, Battery",79110,1
ML-6837,EQ-1616,B02,2026-04-25,Oil & Filter Overhaul,Subedar Tech,8,"Radiator Core, Coolant",94505,1
ML-6838,EQ-1616,B02,2026-02-09,Pre-Mission Inspection,Naik Mech,48,"Oil Filter, Gaskets",106209,1
ML-6839,EQ-1616,B02,2025-12-06,Routine Preventive,Subedar Tech,4,"Tire Assembly, Hub Bearing",114109,1
ML-6840,EQ-1617,B03,2026-06-22,Corrective Repair,Subedar Tech,8,"Oil Filter, Gaskets",15711,5
ML-6841,EQ-1617,B03,2026-04-08,Emergency Repair,Sergeant,4,"Starter Motor, Battery",16862,5
ML-6842,EQ-1617,B03,2026-02-23,Emergency Repair,Naik Mech,48,"Oil Filter, Gaskets",12898,1
ML-6843,EQ-1618,B03,2026-06-16,Emergency Repair,Subedar Tech,24,"Starter Motor, Battery",12955,7
ML-6844,EQ-1618,B03,2026-04-11,Routine Preventive,Sergeant,8,"Starter Motor, Battery",15410,1
ML-6845,EQ-1618,B03,2026-02-04,Routine Preventive,Sergeant,12,"Oil Filter, Gaskets",16292,1
ML-6846,EQ-1618,B03,2025-12-09,Oil & Filter Overhaul,Warrant Officer,6,"Tire Assembly, Hub Bearing",13583,1
ML-6847,EQ-1619,B08,2026-06-28,Oil & Filter Overhaul,Subedar Tech,16,"Starter Motor, Battery",28706,1
ML-6848,EQ-1619,B08,2026-05-15,Corrective Repair,Sergeant,12,"Injector Nozzle, Fuel Filter",25655,3
ML-6849,EQ-1619,B08,2026-04-06,Routine Preventive,Subedar Tech,16,"Tire Assembly, Hub Bearing",22028,1
ML-6850,EQ-1620,B05,2026-05-14,Oil & Filter Overhaul,Naik Mech,4,"Brake Pads, Hydraulic Line",54104,1
ML-6851,EQ-1620,B05,2026-02-24,Emergency Repair,Warrant Officer,6,"Brake Pads, Hydraulic Line",42591,1
ML-6852,EQ-1621,B02,2026-06-10,Routine Preventive,Sergeant,8,"Tire Assembly, Hub Bearing",14636,1
ML-6853,EQ-1621,B02,2026-04-23,Emergency Repair,Subedar Tech,16,"Sensors, Wiring Harness",15839,5
ML-6854,EQ-1621,B02,2026-02-06,Routine Preventive,Sergeant,8,"Sensors, Wiring Harness",12101,1
ML-6855,EQ-1622,B02,2026-06-02,Pre-Mission Inspection,Naik Mech,48,"Brake Pads, Hydraulic Line",44898,1
ML-6856,EQ-1622,B02,2026-03-21,Emergency Repair,Naik Mech,8,"Sensors, Wiring Harness",29377,2
ML-6857,EQ-1622,B02,2026-01-04,Corrective Repair,Naik Mech,6,"Tire Assembly, Hub Bearing",44800,2
ML-6858,EQ-1623,B04,2026-06-17,Corrective Repair,Sergeant,24,"Injector Nozzle, Fuel Filter",101326,3
ML-6859,EQ-1623,B04,2026-04-05,Corrective Repair,Havildar Tech,6,"Starter Motor, Battery",78827,7
ML-6860,EQ-1623,B04,2026-02-21,Emergency Repair,Sergeant,4,"Brake Pads, Hydraulic Line",84001,2
ML-6861,EQ-1624,B02,2026-07-20,Oil & Filter Overhaul,Warrant Officer,4,"Tire Assembly, Hub Bearing",83277,1
ML-6862,EQ-1624,B02,2026-06-06,Corrective Repair,Sergeant,16,"Brake Pads, Hydraulic Line",76219,2
ML-6863,EQ-1624,B02,2026-05-22,Oil & Filter Overhaul,Naik Mech,24,"Sensors, Wiring Harness",53704,1
ML-6864,EQ-1625,B02,2026-06-24,Corrective Repair,Warrant Officer,8,"Oil Filter, Gaskets",12050,1
ML-6865,EQ-1625,B02,2026-04-15,Corrective Repair,Subedar Tech,6,"Alternator, Belt Drive",14848,1
ML-6866,EQ-1625,B02,2026-02-23,Routine Preventive,Naik Mech,48,"Alternator, Belt Drive",15027,1
ML-6867,EQ-1626,B07,2026-06-18,Emergency Repair,Subedar Tech,24,"Radiator Core, Coolant",16158,5
ML-6868,EQ-1626,B07,2026-04-23,Oil & Filter Overhaul,Sergeant,12,"Alternator, Belt Drive",12568,1
ML-6869,EQ-1626,B07,2026-02-09,Pre-Mission Inspection,Naik Mech,6,"Brake Pads, Hydraulic Line",15064,1
ML-6870,EQ-1627,B08,2026-06-30,Pre-Mission Inspection,Subedar Tech,6,"Starter Motor, Battery",23257,1
ML-6871,EQ-1627,B08,2026-05-13,Pre-Mission Inspection,Sergeant,4,"Injector Nozzle, Fuel Filter",21738,1
ML-6872,EQ-1627,B08,2026-03-24,Oil & Filter Overhaul,Sergeant,4,"Brake Pads, Hydraulic Line",31033,1
ML-6873,EQ-1628,B02,2026-05-20,Pre-Mission Inspection,Warrant Officer,12,"Tire Assembly, Hub Bearing",31922,1
ML-6874,EQ-1628,B02,2026-03-24,Corrective Repair,Naik Mech,48,"Injector Nozzle, Fuel Filter",44743,5
ML-6875,EQ-1629,B04,2026-06-27,Pre-Mission Inspection,Warrant Officer,24,"Radiator Core, Coolant",20723,1
ML-6876,EQ-1629,B04,2026-05-11,Corrective Repair,Sergeant,16,"Sensors, Wiring Harness",28630,2
ML-6877,EQ-1629,B04,2026-04-10,Corrective Repair,Naik Mech,48,"Tire Assembly, Hub Bearing",31703,5
ML-6878,EQ-1630,B06,2026-06-14,Emergency Repair,Subedar Tech,48,"Radiator Core, Coolant",12878,1
ML-6879,EQ-1630,B06,2026-04-20,Routine Preventive,Havildar Tech,12,"Alternator, Belt Drive",12376,1
ML-6880,EQ-1630,B06,2026-02-23,Pre-Mission Inspection,Warrant Officer,12,"Radiator Core, Coolant",13281,1
ML-6881,EQ-1631,B06,2026-06-24,Emergency Repair,Havildar Tech,6,"Radiator Core, Coolant",96212,1
ML-6882,EQ-1631,B06,2026-04-11,Corrective Repair,Havildar Tech,6,"Sensors, Wiring Harness",73179,7
ML-6883,EQ-1631,B06,2026-02-15,Corrective Repair,Sergeant,8,"Injector Nozzle, Fuel Filter",110112,5
ML-6884,EQ-1632,B01,2026-06-09,Corrective Repair,Sergeant,8,"Radiator Core, Coolant",11552,3
ML-6885,EQ-1632,B01,2026-04-22,Pre-Mission Inspection,Havildar Tech,12,"Alternator, Belt Drive",12066,1
ML-6886,EQ-1632,B01,2026-02-15,Corrective Repair,Subedar Tech,4,"Tire Assembly, Hub Bearing",12809,5
ML-6887,EQ-1632,B01,2025-12-11,Pre-Mission Inspection,Subedar Tech,16,"Oil Filter, Gaskets",12681,1
ML-6888,EQ-1633,B04,2026-06-29,Emergency Repair,Naik Mech,16,"Oil Filter, Gaskets",27271,3
ML-6889,EQ-1633,B04,2026-05-21,Emergency Repair,Warrant Officer,4,"Tire Assembly, Hub Bearing",20939,3
ML-6890,EQ-1634,B04,2026-05-09,Pre-Mission Inspection,Warrant Officer,8,"Brake Pads, Hydraulic Line",62077,1
ML-6891,EQ-1634,B04,2026-02-19,Corrective Repair,Warrant Officer,48,"Starter Motor, Battery",47259,1
ML-6892,EQ-1634,B04,2025-11-06,Pre-Mission Inspection,Subedar Tech,16,"Sensors, Wiring Harness",50319,1
ML-6893,EQ-1635,B01,2026-05-08,Emergency Repair,Subedar Tech,8,"Injector Nozzle, Fuel Filter",54017,3
ML-6894,EQ-1635,B01,2026-02-06,Emergency Repair,Naik Mech,16,"Oil Filter, Gaskets",49047,2
ML-6895,EQ-1635,B01,2025-11-22,Emergency Repair,Havildar Tech,6,"Starter Motor, Battery",52948,5
ML-6896,EQ-1636,B04,2026-05-20,Oil & Filter Overhaul,Subedar Tech,12,"Tire Assembly, Hub Bearing",43692,1
ML-6897,EQ-1636,B04,2026-03-20,Emergency Repair,Naik Mech,4,"Oil Filter, Gaskets",39995,5
ML-6898,EQ-1637,B04,2026-05-09,Emergency Repair,Warrant Officer,6,"Oil Filter, Gaskets",41403,1
ML-6899,EQ-1637,B04,2026-02-20,Corrective Repair,Havildar Tech,12,"Brake Pads, Hydraulic Line",47077,7
ML-6900,EQ-1638,B01,2026-06-09,Pre-Mission Inspection,Havildar Tech,12,"Sensors, Wiring Harness",72579,1
ML-6901,EQ-1638,B01,2026-04-22,Corrective Repair,Warrant Officer,16,"Injector Nozzle, Fuel Filter",74450,2
ML-6902,EQ-1638,B01,2026-02-06,Corrective Repair,Subedar Tech,12,"Starter Motor, Battery",98188,7
ML-6903,EQ-1638,B01,2025-12-13,Routine Preventive,Naik Mech,16,"Tire Assembly, Hub Bearing",103168,1
ML-6904,EQ-1639,B05,2026-06-21,Oil & Filter Overhaul,Warrant Officer,8,"Oil Filter, Gaskets",12844,1
ML-6905,EQ-1639,B05,2026-04-24,Pre-Mission Inspection,Warrant Officer,24,"Brake Pads, Hydraulic Line",13082,1
ML-6906,EQ-1640,B04,2026-06-19,Corrective Repair,Warrant Officer,48,"Oil Filter, Gaskets",30871,7
ML-6907,EQ-1640,B04,2026-05-11,Pre-Mission Inspection,Sergeant,24,"Sensors, Wiring Harness",21902,1
ML-6908,EQ-1641,B01,2026-06-24,Emergency Repair,Subedar Tech,6,"Sensors, Wiring Harness",16915,1
ML-6909,EQ-1641,B01,2026-04-23,Emergency Repair,Naik Mech,6,"Radiator Core, Coolant",13595,5
ML-6910,EQ-1641,B01,2026-02-08,Oil & Filter Overhaul,Sergeant,48,"Brake Pads, Hydraulic Line",15175,1
ML-6911,EQ-1642,B08,2026-05-05,Corrective Repair,Naik Mech,48,"Starter Motor, Battery",45121,3
ML-6912,EQ-1642,B08,2026-02-22,Routine Preventive,Sergeant,24,"Radiator Core, Coolant",50724,1
ML-6913,EQ-1642,B08,2025-11-15,Pre-Mission Inspection,Warrant Officer,8,"Starter Motor, Battery",57348,1
ML-6914,EQ-1643,B06,2026-06-21,Oil & Filter Overhaul,Havildar Tech,12,"Oil Filter, Gaskets",13544,1
ML-6915,EQ-1643,B06,2026-04-20,Emergency Repair,Sergeant,4,"Brake Pads, Hydraulic Line",16795,7
ML-6916,EQ-1643,B06,2026-02-22,Corrective Repair,Subedar Tech,8,"Brake Pads, Hydraulic Line",15063,3
ML-6917,EQ-1643,B06,2025-12-11,Pre-Mission Inspection,Naik Mech,4,"Alternator, Belt Drive",13282,1
ML-6918,EQ-1644,B05,2026-06-06,Corrective Repair,Havildar Tech,16,"Sensors, Wiring Harness",106190,7
ML-6919,EQ-1644,B05,2026-04-19,Routine Preventive,Sergeant,12,"Tire Assembly, Hub Bearing",91680,1
ML-6920,EQ-1645,B05,2026-05-26,Emergency Repair,Warrant Officer,16,"Starter Motor, Battery",47075,3
ML-6921,EQ-1645,B05,2026-03-07,Emergency Repair,Sergeant,4,"Tire Assembly, Hub Bearing",42744,1
ML-6922,EQ-1646,B02,2026-07-06,Corrective Repair,Warrant Officer,6,"Tire Assembly, Hub Bearing",27654,2
ML-6923,EQ-1646,B02,2026-05-23,Emergency Repair,Sergeant,48,"Radiator Core, Coolant",27892,3
ML-6924,EQ-1647,B03,2026-07-22,Oil & Filter Overhaul,Subedar Tech,6,"Alternator, Belt Drive",77545,1
ML-6925,EQ-1647,B03,2026-06-07,Pre-Mission Inspection,Sergeant,6,"Injector Nozzle, Fuel Filter",66317,1
ML-6926,EQ-1647,B03,2026-05-18,Corrective Repair,Naik Mech,8,"Tire Assembly, Hub Bearing",72227,1
ML-6927,EQ-1648,B02,2026-05-25,Oil & Filter Overhaul,Naik Mech,16,"Radiator Core, Coolant",48443,1
ML-6928,EQ-1648,B02,2026-02-10,Routine Preventive,Sergeant,12,"Sensors, Wiring Harness",53882,1
ML-6929,EQ-1649,B02,2026-06-22,Pre-Mission Inspection,Subedar Tech,4,"Sensors, Wiring Harness",26420,1
ML-6930,EQ-1649,B02,2026-05-12,Routine Preventive,Warrant Officer,8,"Tire Assembly, Hub Bearing",24375,1
ML-6931,EQ-1650,B04,2026-06-19,Oil & Filter Overhaul,Naik Mech,8,"Oil Filter, Gaskets",29526,1
ML-6932,EQ-1650,B04,2026-05-20,Oil & Filter Overhaul,Naik Mech,4,"Brake Pads, Hydraulic Line",24205,1
ML-6933,EQ-1650,B04,2026-04-10,Routine Preventive,Subedar Tech,12,"Oil Filter, Gaskets",25729,1
ML-6934,EQ-1651,B01,2026-06-19,Routine Preventive,Havildar Tech,12,"Injector Nozzle, Fuel Filter",10949,1
ML-6935,EQ-1651,B01,2026-04-06,Routine Preventive,Naik Mech,48,"Brake Pads, Hydraulic Line",15832,1
ML-6936,EQ-1651,B01,2026-02-16,Pre-Mission Inspection,Havildar Tech,6,"Starter Motor, Battery",14297,1
ML-6937,EQ-1651,B01,2025-12-20,Corrective Repair,Sergeant,6,"Radiator Core, Coolant",12191,5
ML-6938,EQ-1652,B08,2026-06-11,Routine Preventive,Sergeant,8,"Injector Nozzle, Fuel Filter",13577,1
ML-6939,EQ-1652,B08,2026-04-14,Emergency Repair,Naik Mech,48,"Tire Assembly, Hub Bearing",12326,3
ML-6940,EQ-1652,B08,2026-02-06,Corrective Repair,Sergeant,24,"Radiator Core, Coolant",14407,5
ML-6941,EQ-1652,B08,2025-12-19,Oil & Filter Overhaul,Naik Mech,48,"Brake Pads, Hydraulic Line",13073,1
ML-6942,EQ-1653,B08,2026-06-02,Corrective Repair,Subedar Tech,48,"Radiator Core, Coolant",33560,5
ML-6943,EQ-1653,B08,2026-03-18,Oil & Filter Overhaul,Naik Mech,12,"Sensors, Wiring Harness",46175,1
ML-6944,EQ-1653,B08,2025-12-31,Corrective Repair,Sergeant,16,"Sensors, Wiring Harness",32796,7
ML-6945,EQ-1654,B07,2026-07-14,Emergency Repair,Sergeant,24,"Alternator, Belt Drive",61956,3
ML-6946,EQ-1654,B07,2026-06-08,Emergency Repair,Havildar Tech,6,"Oil Filter, Gaskets",78243,5
ML-6947,EQ-1655,B05,2026-06-24,Emergency Repair,Sergeant,8,"Sensors, Wiring Harness",17108,1
ML-6948,EQ-1655,B05,2026-04-08,Pre-Mission Inspection,Naik Mech,12,"Alternator, Belt Drive",16786,1
ML-6949,EQ-1656,B01,2026-05-21,Routine Preventive,Naik Mech,6,"Alternator, Belt Drive",30936,1
ML-6950,EQ-1656,B01,2026-03-14,Routine Preventive,Naik Mech,8,"Brake Pads, Hydraulic Line",44246,1
ML-6951,EQ-1657,B04,2026-07-06,Pre-Mission Inspection,Sergeant,24,"Starter Motor, Battery",25697,1
ML-6952,EQ-1657,B04,2026-05-17,Corrective Repair,Naik Mech,4,"Brake Pads, Hydraulic Line",30054,2
ML-6953,EQ-1658,B02,2026-06-09,Oil & Filter Overhaul,Sergeant,4,"Brake Pads, Hydraulic Line",14753,1
ML-6954,EQ-1658,B02,2026-04-23,Pre-Mission Inspection,Sergeant,4,"Alternator, Belt Drive",11338,1
ML-6955,EQ-1658,B02,2026-02-22,Corrective Repair,Havildar Tech,4,"Alternator, Belt Drive",15930,2
ML-6956,EQ-1659,B04,2026-06-18,Pre-Mission Inspection,Havildar Tech,4,"Tire Assembly, Hub Bearing",75741,1
ML-6957,EQ-1659,B04,2026-04-10,Corrective Repair,Sergeant,16,"Brake Pads, Hydraulic Line",111395,5
ML-6958,EQ-1659,B04,2026-02-23,Routine Preventive,Havildar Tech,48,"Tire Assembly, Hub Bearing",75982,1
ML-6959,EQ-1660,B06,2026-06-18,Emergency Repair,Warrant Officer,12,"Radiator Core, Coolant",17292,3
ML-6960,EQ-1660,B06,2026-04-12,Pre-Mission Inspection,Havildar Tech,4,"Starter Motor, Battery",11914,1
ML-6961,EQ-1660,B06,2026-02-23,Pre-Mission Inspection,Havildar Tech,12,"Alternator, Belt Drive",16936,1
ML-6962,EQ-1660,B06,2025-12-14,Corrective Repair,Naik Mech,16,"Alternator, Belt Drive",11464,2
ML-6963,EQ-1661,B01,2026-06-19,Routine Preventive,Havildar Tech,12,"Alternator, Belt Drive",15833,1
ML-6964,EQ-1661,B01,2026-04-21,Routine Preventive,Warrant Officer,8,"Tire Assembly, Hub Bearing",14976,1
ML-6965,EQ-1661,B01,2026-02-06,Pre-Mission Inspection,Sergeant,24,"Alternator, Belt Drive",14356,1
ML-6966,EQ-1662,B07,2026-05-14,Corrective Repair,Warrant Officer,8,"Injector Nozzle, Fuel Filter",61347,1
ML-6967,EQ-1662,B07,2026-02-10,Oil & Filter Overhaul,Warrant Officer,12,"Injector Nozzle, Fuel Filter",44920,1
ML-6968,EQ-1662,B07,2025-11-15,Emergency Repair,Havildar Tech,12,"Oil Filter, Gaskets",41483,1
ML-6969,EQ-1663,B01,2026-06-11,Routine Preventive,Warrant Officer,4,"Alternator, Belt Drive",97564,1
ML-6970,EQ-1663,B01,2026-04-21,Emergency Repair,Naik Mech,4,"Tire Assembly, Hub Bearing",97321,2
ML-6971,EQ-1663,B01,2026-02-08,Corrective Repair,Naik Mech,4,"Radiator Core, Coolant",105915,2
ML-6972,EQ-1664,B01,2026-06-05,Routine Preventive,Havildar Tech,6,"Radiator Core, Coolant",16142,1
ML-6973,EQ-1664,B01,2026-04-18,Corrective Repair,Subedar Tech,4,"Radiator Core, Coolant",13010,5
ML-6974,EQ-1664,B01,2026-02-20,Routine Preventive,Warrant Officer,24,"Injector Nozzle, Fuel Filter",11757,1
ML-6975,EQ-1665,B02,2026-06-23,Oil & Filter Overhaul,Warrant Officer,4,"Alternator, Belt Drive",30444,1
ML-6976,EQ-1665,B02,2026-05-08,Corrective Repair,Sergeant,12,"Alternator, Belt Drive",25811,1
ML-6977,EQ-1666,B01,2026-06-20,Oil & Filter Overhaul,Naik Mech,24,"Tire Assembly, Hub Bearing",29975,1
ML-6978,EQ-1666,B01,2026-05-13,Oil & Filter Overhaul,Sergeant,4,"Radiator Core, Coolant",28270,1
ML-6979,EQ-1666,B01,2026-03-31,Pre-Mission Inspection,Sergeant,12,"Radiator Core, Coolant",33043,1
ML-6980,EQ-1666,B01,2026-02-15,Corrective Repair,Sergeant,4,"Alternator, Belt Drive",29611,1
ML-6981,EQ-1667,B06,2026-07-08,Emergency Repair,Warrant Officer,8,"Injector Nozzle, Fuel Filter",21495,1
ML-6982,EQ-1667,B06,2026-05-18,Oil & Filter Overhaul,Sergeant,16,"Brake Pads, Hydraulic Line",25920,1
ML-6983,EQ-1667,B06,2026-03-24,Routine Preventive,Sergeant,8,"Starter Motor, Battery",21173,1
ML-6984,EQ-1668,B02,2026-05-21,Oil & Filter Overhaul,Sergeant,6,"Starter Motor, Battery",64585,1
ML-6985,EQ-1668,B02,2026-02-24,Emergency Repair,Naik Mech,8,"Brake Pads, Hydraulic Line",61043,3
ML-6986,EQ-1668,B02,2025-11-23,Emergency Repair,Sergeant,8,"Starter Motor, Battery",59811,1
ML-6987,EQ-1668,B02,2025-08-18,Oil & Filter Overhaul,Sergeant,8,"Tire Assembly, Hub Bearing",54912,1
ML-6988,EQ-1669,B07,2026-05-08,Corrective Repair,Havildar Tech,6,"Sensors, Wiring Harness",65130,3
ML-6989,EQ-1669,B07,2026-02-24,Emergency Repair,Naik Mech,6,"Sensors, Wiring Harness",64867,7
ML-6990,EQ-1669,B07,2025-11-07,Emergency Repair,Subedar Tech,6,"Brake Pads, Hydraulic Line",43193,2
ML-6991,EQ-1669,B07,2025-08-09,Oil & Filter Overhaul,Havildar Tech,6,"Oil Filter, Gaskets",44465,1
ML-6992,EQ-1670,B03,2026-06-21,Pre-Mission Inspection,Subedar Tech,4,"Alternator, Belt Drive",22470,1
ML-6993,EQ-1670,B03,2026-05-25,Routine Preventive,Sergeant,4,"Sensors, Wiring Harness",22841,1
ML-6994,EQ-1671,B01,2026-07-07,Pre-Mission Inspection,Subedar Tech,8,"Radiator Core, Coolant",27186,1
ML-6995,EQ-1671,B01,2026-05-25,Corrective Repair,Havildar Tech,16,"Injector Nozzle, Fuel Filter",29997,3
ML-6996,EQ-1671,B01,2026-03-30,Corrective Repair,Havildar Tech,6,"Injector Nozzle, Fuel Filter",29995,5
ML-6997,EQ-1672,B05,2026-05-10,Oil & Filter Overhaul,Havildar Tech,12,"Sensors, Wiring Harness",52096,1
ML-6998,EQ-1672,B05,2026-02-13,Routine Preventive,Naik Mech,12,"Sensors, Wiring Harness",45467,1
ML-6999,EQ-1672,B05,2025-11-26,Oil & Filter Overhaul,Warrant Officer,6,"Brake Pads, Hydraulic Line",61491,1
ML-7000,EQ-1673,B04,2026-05-21,Routine Preventive,Sergeant,24,"Tire Assembly, Hub Bearing",44790,1
ML-7001,EQ-1673,B04,2026-02-13,Emergency Repair,Sergeant,4,"Injector Nozzle, Fuel Filter",56264,3
ML-7002,EQ-1674,B04,2026-05-23,Oil & Filter Overhaul,Sergeant,8,"Sensors, Wiring Harness",46269,1
ML-7003,EQ-1674,B04,2026-02-04,Pre-Mission Inspection,Naik Mech,12,"Sensors, Wiring Harness",54058,1
ML-7004,EQ-1674,B04,2025-11-22,Routine Preventive,Warrant Officer,48,"Alternator, Belt Drive",66431,1
ML-7005,EQ-1674,B04,2025-08-11,Emergency Repair,Subedar Tech,24,"Tire Assembly, Hub Bearing",46125,7
ML-7006,EQ-1675,B01,2026-05-29,Corrective Repair,Subedar Tech,6,"Tire Assembly, Hub Bearing",30089,3
ML-7007,EQ-1675,B01,2026-03-15,Emergency Repair,Subedar Tech,48,"Starter Motor, Battery",33025,5
ML-7008,EQ-1676,B02,2026-07-11,Oil & Filter Overhaul,Warrant Officer,16,"Sensors, Wiring Harness",72430,1
ML-7009,EQ-1676,B02,2026-06-07,Corrective Repair,Havildar Tech,48,"Brake Pads, Hydraulic Line",84372,5
ML-7010,EQ-1677,B06,2026-07-20,Emergency Repair,Sergeant,8,"Tire Assembly, Hub Bearing",79551,1
ML-7011,EQ-1677,B06,2026-06-15,Corrective Repair,Subedar Tech,12,"Tire Assembly, Hub Bearing",83755,1
ML-7012,EQ-1678,B07,2026-06-14,Emergency Repair,Warrant Officer,12,"Tire Assembly, Hub Bearing",11065,1
ML-7013,EQ-1678,B07,2026-04-13,Corrective Repair,Sergeant,24,"Starter Motor, Battery",11980,5
ML-7014,EQ-1678,B07,2026-02-18,Corrective Repair,Havildar Tech,4,"Injector Nozzle, Fuel Filter",10654,1
ML-7015,EQ-1679,B07,2026-07-07,Corrective Repair,Warrant Officer,12,"Brake Pads, Hydraulic Line",73339,1
ML-7016,EQ-1679,B07,2026-06-14,Emergency Repair,Sergeant,8,"Alternator, Belt Drive",74527,2
ML-7017,EQ-1679,B07,2026-05-25,Oil & Filter Overhaul,Sergeant,8,"Sensors, Wiring Harness",71874,1
ML-7018,EQ-1679,B07,2026-04-24,Oil & Filter Overhaul,Sergeant,6,"Injector Nozzle, Fuel Filter",56578,1
ML-7019,EQ-1680,B03,2026-06-08,Oil & Filter Overhaul,Subedar Tech,48,"Oil Filter, Gaskets",99228,1
ML-7020,EQ-1680,B03,2026-04-05,Oil & Filter Overhaul,Naik Mech,8,"Oil Filter, Gaskets",75435,1
ML-7021,EQ-1680,B03,2026-02-22,Routine Preventive,Naik Mech,12,"Radiator Core, Coolant",88545,1
ML-7022,EQ-1680,B03,2025-12-16,Oil & Filter Overhaul,Sergeant,24,"Brake Pads, Hydraulic Line",81176,1
ML-7023,EQ-1681,B04,2026-05-24,Emergency Repair,Sergeant,12,"Brake Pads, Hydraulic Line",44885,7
ML-7024,EQ-1681,B04,2026-02-07,Routine Preventive,Warrant Officer,6,"Tire Assembly, Hub Bearing",57850,1
ML-7025,EQ-1681,B04,2025-11-24,Emergency Repair,Sergeant,16,"Sensors, Wiring Harness",43616,5
ML-7026,EQ-1681,B04,2025-08-25,Emergency Repair,Warrant Officer,16,"Tire Assembly, Hub Bearing",43048,3
ML-7027,EQ-1682,B04,2026-07-02,Pre-Mission Inspection,Sergeant,6,"Starter Motor, Battery",25214,1
ML-7028,EQ-1682,B04,2026-05-09,Emergency Repair,Naik Mech,6,"Sensors, Wiring Harness",22552,1
ML-7029,EQ-1682,B04,2026-03-27,Oil & Filter Overhaul,Sergeant,24,"Tire Assembly, Hub Bearing",32351,1
ML-7030,EQ-1683,B01,2026-06-29,Corrective Repair,Subedar Tech,8,"Oil Filter, Gaskets",21319,2
ML-7031,EQ-1683,B01,2026-05-09,Routine Preventive,Naik Mech,8,"Sensors, Wiring Harness",25292,1
ML-7032,EQ-1683,B01,2026-04-10,Routine Preventive,Sergeant,12,"Starter Motor, Battery",31010,1
ML-7033,EQ-1684,B07,2026-05-31,Pre-Mission Inspection,Warrant Officer,6,"Tire Assembly, Hub Bearing",31521,1
ML-7034,EQ-1684,B07,2026-03-20,Routine Preventive,Warrant Officer,16,"Oil Filter, Gaskets",28920,1
ML-7035,EQ-1684,B07,2026-01-08,Oil & Filter Overhaul,Naik Mech,4,"Injector Nozzle, Fuel Filter",31638,1
ML-7036,EQ-1684,B07,2025-10-21,Corrective Repair,Havildar Tech,8,"Tire Assembly, Hub Bearing",34420,3
ML-7037,EQ-1685,B05,2026-05-14,Emergency Repair,Subedar Tech,12,"Tire Assembly, Hub Bearing",61177,1
ML-7038,EQ-1685,B05,2026-02-05,Pre-Mission Inspection,Naik Mech,24,"Sensors, Wiring Harness",56888,1
ML-7039,EQ-1685,B05,2025-11-20,Routine Preventive,Sergeant,8,"Oil Filter, Gaskets",48391,1
ML-7040,EQ-1686,B05,2026-06-17,Oil & Filter Overhaul,Warrant Officer,48,"Brake Pads, Hydraulic Line",13521,1
ML-7041,EQ-1686,B05,2026-04-05,Routine Preventive,Havildar Tech,4,"Radiator Core, Coolant",14658,1
ML-7042,EQ-1686,B05,2026-02-23,Emergency Repair,Havildar Tech,24,"Injector Nozzle, Fuel Filter",11101,1
ML-7043,EQ-1686,B05,2025-12-10,Pre-Mission Inspection,Sergeant,12,"Radiator Core, Coolant",10849,1
ML-7044,EQ-1687,B05,2026-07-01,Emergency Repair,Subedar Tech,24,"Sensors, Wiring Harness",25474,2
ML-7045,EQ-1687,B05,2026-05-21,Emergency Repair,Naik Mech,6,"Brake Pads, Hydraulic Line",20702,5
ML-7046,EQ-1688,B03,2026-06-12,Pre-Mission Inspection,Havildar Tech,8,"Brake Pads, Hydraulic Line",16055,1
ML-7047,EQ-1688,B03,2026-04-08,Corrective Repair,Warrant Officer,8,"Starter Motor, Battery",15889,1
ML-7048,EQ-1688,B03,2026-02-12,Corrective Repair,Naik Mech,6,"Oil Filter, Gaskets",17186,3
ML-7049,EQ-1689,B07,2026-06-23,Oil & Filter Overhaul,Subedar Tech,24,"Starter Motor, Battery",80360,1
ML-7050,EQ-1689,B07,2026-04-23,Pre-Mission Inspection,Havildar Tech,16,"Injector Nozzle, Fuel Filter",87916,1
ML-7051,EQ-1689,B07,2026-02-05,Corrective Repair,Warrant Officer,4,"Alternator, Belt Drive",106826,5
ML-7052,EQ-1689,B07,2025-12-13,Emergency Repair,Naik Mech,48,"Sensors, Wiring Harness",76388,7
ML-7053,EQ-1690,B07,2026-06-17,Routine Preventive,Subedar Tech,48,"Brake Pads, Hydraulic Line",11131,1
ML-7054,EQ-1690,B07,2026-04-08,Routine Preventive,Sergeant,24,"Starter Motor, Battery",17134,1
ML-7055,EQ-1690,B07,2026-02-11,Pre-Mission Inspection,Sergeant,6,"Tire Assembly, Hub Bearing",14043,1
ML-7056,EQ-1690,B07,2025-12-17,Oil & Filter Overhaul,Naik Mech,4,"Brake Pads, Hydraulic Line",17353,1
ML-7057,EQ-1691,B05,2026-06-26,Routine Preventive,Havildar Tech,12,"Radiator Core, Coolant",32634,1
ML-7058,EQ-1691,B05,2026-05-05,Emergency Repair,Warrant Officer,48,"Injector Nozzle, Fuel Filter",25633,2
ML-7059,EQ-1692,B04,2026-06-06,Oil & Filter Overhaul,Sergeant,6,"Radiator Core, Coolant",14306,1
ML-7060,EQ-1692,B04,2026-04-10,Oil & Filter Overhaul,Sergeant,6,"Sensors, Wiring Harness",13926,1
ML-7061,EQ-1692,B04,2026-02-09,Pre-Mission Inspection,Subedar Tech,4,"Starter Motor, Battery",13238,1
ML-7062,EQ-1693,B08,2026-06-28,Routine Preventive,Havildar Tech,16,"Tire Assembly, Hub Bearing",30978,1
ML-7063,EQ-1693,B08,2026-05-16,Oil & Filter Overhaul,Havildar Tech,4,"Oil Filter, Gaskets",27337,1
ML-7064,EQ-1693,B08,2026-04-10,Oil & Filter Overhaul,Sergeant,6,"Alternator, Belt Drive",29882,1
ML-7065,EQ-1694,B05,2026-06-24,Corrective Repair,Naik Mech,24,"Radiator Core, Coolant",13385,2
ML-7066,EQ-1694,B05,2026-04-18,Routine Preventive,Sergeant,12,"Starter Motor, Battery",16475,1
ML-7067,EQ-1694,B05,2026-02-24,Emergency Repair,Naik Mech,4,"Oil Filter, Gaskets",13268,1
ML-7068,EQ-1694,B05,2025-12-22,Emergency Repair,Warrant Officer,48,"Injector Nozzle, Fuel Filter",16210,2
ML-7069,EQ-1695,B02,2026-06-11,Routine Preventive,Warrant Officer,12,"Alternator, Belt Drive",103960,1
ML-7070,EQ-1695,B02,2026-04-08,Oil & Filter Overhaul,Subedar Tech,48,"Starter Motor, Battery",114475,1
ML-7071,EQ-1695,B02,2026-02-16,Oil & Filter Overhaul,Havildar Tech,6,"Alternator, Belt Drive",116183,1
ML-7072,EQ-1696,B02,2026-07-03,Pre-Mission Inspection,Subedar Tech,12,"Alternator, Belt Drive",26131,1
ML-7073,EQ-1696,B02,2026-05-18,Emergency Repair,Subedar Tech,48,"Tire Assembly, Hub Bearing",22436,7
ML-7074,EQ-1696,B02,2026-03-26,Corrective Repair,Naik Mech,16,"Alternator, Belt Drive",20460,5
ML-7075,EQ-1697,B06,2026-06-20,Emergency Repair,Naik Mech,8,"Sensors, Wiring Harness",22708,1
ML-7076,EQ-1697,B06,2026-05-24,Pre-Mission Inspection,Naik Mech,8,"Injector Nozzle, Fuel Filter",26444,1
ML-7077,EQ-1698,B04,2026-07-06,Routine Preventive,Subedar Tech,24,"Injector Nozzle, Fuel Filter",25077,1
ML-7078,EQ-1698,B04,2026-05-15,Oil & Filter Overhaul,Naik Mech,6,"Brake Pads, Hydraulic Line",20705,1
ML-7079,EQ-1698,B04,2026-03-31,Emergency Repair,Sergeant,4,"Injector Nozzle, Fuel Filter",23396,3
ML-7080,EQ-1699,B06,2026-06-25,Emergency Repair,Naik Mech,6,"Sensors, Wiring Harness",31185,3
ML-7081,EQ-1699,B06,2026-05-22,Emergency Repair,Naik Mech,16,"Radiator Core, Coolant",29533,7
ML-7082,EQ-1700,B02,2026-06-25,Corrective Repair,Warrant Officer,48,"Sensors, Wiring Harness",29620,2
ML-7083,EQ-1700,B02,2026-05-08,Corrective Repair,Naik Mech,12,"Tire Assembly, Hub Bearing",31556,5
ML-7084,EQ-1701,B02,2026-06-24,Pre-Mission Inspection,Naik Mech,4,"Sensors, Wiring Harness",14675,1
ML-7085,EQ-1701,B02,2026-04-23,Routine Preventive,Naik Mech,12,"Starter Motor, Battery",14774,1
ML-7086,EQ-1702,B07,2026-06-22,Pre-Mission Inspection,Subedar Tech,4,"Alternator, Belt Drive",27403,1
ML-7087,EQ-1702,B07,2026-05-23,Routine Preventive,Naik Mech,24,"Injector Nozzle, Fuel Filter",29079,1
ML-7088,EQ-1702,B07,2026-03-30,Oil & Filter Overhaul,Subedar Tech,6,"Sensors, Wiring Harness",28423,1
ML-7089,EQ-1702,B07,2026-02-23,Corrective Repair,Havildar Tech,6,"Injector Nozzle, Fuel Filter",31739,2
ML-7090,EQ-1703,B02,2026-05-24,Pre-Mission Inspection,Warrant Officer,48,"Injector Nozzle, Fuel Filter",58901,1
ML-7091,EQ-1703,B02,2026-02-09,Oil & Filter Overhaul,Havildar Tech,24,"Brake Pads, Hydraulic Line",43933,1
ML-7092,EQ-1704,B03,2026-07-04,Emergency Repair,Sergeant,16,"Starter Motor, Battery",21692,1
ML-7093,EQ-1704,B03,2026-05-15,Emergency Repair,Warrant Officer,24,"Tire Assembly, Hub Bearing",26243,1
ML-7094,EQ-1705,B06,2026-05-25,Pre-Mission Inspection,Naik Mech,24,"Sensors, Wiring Harness",44256,1
ML-7095,EQ-1705,B06,2026-02-07,Corrective Repair,Subedar Tech,16,"Oil Filter, Gaskets",53851,3
ML-7096,EQ-1706,B07,2026-06-20,Routine Preventive,Havildar Tech,12,"Brake Pads, Hydraulic Line",12275,1
ML-7097,EQ-1706,B07,2026-04-18,Emergency Repair,Naik Mech,24,"Injector Nozzle, Fuel Filter",16331,1
ML-7098,EQ-1706,B07,2026-02-23,Corrective Repair,Naik Mech,8,"Brake Pads, Hydraulic Line",16615,3
ML-7099,EQ-1706,B07,2025-12-14,Corrective Repair,Naik Mech,16,"Alternator, Belt Drive",11038,1
ML-7100,EQ-1707,B01,2026-06-19,Emergency Repair,Sergeant,12,"Starter Motor, Battery",32787,1
ML-7101,EQ-1707,B01,2026-05-11,Emergency Repair,Warrant Officer,16,"Alternator, Belt Drive",30287,5
ML-7102,EQ-1708,B02,2026-06-14,Routine Preventive,Sergeant,6,"Tire Assembly, Hub Bearing",11341,1
ML-7103,EQ-1708,B02,2026-04-14,Pre-Mission Inspection,Subedar Tech,4,"Brake Pads, Hydraulic Line",11181,1
ML-7104,EQ-1708,B02,2026-02-04,Emergency Repair,Sergeant,8,"Radiator Core, Coolant",12714,5
ML-7105,EQ-1708,B02,2025-12-22,Emergency Repair,Havildar Tech,8,"Radiator Core, Coolant",14865,7
ML-7106,EQ-1709,B02,2026-05-08,Oil & Filter Overhaul,Warrant Officer,4,"Radiator Core, Coolant",46575,1
ML-7107,EQ-1709,B02,2026-02-18,Oil & Filter Overhaul,Havildar Tech,6,"Tire Assembly, Hub Bearing",52911,1
ML-7108,EQ-1709,B02,2025-11-21,Emergency Repair,Havildar Tech,6,"Alternator, Belt Drive",60057,3
ML-7109,EQ-1710,B02,2026-05-12,Emergency Repair,Havildar Tech,12,"Alternator, Belt Drive",46270,3
ML-7110,EQ-1710,B02,2026-02-12,Pre-Mission Inspection,Sergeant,16,"Sensors, Wiring Harness",49068,1
ML-7111,EQ-1710,B02,2025-11-11,Pre-Mission Inspection,Sergeant,6,"Sensors, Wiring Harness",65272,1
ML-7112,EQ-1710,B02,2025-08-21,Emergency Repair,Sergeant,8,"Starter Motor, Battery",40878,2
ML-7113,EQ-1711,B03,2026-06-16,Routine Preventive,Havildar Tech,16,"Starter Motor, Battery",13923,1
ML-7114,EQ-1711,B03,2026-04-08,Routine Preventive,Warrant Officer,24,"Sensors, Wiring Harness",11410,1
ML-7115,EQ-1712,B02,2026-05-17,Emergency Repair,Subedar Tech,12,"Radiator Core, Coolant",55221,7
ML-7116,EQ-1712,B02,2026-02-21,Routine Preventive,Warrant Officer,16,"Brake Pads, Hydraulic Line",55396,1
ML-7117,EQ-1713,B01,2026-06-21,Corrective Repair,Warrant Officer,8,"Sensors, Wiring Harness",13502,7
ML-7118,EQ-1713,B01,2026-04-09,Pre-Mission Inspection,Sergeant,16,"Starter Motor, Battery",11113,1
ML-7119,EQ-1713,B01,2026-02-04,Emergency Repair,Sergeant,16,"Oil Filter, Gaskets",14617,2
ML-7120,EQ-1714,B05,2026-06-09,Oil & Filter Overhaul,Sergeant,16,"Radiator Core, Coolant",14845,1
ML-7121,EQ-1714,B05,2026-04-24,Pre-Mission Inspection,Havildar Tech,4,"Alternator, Belt Drive",15810,1
ML-7122,EQ-1715,B02,2026-06-29,Routine Preventive,Sergeant,48,"Alternator, Belt Drive",21797,1
ML-7123,EQ-1715,B02,2026-05-20,Emergency Repair,Warrant Officer,4,"Alternator, Belt Drive",24659,2
ML-7124,EQ-1715,B02,2026-04-07,Emergency Repair,Havildar Tech,6,"Starter Motor, Battery",31209,1
ML-7125,EQ-1716,B05,2026-05-24,Oil & Filter Overhaul,Sergeant,12,"Alternator, Belt Drive",57976,1
ML-7126,EQ-1716,B05,2026-02-07,Routine Preventive,Sergeant,24,"Alternator, Belt Drive",53071,1
ML-7127,EQ-1716,B05,2025-11-07,Emergency Repair,Warrant Officer,6,"Brake Pads, Hydraulic Line",56781,2
ML-7128,EQ-1716,B05,2025-08-18,Emergency Repair,Warrant Officer,48,"Brake Pads, Hydraulic Line",57982,7
ML-7129,EQ-1717,B01,2026-06-01,Routine Preventive,Warrant Officer,16,"Starter Motor, Battery",30658,1
ML-7130,EQ-1717,B01,2026-03-19,Oil & Filter Overhaul,Subedar Tech,6,"Sensors, Wiring Harness",32356,1
ML-7131,EQ-1718,B07,2026-06-22,Routine Preventive,Subedar Tech,24,"Sensors, Wiring Harness",11436,1
ML-7132,EQ-1718,B07,2026-04-12,Routine Preventive,Subedar Tech,4,"Alternator, Belt Drive",17429,1
ML-7133,EQ-1718,B07,2026-02-09,Corrective Repair,Warrant Officer,16,"Brake Pads, Hydraulic Line",13041,1
ML-7134,EQ-1719,B02,2026-06-23,Emergency Repair,Warrant Officer,6,"Starter Motor, Battery",101897,5
ML-7135,EQ-1719,B02,2026-04-12,Corrective Repair,Sergeant,12,"Injector Nozzle, Fuel Filter",99509,3
ML-7136,EQ-1720,B02,2026-06-27,Oil & Filter Overhaul,Warrant Officer,6,"Starter Motor, Battery",26005,1
ML-7137,EQ-1720,B02,2026-05-19,Corrective Repair,Subedar Tech,8,"Starter Motor, Battery",23060,2
ML-7138,EQ-1721,B03,2026-06-06,Pre-Mission Inspection,Subedar Tech,6,"Radiator Core, Coolant",16551,1
ML-7139,EQ-1721,B03,2026-04-10,Corrective Repair,Sergeant,48,"Oil Filter, Gaskets",16424,5
ML-7140,EQ-1722,B06,2026-06-20,Pre-Mission Inspection,Warrant Officer,24,"Sensors, Wiring Harness",28914,1
ML-7141,EQ-1722,B06,2026-05-12,Emergency Repair,Havildar Tech,16,"Alternator, Belt Drive",26339,5
ML-7142,EQ-1722,B06,2026-04-07,Emergency Repair,Sergeant,48,"Oil Filter, Gaskets",26440,1
ML-7143,EQ-1722,B06,2026-02-22,Routine Preventive,Havildar Tech,16,"Tire Assembly, Hub Bearing",31570,1
ML-7144,EQ-1723,B01,2026-07-15,Corrective Repair,Subedar Tech,24,"Injector Nozzle, Fuel Filter",61591,2
ML-7145,EQ-1723,B01,2026-06-13,Pre-Mission Inspection,Sergeant,24,"Sensors, Wiring Harness",73524,1
ML-7146,EQ-1723,B01,2026-05-15,Routine Preventive,Subedar Tech,8,"Radiator Core, Coolant",53335,1
ML-7147,EQ-1723,B01,2026-04-12,Emergency Repair,Subedar Tech,24,"Starter Motor, Battery",66630,3
ML-7148,EQ-1724,B01,2026-06-07,Emergency Repair,Naik Mech,24,"Tire Assembly, Hub Bearing",87384,5
ML-7149,EQ-1724,B01,2026-04-16,Emergency Repair,Naik Mech,48,"Brake Pads, Hydraulic Line",96287,7
ML-7150,EQ-1725,B04,2026-06-30,Corrective Repair,Warrant Officer,16,"Radiator Core, Coolant",28883,5
ML-7151,EQ-1725,B04,2026-05-14,Routine Preventive,Naik Mech,48,"Tire Assembly, Hub Bearing",27319,1
ML-7152,EQ-1726,B03,2026-05-19,Routine Preventive,Warrant Officer,12,"Sensors, Wiring Harness",46670,1
ML-7153,EQ-1726,B03,2026-02-23,Emergency Repair,Subedar Tech,6,"Brake Pads, Hydraulic Line",52640,3
ML-7154,EQ-1727,B07,2026-05-06,Oil & Filter Overhaul,Sergeant,8,"Starter Motor, Battery",47997,1
ML-7155,EQ-1727,B07,2026-02-14,Emergency Repair,Warrant Officer,8,"Starter Motor, Battery",44452,3
ML-7156,EQ-1727,B07,2025-11-26,Emergency Repair,Warrant Officer,48,"Starter Motor, Battery",66204,5
ML-7157,EQ-1728,B03,2026-05-24,Pre-Mission Inspection,Subedar Tech,24,"Oil Filter, Gaskets",61623,1
ML-7158,EQ-1728,B03,2026-02-23,Oil & Filter Overhaul,Sergeant,8,"Sensors, Wiring Harness",61822,1
ML-7159,EQ-1728,B03,2025-11-22,Oil & Filter Overhaul,Naik Mech,8,"Alternator, Belt Drive",47193,1
ML-7160,EQ-1728,B03,2025-08-12,Emergency Repair,Subedar Tech,48,"Radiator Core, Coolant",66756,2
ML-7161,EQ-1729,B02,2026-06-15,Emergency Repair,Havildar Tech,48,"Radiator Core, Coolant",14646,1
ML-7162,EQ-1729,B02,2026-04-06,Oil & Filter Overhaul,Havildar Tech,16,"Sensors, Wiring Harness",15364,1
ML-7163,EQ-1730,B01,2026-06-06,Pre-Mission Inspection,Naik Mech,24,"Sensors, Wiring Harness",13454,1
ML-7164,EQ-1730,B01,2026-04-06,Oil & Filter Overhaul,Warrant Officer,8,"Injector Nozzle, Fuel Filter",10733,1
ML-7165,EQ-1730,B01,2026-02-14,Routine Preventive,Sergeant,16,"Radiator Core, Coolant",17348,1
ML-7166,EQ-1731,B04,2026-06-22,Corrective Repair,Havildar Tech,8,"Brake Pads, Hydraulic Line",12366,7
ML-7167,EQ-1731,B04,2026-04-13,Oil & Filter Overhaul,Warrant Officer,8,"Tire Assembly, Hub Bearing",13210,1
ML-7168,EQ-1732,B07,2026-06-19,Corrective Repair,Subedar Tech,6,"Tire Assembly, Hub Bearing",16924,1
ML-7169,EQ-1732,B07,2026-04-08,Emergency Repair,Subedar Tech,24,"Sensors, Wiring Harness",16920,5
ML-7170,EQ-1732,B07,2026-02-09,Corrective Repair,Subedar Tech,6,"Brake Pads, Hydraulic Line",12704,1
ML-7171,EQ-1732,B07,2025-12-10,Oil & Filter Overhaul,Sergeant,4,"Injector Nozzle, Fuel Filter",15260,1
ML-7172,EQ-1733,B03,2026-06-12,Emergency Repair,Warrant Officer,48,"Brake Pads, Hydraulic Line",12895,3
ML-7173,EQ-1733,B03,2026-04-06,Routine Preventive,Sergeant,16,"Starter Motor, Battery",11847,1
ML-7174,EQ-1733,B03,2026-02-17,Pre-Mission Inspection,Havildar Tech,48,"Brake Pads, Hydraulic Line",12763,1
ML-7175,EQ-1733,B03,2025-12-25,Oil & Filter Overhaul,Warrant Officer,16,"Brake Pads, Hydraulic Line",17450,1
ML-7176,EQ-1734,B02,2026-06-08,Oil & Filter Overhaul,Havildar Tech,12,"Starter Motor, Battery",12786,1
ML-7177,EQ-1734,B02,2026-04-23,Corrective Repair,Naik Mech,12,"Brake Pads, Hydraulic Line",12658,1
ML-7178,EQ-1735,B02,2026-06-22,Oil & Filter Overhaul,Warrant Officer,48,"Radiator Core, Coolant",24400,1
ML-7179,EQ-1735,B02,2026-05-12,Corrective Repair,Subedar Tech,24,"Sensors, Wiring Harness",30186,3
ML-7180,EQ-1735,B02,2026-04-01,Pre-Mission Inspection,Sergeant,16,"Injector Nozzle, Fuel Filter",21979,1
ML-7181,EQ-1735,B02,2026-02-21,Oil & Filter Overhaul,Naik Mech,16,"Alternator, Belt Drive",22265,1
ML-7182,EQ-1736,B01,2026-06-08,Corrective Repair,Havildar Tech,6,"Alternator, Belt Drive",15000,5
ML-7183,EQ-1736,B01,2026-04-08,Corrective Repair,Havildar Tech,48,"Injector Nozzle, Fuel Filter",11597,5
ML-7184,EQ-1736,B01,2026-02-13,Emergency Repair,Sergeant,12,"Injector Nozzle, Fuel Filter",17004,7
ML-7185,EQ-1736,B01,2025-12-14,Oil & Filter Overhaul,Warrant Officer,4,"Starter Motor, Battery",17187,1
ML-7186,EQ-1737,B04,2026-06-05,Oil & Filter Overhaul,Sergeant,24,"Tire Assembly, Hub Bearing",29470,1
ML-7187,EQ-1737,B04,2026-03-16,Oil & Filter Overhaul,Naik Mech,24,"Injector Nozzle, Fuel Filter",40413,1
ML-7188,EQ-1738,B04,2026-06-08,Corrective Repair,Subedar Tech,4,"Injector Nozzle, Fuel Filter",34286,1
ML-7189,EQ-1738,B04,2026-03-13,Emergency Repair,Subedar Tech,48,"Alternator, Belt Drive",43545,5
ML-7190,EQ-1738,B04,2025-12-29,Routine Preventive,Sergeant,16,"Radiator Core, Coolant",41851,1
ML-7191,EQ-1739,B01,2026-05-29,Routine Preventive,Naik Mech,16,"Starter Motor, Battery",36858,1
ML-7192,EQ-1739,B01,2026-03-14,Corrective Repair,Naik Mech,4,"Sensors, Wiring Harness",41223,7
ML-7193,EQ-1739,B01,2026-01-10,Pre-Mission Inspection,Warrant Officer,4,"Starter Motor, Battery",45444,1
ML-7194,EQ-1740,B01,2026-06-19,Oil & Filter Overhaul,Havildar Tech,16,"Alternator, Belt Drive",17161,1
ML-7195,EQ-1740,B01,2026-04-07,Emergency Repair,Sergeant,4,"Alternator, Belt Drive",15515,1
ML-7196,EQ-1740,B01,2026-02-13,Pre-Mission Inspection,Naik Mech,12,"Injector Nozzle, Fuel Filter",12229,1
ML-7197,EQ-1740,B01,2025-12-08,Emergency Repair,Naik Mech,4,"Sensors, Wiring Harness",13089,1
ML-7198,EQ-1741,B06,2026-05-07,Corrective Repair,Sergeant,8,"Injector Nozzle, Fuel Filter",64320,2
ML-7199,EQ-1741,B06,2026-02-07,Pre-Mission Inspection,Naik Mech,48,"Brake Pads, Hydraulic Line",64588,1
ML-7200,EQ-1742,B01,2026-05-18,Pre-Mission Inspection,Subedar Tech,8,"Alternator, Belt Drive",53462,1
ML-7201,EQ-1742,B01,2026-02-06,Corrective Repair,Subedar Tech,6,"Brake Pads, Hydraulic Line",53338,2
ML-7202,EQ-1742,B01,2025-11-24,Oil & Filter Overhaul,Sergeant,8,"Radiator Core, Coolant",65553,1
ML-7203,EQ-1742,B01,2025-08-08,Oil & Filter Overhaul,Sergeant,16,"Tire Assembly, Hub Bearing",44988,1
ML-7204,EQ-1743,B05,2026-06-02,Oil & Filter Overhaul,Havildar Tech,12,"Radiator Core, Coolant",33915,1
ML-7205,EQ-1743,B05,2026-03-15,Routine Preventive,Sergeant,12,"Alternator, Belt Drive",43460,1
ML-7206,EQ-1743,B05,2025-12-29,Corrective Repair,Havildar Tech,16,"Sensors, Wiring Harness",37139,1
ML-7207,EQ-1744,B04,2026-06-05,Pre-Mission Inspection,Havildar Tech,12,"Sensors, Wiring Harness",11775,1
ML-7208,EQ-1744,B04,2026-04-07,Emergency Repair,Havildar Tech,48,"Alternator, Belt Drive",14945,1
ML-7209,EQ-1744,B04,2026-02-04,Routine Preventive,Naik Mech,4,"Alternator, Belt Drive",16635,1
ML-7210,EQ-1744,B04,2025-12-20,Routine Preventive,Subedar Tech,16,"Oil Filter, Gaskets",16881,1
ML-7211,EQ-1745,B07,2026-05-17,Corrective Repair,Warrant Officer,48,"Sensors, Wiring Harness",65388,2
ML-7212,EQ-1745,B07,2026-02-23,Emergency Repair,Subedar Tech,24,"Starter Motor, Battery",57408,7
ML-7213,EQ-1745,B07,2025-11-08,Pre-Mission Inspection,Subedar Tech,16,"Injector Nozzle, Fuel Filter",42462,1
ML-7214,EQ-1746,B03,2026-07-07,Corrective Repair,Warrant Officer,6,"Sensors, Wiring Harness",57431,3
ML-7215,EQ-1746,B03,2026-06-18,Emergency Repair,Sergeant,8,"Sensors, Wiring Harness",84835,3
ML-7216,EQ-1746,B03,2026-05-16,Pre-Mission Inspection,Sergeant,4,"Tire Assembly, Hub Bearing",78220,1
ML-7217,EQ-1747,B06,2026-06-05,Pre-Mission Inspection,Subedar Tech,16,"Starter Motor, Battery",14347,1
ML-7218,EQ-1747,B06,2026-04-07,Emergency Repair,Subedar Tech,12,"Tire Assembly, Hub Bearing",13896,5
ML-7219,EQ-1747,B06,2026-02-14,Routine Preventive,Subedar Tech,4,"Tire Assembly, Hub Bearing",14628,1
ML-7220,EQ-1748,B02,2026-07-23,Oil & Filter Overhaul,Havildar Tech,24,"Starter Motor, Battery",69302,1
ML-7221,EQ-1748,B02,2026-06-13,Emergency Repair,Havildar Tech,16,"Tire Assembly, Hub Bearing",59878,1
ML-7222,EQ-1748,B02,2026-05-24,Emergency Repair,Warrant Officer,8,"Alternator, Belt Drive",56443,2
ML-7223,EQ-1748,B02,2026-04-16,Routine Preventive,Subedar Tech,8,"Starter Motor, Battery",73656,1
ML-7224,EQ-1749,B05,2026-05-15,Pre-Mission Inspection,Subedar Tech,48,"Injector Nozzle, Fuel Filter",44803,1
ML-7225,EQ-1749,B05,2026-02-13,Emergency Repair,Sergeant,4,"Radiator Core, Coolant",50027,3
ML-7226,EQ-1749,B05,2025-11-11,Emergency Repair,Warrant Officer,16,"Brake Pads, Hydraulic Line",50360,1
ML-7227,EQ-1749,B05,2025-08-24,Routine Preventive,Naik Mech,16,"Alternator, Belt Drive",61587,1
ML-7228,EQ-1750,B03,2026-06-17,Oil & Filter Overhaul,Sergeant,4,"Radiator Core, Coolant",17322,1
ML-7229,EQ-1750,B03,2026-04-15,Emergency Repair,Subedar Tech,16,"Starter Motor, Battery",17463,3
ML-7230,EQ-1750,B03,2026-02-12,Corrective Repair,Sergeant,12,"Oil Filter, Gaskets",10879,5
ML-7231,EQ-1751,B01,2026-06-14,Routine Preventive,Subedar Tech,12,"Injector Nozzle, Fuel Filter",15299,1
ML-7232,EQ-1751,B01,2026-04-07,Emergency Repair,Warrant Officer,6,"Sensors, Wiring Harness",16196,2
ML-7233,EQ-1751,B01,2026-02-13,Emergency Repair,Naik Mech,48,"Sensors, Wiring Harness",17487,3
ML-7234,EQ-1752,B07,2026-07-23,Corrective Repair,Warrant Officer,48,"Alternator, Belt Drive",73282,3
ML-7235,EQ-1752,B07,2026-06-05,Oil & Filter Overhaul,Warrant Officer,12,"Starter Motor, Battery",60430,1
ML-7236,EQ-1753,B05,2026-07-11,Emergency Repair,Havildar Tech,16,"Injector Nozzle, Fuel Filter",81462,7
ML-7237,EQ-1753,B05,2026-06-19,Emergency Repair,Naik Mech,8,"Injector Nozzle, Fuel Filter",85923,5
ML-7238,EQ-1753,B05,2026-05-07,Corrective Repair,Sergeant,24,"Brake Pads, Hydraulic Line",84957,7
ML-7239,EQ-1753,B05,2026-04-13,Routine Preventive,Naik Mech,16,"Brake Pads, Hydraulic Line",67334,1
ML-7240,EQ-1754,B05,2026-05-31,Emergency Repair,Subedar Tech,48,"Radiator Core, Coolant",36273,3
ML-7241,EQ-1754,B05,2026-03-14,Corrective Repair,Subedar Tech,24,"Starter Motor, Battery",46005,3
ML-7242,EQ-1754,B05,2026-01-02,Pre-Mission Inspection,Havildar Tech,4,"Brake Pads, Hydraulic Line",34255,1
ML-7243,EQ-1754,B05,2025-10-10,Routine Preventive,Naik Mech,48,"Radiator Core, Coolant",41349,1
ML-7244,EQ-1755,B03,2026-05-23,Corrective Repair,Havildar Tech,24,"Injector Nozzle, Fuel Filter",47668,1
ML-7245,EQ-1755,B03,2026-02-16,Corrective Repair,Subedar Tech,6,"Starter Motor, Battery",58273,3
ML-7246,EQ-1755,B03,2025-11-25,Emergency Repair,Naik Mech,4,"Injector Nozzle, Fuel Filter",64544,7
ML-7247,EQ-1756,B02,2026-05-21,Emergency Repair,Warrant Officer,8,"Oil Filter, Gaskets",60348,5
ML-7248,EQ-1756,B02,2026-02-22,Emergency Repair,Naik Mech,6,"Brake Pads, Hydraulic Line",57603,1
ML-7249,EQ-1756,B02,2025-11-17,Pre-Mission Inspection,Havildar Tech,48,"Sensors, Wiring Harness",55203,1
ML-7250,EQ-1757,B05,2026-06-05,Pre-Mission Inspection,Havildar Tech,12,"Alternator, Belt Drive",15311,1
ML-7251,EQ-1757,B05,2026-04-07,Routine Preventive,Naik Mech,48,"Tire Assembly, Hub Bearing",15570,1
ML-7252,EQ-1758,B02,2026-05-15,Emergency Repair,Naik Mech,4,"Starter Motor, Battery",65148,3
ML-7253,EQ-1758,B02,2026-02-19,Corrective Repair,Havildar Tech,4,"Injector Nozzle, Fuel Filter",51400,5
ML-7254,EQ-1759,B04,2026-06-07,Corrective Repair,Subedar Tech,8,"Tire Assembly, Hub Bearing",28979,1
ML-7255,EQ-1759,B04,2026-03-11,Pre-Mission Inspection,Naik Mech,8,"Sensors, Wiring Harness",34725,1
ML-7256,EQ-1759,B04,2025-12-30,Oil & Filter Overhaul,Havildar Tech,6,"Brake Pads, Hydraulic Line",31183,1
ML-7257,EQ-1759,B04,2025-10-25,Corrective Repair,Havildar Tech,16,"Starter Motor, Battery",31715,7
ML-7258,EQ-1760,B02,2026-06-30,Routine Preventive,Subedar Tech,8,"Sensors, Wiring Harness",21373,1
ML-7259,EQ-1760,B02,2026-05-23,Pre-Mission Inspection,Sergeant,8,"Starter Motor, Battery",33113,1
ML-7260,EQ-1760,B02,2026-03-31,Pre-Mission Inspection,Subedar Tech,12,"Sensors, Wiring Harness",23156,1
ML-7261,EQ-1760,B02,2026-02-21,Emergency Repair,Warrant Officer,12,"Sensors, Wiring Harness",30379,5
ML-7262,EQ-1761,B07,2026-06-10,Oil & Filter Overhaul,Subedar Tech,48,"Tire Assembly, Hub Bearing",12916,1
ML-7263,EQ-1761,B07,2026-04-22,Pre-Mission Inspection,Havildar Tech,8,"Alternator, Belt Drive",15983,1
ML-7264,EQ-1761,B07,2026-02-06,Corrective Repair,Havildar Tech,48,"Tire Assembly, Hub Bearing",12711,7
ML-7265,EQ-1761,B07,2025-12-24,Oil & Filter Overhaul,Subedar Tech,12,"Oil Filter, Gaskets",17436,1
ML-7266,EQ-1762,B01,2026-06-13,Emergency Repair,Subedar Tech,24,"Radiator Core, Coolant",12618,5
ML-7267,EQ-1762,B01,2026-04-21,Corrective Repair,Naik Mech,48,"Tire Assembly, Hub Bearing",14143,5
ML-7268,EQ-1762,B01,2026-02-06,Oil & Filter Overhaul,Havildar Tech,16,"Radiator Core, Coolant",12069,1
ML-7269,EQ-1763,B05,2026-06-25,Pre-Mission Inspection,Subedar Tech,12,"Tire Assembly, Hub Bearing",32057,1
ML-7270,EQ-1763,B05,2026-05-11,Pre-Mission Inspection,Sergeant,24,"Starter Motor, Battery",20939,1
ML-7271,EQ-1763,B05,2026-03-28,Emergency Repair,Sergeant,6,"Tire Assembly, Hub Bearing",22304,2
ML-7272,EQ-1763,B05,2026-02-10,Routine Preventive,Warrant Officer,48,"Brake Pads, Hydraulic Line",21320,1
ML-7273,EQ-1764,B05,2026-06-01,Routine Preventive,Warrant Officer,4,"Sensors, Wiring Harness",34134,1
ML-7274,EQ-1764,B05,2026-03-08,Routine Preventive,Warrant Officer,8,"Starter Motor, Battery",47317,1
ML-7275,EQ-1765,B04,2026-06-30,Corrective Repair,Havildar Tech,48,"Radiator Core, Coolant",27418,1
ML-7276,EQ-1765,B04,2026-05-07,Oil & Filter Overhaul,Naik Mech,48,"Oil Filter, Gaskets",28739,1
ML-7277,EQ-1765,B04,2026-03-30,Pre-Mission Inspection,Havildar Tech,8,"Injector Nozzle, Fuel Filter",25020,1
ML-7278,EQ-1766,B02,2026-05-22,Corrective Repair,Havildar Tech,6,"Brake Pads, Hydraulic Line",46682,5
ML-7279,EQ-1766,B02,2026-03-25,Pre-Mission Inspection,Warrant Officer,4,"Radiator Core, Coolant",45766,1
ML-7280,EQ-1767,B08,2026-05-25,Oil & Filter Overhaul,Subedar Tech,16,"Sensors, Wiring Harness",46023,1
ML-7281,EQ-1767,B08,2026-03-23,Corrective Repair,Sergeant,6,"Starter Motor, Battery",36886,7
ML-7282,EQ-1768,B04,2026-05-17,Routine Preventive,Havildar Tech,16,"Injector Nozzle, Fuel Filter",54787,1
ML-7283,EQ-1768,B04,2026-02-16,Oil & Filter Overhaul,Havildar Tech,6,"Tire Assembly, Hub Bearing",51512,1
ML-7284,EQ-1768,B04,2025-11-23,Oil & Filter Overhaul,Subedar Tech,12,"Tire Assembly, Hub Bearing",50185,1
ML-7285,EQ-1769,B01,2026-06-07,Routine Preventive,Havildar Tech,4,"Sensors, Wiring Harness",15487,1
ML-7286,EQ-1769,B01,2026-04-17,Corrective Repair,Naik Mech,16,"Injector Nozzle, Fuel Filter",12932,5
ML-7287,EQ-1769,B01,2026-02-09,Pre-Mission Inspection,Havildar Tech,24,"Radiator Core, Coolant",11143,1
ML-7288,EQ-1770,B04,2026-05-14,Pre-Mission Inspection,Warrant Officer,6,"Injector Nozzle, Fuel Filter",44135,1
ML-7289,EQ-1770,B04,2026-02-24,Emergency Repair,Sergeant,16,"Starter Motor, Battery",62747,3
ML-7290,EQ-1770,B04,2025-11-10,Pre-Mission Inspection,Subedar Tech,4,"Radiator Core, Coolant",45064,1
ML-7291,EQ-1770,B04,2025-08-18,Corrective Repair,Sergeant,4,"Sensors, Wiring Harness",62198,5
ML-7292,EQ-1771,B01,2026-07-07,Emergency Repair,Naik Mech,24,"Tire Assembly, Hub Bearing",22747,5
ML-7293,EQ-1771,B01,2026-05-11,Oil & Filter Overhaul,Naik Mech,48,"Alternator, Belt Drive",26736,1
ML-7294,EQ-1772,B04,2026-06-04,Corrective Repair,Subedar Tech,6,"Oil Filter, Gaskets",10920,7
ML-7295,EQ-1772,B04,2026-04-05,Oil & Filter Overhaul,Warrant Officer,8,"Injector Nozzle, Fuel Filter",10753,1
ML-7296,EQ-1772,B04,2026-02-06,Routine Preventive,Sergeant,4,"Oil Filter, Gaskets",16565,1
ML-7297,EQ-1772,B04,2025-12-17,Oil & Filter Overhaul,Warrant Officer,4,"Sensors, Wiring Harness",10690,1
ML-7298,EQ-1773,B02,2026-05-15,Routine Preventive,Warrant Officer,6,"Brake Pads, Hydraulic Line",44715,1
ML-7299,EQ-1773,B02,2026-02-19,Routine Preventive,Subedar Tech,12,"Alternator, Belt Drive",62437,1
ML-7300,EQ-1774,B04,2026-06-14,Emergency Repair,Warrant Officer,24,"Sensors, Wiring Harness",101069,1
ML-7301,EQ-1774,B04,2026-04-14,Corrective Repair,Naik Mech,16,"Oil Filter, Gaskets",83899,5
ML-7302,EQ-1774,B04,2026-02-19,Emergency Repair,Subedar Tech,12,"Starter Motor, Battery",106926,1
ML-7303,EQ-1774,B04,2025-12-25,Pre-Mission Inspection,Havildar Tech,6,"Oil Filter, Gaskets",105896,1
ML-7304,EQ-1775,B05,2026-07-08,Oil & Filter Overhaul,Sergeant,12,"Radiator Core, Coolant",30098,1
ML-7305,EQ-1775,B05,2026-05-18,Pre-Mission Inspection,Warrant Officer,8,"Starter Motor, Battery",28610,1
ML-7306,EQ-1775,B05,2026-03-23,Pre-Mission Inspection,Naik Mech,8,"Starter Motor, Battery",20653,1
ML-7307,EQ-1775,B05,2026-02-13,Oil & Filter Overhaul,Warrant Officer,12,"Starter Motor, Battery",22703,1
ML-7308,EQ-1776,B02,2026-06-10,Oil & Filter Overhaul,Havildar Tech,6,"Starter Motor, Battery",79602,1
ML-7309,EQ-1776,B02,2026-04-15,Corrective Repair,Naik Mech,12,"Oil Filter, Gaskets",115066,2
ML-7310,EQ-1776,B02,2026-02-14,Routine Preventive,Subedar Tech,4,"Tire Assembly, Hub Bearing",76730,1
ML-7311,EQ-1776,B02,2025-12-15,Routine Preventive,Sergeant,48,"Tire Assembly, Hub Bearing",87409,1
ML-7312,EQ-1777,B08,2026-06-17,Routine Preventive,Subedar Tech,24,"Radiator Core, Coolant",16278,1
ML-7313,EQ-1777,B08,2026-04-18,Routine Preventive,Sergeant,8,"Alternator, Belt Drive",15638,1
ML-7314,EQ-1778,B05,2026-05-21,Emergency Repair,Naik Mech,4,"Radiator Core, Coolant",63117,3
ML-7315,EQ-1778,B05,2026-02-20,Emergency Repair,Warrant Officer,48,"Oil Filter, Gaskets",41044,1
ML-7316,EQ-1778,B05,2025-11-16,Oil & Filter Overhaul,Sergeant,6,"Oil Filter, Gaskets",41896,1
ML-7317,EQ-1779,B04,2026-05-16,Routine Preventive,Naik Mech,12,"Brake Pads, Hydraulic Line",61003,1
ML-7318,EQ-1779,B04,2026-02-05,Pre-Mission Inspection,Sergeant,48,"Brake Pads, Hydraulic Line",44728,1
ML-7319,EQ-1780,B02,2026-06-06,Emergency Repair,Warrant Officer,12,"Injector Nozzle, Fuel Filter",13249,2
ML-7320,EQ-1780,B02,2026-04-09,Emergency Repair,Naik Mech,12,"Injector Nozzle, Fuel Filter",10860,1
ML-7321,EQ-1781,B05,2026-05-21,Routine Preventive,Subedar Tech,16,"Radiator Core, Coolant",39820,1
ML-7322,EQ-1781,B05,2026-03-15,Emergency Repair,Warrant Officer,16,"Starter Motor, Battery",47168,1
ML-7323,EQ-1781,B05,2026-01-02,Emergency Repair,Warrant Officer,8,"Oil Filter, Gaskets",36146,7
ML-7324,EQ-1781,B05,2025-10-11,Routine Preventive,Sergeant,12,"Radiator Core, Coolant",42424,1
ML-7325,EQ-1782,B02,2026-05-25,Pre-Mission Inspection,Subedar Tech,6,"Radiator Core, Coolant",59801,1
ML-7326,EQ-1782,B02,2026-02-11,Corrective Repair,Warrant Officer,48,"Starter Motor, Battery",49545,5
ML-7327,EQ-1783,B03,2026-06-15,Oil & Filter Overhaul,Subedar Tech,4,"Oil Filter, Gaskets",12941,1
ML-7328,EQ-1783,B03,2026-04-07,Pre-Mission Inspection,Sergeant,16,"Oil Filter, Gaskets",17448,1
ML-7329,EQ-1783,B03,2026-02-07,Emergency Repair,Warrant Officer,16,"Tire Assembly, Hub Bearing",16420,2
ML-7330,EQ-1784,B04,2026-05-25,Routine Preventive,Warrant Officer,24,"Alternator, Belt Drive",53781,1
ML-7331,EQ-1784,B04,2026-02-06,Oil & Filter Overhaul,Subedar Tech,24,"Sensors, Wiring Harness",55752,1
ML-7332,EQ-1785,B03,2026-05-13,Corrective Repair,Subedar Tech,12,"Brake Pads, Hydraulic Line",60429,1
ML-7333,EQ-1785,B03,2026-02-13,Oil & Filter Overhaul,Havildar Tech,24,"Oil Filter, Gaskets",54492,1
ML-7334,EQ-1785,B03,2025-11-10,Oil & Filter Overhaul,Havildar Tech,6,"Oil Filter, Gaskets",63262,1
ML-7335,EQ-1786,B03,2026-05-06,Oil & Filter Overhaul,Subedar Tech,16,"Alternator, Belt Drive",49326,1
ML-7336,EQ-1786,B03,2026-02-20,Pre-Mission Inspection,Naik Mech,6,"Alternator, Belt Drive",41191,1
ML-7337,EQ-1786,B03,2025-11-18,Corrective Repair,Havildar Tech,48,"Sensors, Wiring Harness",54968,2
ML-7338,EQ-1787,B07,2026-06-06,Routine Preventive,Subedar Tech,12,"Brake Pads, Hydraulic Line",13435,1
ML-7339,EQ-1787,B07,2026-04-11,Pre-Mission Inspection,Sergeant,48,"Brake Pads, Hydraulic Line",17023,1
ML-7340,EQ-1788,B06,2026-06-22,Routine Preventive,Subedar Tech,6,"Alternator, Belt Drive",17285,1
ML-7341,EQ-1788,B06,2026-04-23,Routine Preventive,Sergeant,4,"Brake Pads, Hydraulic Line",11986,1
ML-7342,EQ-1788,B06,2026-02-04,Routine Preventive,Naik Mech,4,"Radiator Core, Coolant",11337,1
ML-7343,EQ-1789,B01,2026-07-03,Emergency Repair,Subedar Tech,48,"Radiator Core, Coolant",21780,3
ML-7344,EQ-1789,B01,2026-05-10,Emergency Repair,Subedar Tech,48,"Injector Nozzle, Fuel Filter",22051,5
ML-7345,EQ-1790,B04,2026-07-15,Oil & Filter Overhaul,Havildar Tech,48,"Sensors, Wiring Harness",55733,1
ML-7346,EQ-1790,B04,2026-06-24,Corrective Repair,Warrant Officer,4,"Starter Motor, Battery",81120,5
ML-7347,EQ-1790,B04,2026-05-14,Oil & Filter Overhaul,Warrant Officer,4,"Oil Filter, Gaskets",60670,1
ML-7348,EQ-1790,B04,2026-04-13,Routine Preventive,Havildar Tech,24,"Oil Filter, Gaskets",60932,1
ML-7349,EQ-1791,B08,2026-06-21,Emergency Repair,Havildar Tech,8,"Brake Pads, Hydraulic Line",23985,2
ML-7350,EQ-1791,B08,2026-05-13,Emergency Repair,Warrant Officer,4,"Oil Filter, Gaskets",31067,1
ML-7351,EQ-1791,B08,2026-04-08,Emergency Repair,Subedar Tech,48,"Starter Motor, Battery",26267,7
ML-7352,EQ-1791,B08,2026-02-15,Routine Preventive,Warrant Officer,48,"Starter Motor, Battery",28260,1
ML-7353,EQ-1792,B04,2026-06-08,Oil & Filter Overhaul,Subedar Tech,16,"Sensors, Wiring Harness",12708,1
ML-7354,EQ-1792,B04,2026-04-20,Routine Preventive,Naik Mech,4,"Tire Assembly, Hub Bearing",12198,1
ML-7355,EQ-1793,B05,2026-05-16,Oil & Filter Overhaul,Sergeant,24,"Injector Nozzle, Fuel Filter",60952,1
ML-7356,EQ-1793,B05,2026-02-09,Pre-Mission Inspection,Subedar Tech,6,"Starter Motor, Battery",59746,1
ML-7357,EQ-1793,B05,2025-11-10,Pre-Mission Inspection,Naik Mech,8,"Starter Motor, Battery",50729,1
ML-7358,EQ-1793,B05,2025-08-13,Routine Preventive,Subedar Tech,12,"Tire Assembly, Hub Bearing",58193,1
ML-7359,EQ-1794,B05,2026-05-30,Oil & Filter Overhaul,Subedar Tech,24,"Starter Motor, Battery",29358,1
ML-7360,EQ-1794,B05,2026-03-14,Routine Preventive,Havildar Tech,6,"Tire Assembly, Hub Bearing",34552,1
ML-7361,EQ-1795,B08,2026-07-08,Emergency Repair,Havildar Tech,16,"Injector Nozzle, Fuel Filter",24746,1
ML-7362,EQ-1795,B08,2026-05-24,Routine Preventive,Havildar Tech,48,"Brake Pads, Hydraulic Line",29201,1
ML-7363,EQ-1795,B08,2026-03-31,Pre-Mission Inspection,Warrant Officer,12,"Brake Pads, Hydraulic Line",25998,1
ML-7364,EQ-1795,B08,2026-02-18,Pre-Mission Inspection,Sergeant,48,"Alternator, Belt Drive",27816,1
ML-7365,EQ-1796,B01,2026-06-08,Emergency Repair,Warrant Officer,8,"Brake Pads, Hydraulic Line",33831,2
ML-7366,EQ-1796,B01,2026-03-06,Oil & Filter Overhaul,Warrant Officer,48,"Radiator Core, Coolant",47447,1
ML-7367,EQ-1797,B01,2026-06-04,Pre-Mission Inspection,Naik Mech,6,"Sensors, Wiring Harness",13624,1
ML-7368,EQ-1797,B01,2026-04-15,Emergency Repair,Warrant Officer,16,"Brake Pads, Hydraulic Line",16902,5
ML-7369,EQ-1797,B01,2026-02-16,Corrective Repair,Sergeant,6,"Injector Nozzle, Fuel Filter",10727,1
ML-7370,EQ-1797,B01,2025-12-08,Oil & Filter Overhaul,Naik Mech,24,"Injector Nozzle, Fuel Filter",15672,1
ML-7371,EQ-1798,B06,2026-07-01,Pre-Mission Inspection,Warrant Officer,6,"Sensors, Wiring Harness",30433,1
ML-7372,EQ-1798,B06,2026-05-09,Oil & Filter Overhaul,Naik Mech,4,"Brake Pads, Hydraulic Line",21891,1
ML-7373,EQ-1798,B06,2026-04-03,Pre-Mission Inspection,Sergeant,8,"Oil Filter, Gaskets",21011,1
ML-7374,EQ-1798,B06,2026-02-24,Routine Preventive,Subedar Tech,12,"Tire Assembly, Hub Bearing",24630,1
ML-7375,EQ-1799,B02,2026-05-18,Corrective Repair,Warrant Officer,4,"Sensors, Wiring Harness",53154,5
ML-7376,EQ-1799,B02,2026-02-24,Pre-Mission Inspection,Subedar Tech,6,"Radiator Core, Coolant",46512,1
ML-7377,EQ-1799,B02,2025-11-24,Pre-Mission Inspection,Subedar Tech,4,"Injector Nozzle, Fuel Filter",54928,1
ML-7378,EQ-1800,B02,2026-06-25,Routine Preventive,Warrant Officer,4,"Brake Pads, Hydraulic Line",23956,1
ML-7379,EQ-1800,B02,2026-05-19,Corrective Repair,Sergeant,12,"Oil Filter, Gaskets",33436,5
ML-7380,EQ-1800,B02,2026-04-06,Emergency Repair,Havildar Tech,12,"Tire Assembly, Hub Bearing",33089,1
ML-7381,EQ-1801,B01,2026-06-04,Pre-Mission Inspection,Sergeant,4,"Tire Assembly, Hub Bearing",43848,1
ML-7382,EQ-1801,B01,2026-03-20,Corrective Repair,Warrant Officer,24,"Tire Assembly, Hub Bearing",30456,3
ML-7383,EQ-1802,B06,2026-06-04,Pre-Mission Inspection,Subedar Tech,4,"Injector Nozzle, Fuel Filter",13344,1
ML-7384,EQ-1802,B06,2026-04-14,Routine Preventive,Subedar Tech,24,"Oil Filter, Gaskets",12907,1
ML-7385,EQ-1803,B07,2026-06-04,Oil & Filter Overhaul,Naik Mech,4,"Starter Motor, Battery",14261,1
ML-7386,EQ-1803,B07,2026-04-05,Corrective Repair,Sergeant,12,"Radiator Core, Coolant",12513,1
ML-7387,EQ-1803,B07,2026-02-11,Pre-Mission Inspection,Havildar Tech,6,"Oil Filter, Gaskets",15901,1
ML-7388,EQ-1803,B07,2025-12-13,Emergency Repair,Warrant Officer,6,"Brake Pads, Hydraulic Line",15502,7
ML-7389,EQ-1804,B03,2026-06-19,Corrective Repair,Sergeant,12,"Alternator, Belt Drive",21653,5
ML-7390,EQ-1804,B03,2026-05-20,Oil & Filter Overhaul,Havildar Tech,16,"Injector Nozzle, Fuel Filter",27207,1
ML-7391,EQ-1804,B03,2026-04-07,Pre-Mission Inspection,Warrant Officer,8,"Oil Filter, Gaskets",25134,1
ML-7392,EQ-1804,B03,2026-02-05,Routine Preventive,Naik Mech,24,"Sensors, Wiring Harness",27965,1
ML-7393,EQ-1805,B01,2026-06-15,Oil & Filter Overhaul,Naik Mech,12,"Injector Nozzle, Fuel Filter",95482,1
ML-7394,EQ-1805,B01,2026-04-06,Routine Preventive,Havildar Tech,48,"Brake Pads, Hydraulic Line",89273,1
ML-7395,EQ-1805,B01,2026-02-14,Oil & Filter Overhaul,Sergeant,48,"Radiator Core, Coolant",108541,1
ML-7396,EQ-1805,B01,2025-12-13,Pre-Mission Inspection,Sergeant,12,"Tire Assembly, Hub Bearing",111278,1
ML-7397,EQ-1806,B04,2026-05-12,Corrective Repair,Naik Mech,48,"Alternator, Belt Drive",42579,7
ML-7398,EQ-1806,B04,2026-02-17,Oil & Filter Overhaul,Subedar Tech,24,"Radiator Core, Coolant",50514,1
ML-7399,EQ-1806,B04,2025-11-07,Oil & Filter Overhaul,Sergeant,4,"Radiator Core, Coolant",64013,1
ML-7400,EQ-1806,B04,2025-08-15,Pre-Mission Inspection,Sergeant,12,"Tire Assembly, Hub Bearing",52494,1
ML-7401,EQ-1807,B08,2026-06-13,Routine Preventive,Havildar Tech,16,"Tire Assembly, Hub Bearing",17279,1
ML-7402,EQ-1807,B08,2026-04-14,Routine Preventive,Naik Mech,6,"Injector Nozzle, Fuel Filter",15157,1
ML-7403,EQ-1807,B08,2026-02-18,Routine Preventive,Havildar Tech,16,"Sensors, Wiring Harness",13230,1
ML-7404,EQ-1807,B08,2025-12-10,Routine Preventive,Naik Mech,12,"Sensors, Wiring Harness",11970,1
ML-7405,EQ-1808,B05,2026-06-27,Corrective Repair,Sergeant,48,"Starter Motor, Battery",32742,5
ML-7406,EQ-1808,B05,2026-05-08,Corrective Repair,Sergeant,24,"Radiator Core, Coolant",32041,3
ML-7407,EQ-1808,B05,2026-03-21,Pre-Mission Inspection,Havildar Tech,16,"Sensors, Wiring Harness",33114,1
ML-7408,EQ-1808,B05,2026-02-07,Pre-Mission Inspection,Warrant Officer,8,"Starter Motor, Battery",30603,1
ML-7409,EQ-1809,B03,2026-06-16,Routine Preventive,Havildar Tech,8,"Alternator, Belt Drive",16603,1
ML-7410,EQ-1809,B03,2026-04-11,Emergency Repair,Naik Mech,48,"Injector Nozzle, Fuel Filter",13395,5
ML-7411,EQ-1809,B03,2026-02-04,Corrective Repair,Subedar Tech,8,"Alternator, Belt Drive",15926,5
ML-7412,EQ-1809,B03,2025-12-15,Routine Preventive,Subedar Tech,4,"Sensors, Wiring Harness",17455,1
ML-7413,EQ-1810,B02,2026-06-23,Oil & Filter Overhaul,Havildar Tech,48,"Starter Motor, Battery",24484,1
ML-7414,EQ-1810,B02,2026-05-10,Routine Preventive,Warrant Officer,24,"Starter Motor, Battery",31501,1
ML-7415,EQ-1810,B02,2026-03-21,Emergency Repair,Warrant Officer,48,"Tire Assembly, Hub Bearing",29242,1
ML-7416,EQ-1811,B07,2026-07-08,Corrective Repair,Warrant Officer,6,"Brake Pads, Hydraulic Line",30010,3
ML-7417,EQ-1811,B07,2026-05-19,Oil & Filter Overhaul,Havildar Tech,6,"Radiator Core, Coolant",22493,1
ML-7418,EQ-1811,B07,2026-04-01,Pre-Mission Inspection,Havildar Tech,6,"Alternator, Belt Drive",28624,1
ML-7419,EQ-1812,B02,2026-06-06,Emergency Repair,Subedar Tech,4,"Starter Motor, Battery",37693,3
ML-7420,EQ-1812,B02,2026-03-15,Emergency Repair,Havildar Tech,48,"Tire Assembly, Hub Bearing",39439,2
ML-7421,EQ-1812,B02,2026-01-07,Corrective Repair,Warrant Officer,6,"Brake Pads, Hydraulic Line",39203,1
ML-7422,EQ-1813,B06,2026-05-17,Pre-Mission Inspection,Subedar Tech,8,"Radiator Core, Coolant",50593,1
ML-7423,EQ-1813,B06,2026-02-23,Oil & Filter Overhaul,Warrant Officer,12,"Starter Motor, Battery",44128,1
ML-7424,EQ-1814,B01,2026-05-18,Emergency Repair,Sergeant,12,"Injector Nozzle, Fuel Filter",51368,1
ML-7425,EQ-1814,B01,2026-02-19,Routine Preventive,Sergeant,6,"Injector Nozzle, Fuel Filter",65799,1
ML-7426,EQ-1814,B01,2025-11-12,Emergency Repair,Havildar Tech,8,"Oil Filter, Gaskets",50687,5
ML-7427,EQ-1814,B01,2025-08-09,Routine Preventive,Havildar Tech,24,"Tire Assembly, Hub Bearing",41780,1
ML-7428,EQ-1815,B08,2026-07-02,Pre-Mission Inspection,Naik Mech,24,"Brake Pads, Hydraulic Line",28163,1
ML-7429,EQ-1815,B08,2026-05-07,Routine Preventive,Havildar Tech,48,"Injector Nozzle, Fuel Filter",32542,1
ML-7430,EQ-1815,B08,2026-03-31,Corrective Repair,Naik Mech,12,"Brake Pads, Hydraulic Line",23361,5
ML-7431,EQ-1815,B08,2026-02-23,Corrective Repair,Sergeant,16,"Injector Nozzle, Fuel Filter",31829,2
ML-7432,EQ-1816,B05,2026-05-25,Pre-Mission Inspection,Sergeant,6,"Sensors, Wiring Harness",66143,1
ML-7433,EQ-1816,B05,2026-02-23,Emergency Repair,Subedar Tech,8,"Sensors, Wiring Harness",64600,7
ML-7434,EQ-1816,B05,2025-11-08,Emergency Repair,Warrant Officer,24,"Alternator, Belt Drive",49354,1
ML-7435,EQ-1816,B05,2025-08-10,Emergency Repair,Subedar Tech,24,"Oil Filter, Gaskets",51807,5
ML-7436,EQ-1817,B01,2026-06-26,Corrective Repair,Sergeant,16,"Tire Assembly, Hub Bearing",21540,3
ML-7437,EQ-1817,B01,2026-05-21,Pre-Mission Inspection,Naik Mech,4,"Injector Nozzle, Fuel Filter",25665,1
ML-7438,EQ-1818,B07,2026-06-19,Pre-Mission Inspection,Subedar Tech,8,"Tire Assembly, Hub Bearing",25698,1
ML-7439,EQ-1818,B07,2026-05-05,Routine Preventive,Naik Mech,12,"Starter Motor, Battery",21246,1
ML-7440,EQ-1819,B06,2026-06-06,Emergency Repair,Havildar Tech,24,"Sensors, Wiring Harness",37712,3
ML-7441,EQ-1819,B06,2026-03-21,Routine Preventive,Warrant Officer,12,"Brake Pads, Hydraulic Line",29636,1
ML-7442,EQ-1819,B06,2026-01-01,Emergency Repair,Sergeant,6,"Starter Motor, Battery",29988,7
ML-7443,EQ-1819,B06,2025-10-16,Emergency Repair,Naik Mech,16,"Sensors, Wiring Harness",42588,3
ML-7444,EQ-1820,B03,2026-07-02,Routine Preventive,Havildar Tech,16,"Injector Nozzle, Fuel Filter",29683,1
ML-7445,EQ-1820,B03,2026-05-25,Oil & Filter Overhaul,Sergeant,6,"Tire Assembly, Hub Bearing",33464,1
ML-7446,EQ-1820,B03,2026-03-22,Oil & Filter Overhaul,Naik Mech,24,"Tire Assembly, Hub Bearing",26648,1
ML-7447,EQ-1820,B03,2026-02-05,Oil & Filter Overhaul,Subedar Tech,16,"Tire Assembly, Hub Bearing",25973,1
ML-7448,EQ-1821,B06,2026-06-05,Emergency Repair,Warrant Officer,48,"Tire Assembly, Hub Bearing",15900,7
ML-7449,EQ-1821,B06,2026-04-06,Emergency Repair,Havildar Tech,16,"Brake Pads, Hydraulic Line",13700,7
ML-7450,EQ-1821,B06,2026-02-14,Emergency Repair,Subedar Tech,48,"Brake Pads, Hydraulic Line",12986,7
ML-7451,EQ-1822,B05,2026-07-06,Corrective Repair,Naik Mech,16,"Sensors, Wiring Harness",73746,3
ML-7452,EQ-1822,B05,2026-06-13,Emergency Repair,Sergeant,8,"Injector Nozzle, Fuel Filter",78781,1
ML-7453,EQ-1823,B01,2026-06-22,Routine Preventive,Sergeant,48,"Sensors, Wiring Harness",12293,1
ML-7454,EQ-1823,B01,2026-04-19,Corrective Repair,Subedar Tech,24,"Tire Assembly, Hub Bearing",10984,7
ML-7455,EQ-1824,B01,2026-07-07,Routine Preventive,Subedar Tech,24,"Injector Nozzle, Fuel Filter",82178,1
ML-7456,EQ-1824,B01,2026-06-09,Emergency Repair,Subedar Tech,8,"Alternator, Belt Drive",85836,5
ML-7457,EQ-1824,B01,2026-05-25,Emergency Repair,Havildar Tech,16,"Starter Motor, Battery",62748,5
ML-7458,EQ-1825,B05,2026-05-24,Pre-Mission Inspection,Sergeant,16,"Tire Assembly, Hub Bearing",38595,1
ML-7459,EQ-1825,B05,2026-03-10,Oil & Filter Overhaul,Subedar Tech,12,"Radiator Core, Coolant",37521,1
ML-7460,EQ-1825,B05,2025-12-31,Routine Preventive,Naik Mech,12,"Alternator, Belt Drive",38487,1
ML-7461,EQ-1825,B05,2025-10-19,Pre-Mission Inspection,Naik Mech,16,"Injector Nozzle, Fuel Filter",28979,1
ML-7462,EQ-1826,B03,2026-05-25,Emergency Repair,Havildar Tech,12,"Radiator Core, Coolant",40195,1
ML-7463,EQ-1826,B03,2026-03-15,Corrective Repair,Naik Mech,48,"Sensors, Wiring Harness",36559,2
ML-7464,EQ-1826,B03,2026-01-09,Routine Preventive,Warrant Officer,48,"Tire Assembly, Hub Bearing",46965,1
ML-7465,EQ-1827,B02,2026-06-22,Oil & Filter Overhaul,Subedar Tech,24,"Injector Nozzle, Fuel Filter",14316,1
ML-7466,EQ-1827,B02,2026-04-11,Corrective Repair,Havildar Tech,8,"Sensors, Wiring Harness",16621,1
ML-7467,EQ-1827,B02,2026-02-20,Emergency Repair,Sergeant,6,"Oil Filter, Gaskets",14925,2
ML-7468,EQ-1828,B04,2026-05-20,Oil & Filter Overhaul,Naik Mech,16,"Injector Nozzle, Fuel Filter",57391,1
ML-7469,EQ-1828,B04,2026-02-22,Emergency Repair,Sergeant,24,"Sensors, Wiring Harness",65566,1
ML-7470,EQ-1829,B07,2026-06-10,Corrective Repair,Naik Mech,24,"Injector Nozzle, Fuel Filter",11251,1
ML-7471,EQ-1829,B07,2026-04-19,Oil & Filter Overhaul,Naik Mech,12,"Sensors, Wiring Harness",16588,1
ML-7472,EQ-1829,B07,2026-02-10,Pre-Mission Inspection,Warrant Officer,24,"Tire Assembly, Hub Bearing",17015,1
ML-7473,EQ-1829,B07,2025-12-22,Corrective Repair,Warrant Officer,16,"Radiator Core, Coolant",13563,2
ML-7474,EQ-1830,B04,2026-07-13,Corrective Repair,Naik Mech,8,"Sensors, Wiring Harness",69079,2
ML-7475,EQ-1830,B04,2026-06-10,Routine Preventive,Subedar Tech,24,"Oil Filter, Gaskets",69739,1
ML-7476,EQ-1830,B04,2026-05-15,Pre-Mission Inspection,Warrant Officer,16,"Radiator Core, Coolant",59962,1
ML-7477,EQ-1830,B04,2026-04-19,Corrective Repair,Naik Mech,6,"Tire Assembly, Hub Bearing",54776,2
ML-7478,EQ-1831,B04,2026-06-10,Routine Preventive,Warrant Officer,8,"Brake Pads, Hydraulic Line",102601,1
ML-7479,EQ-1831,B04,2026-04-10,Oil & Filter Overhaul,Sergeant,16,"Brake Pads, Hydraulic Line",117647,1
ML-7480,EQ-1831,B04,2026-02-11,Emergency Repair,Warrant Officer,48,"Alternator, Belt Drive",102059,2
ML-7481,EQ-1832,B04,2026-06-10,Corrective Repair,Naik Mech,24,"Sensors, Wiring Harness",73606,7
ML-7482,EQ-1832,B04,2026-04-17,Corrective Repair,Warrant Officer,16,"Alternator, Belt Drive",116195,3
ML-7483,EQ-1832,B04,2026-02-23,Corrective Repair,Havildar Tech,4,"Radiator Core, Coolant",95072,1
ML-7484,EQ-1833,B01,2026-07-07,Routine Preventive,Subedar Tech,24,"Oil Filter, Gaskets",20904,1
ML-7485,EQ-1833,B01,2026-05-19,Oil & Filter Overhaul,Warrant Officer,8,"Starter Motor, Battery",23128,1
ML-7486,EQ-1833,B01,2026-03-27,Emergency Repair,Naik Mech,24,"Tire Assembly, Hub Bearing",20679,7
ML-7487,EQ-1833,B01,2026-02-10,Oil & Filter Overhaul,Sergeant,8,"Sensors, Wiring Harness",21335,1
ML-7488,EQ-1834,B03,2026-06-23,Routine Preventive,Sergeant,48,"Alternator, Belt Drive",25212,1
ML-7489,EQ-1834,B03,2026-05-18,Corrective Repair,Subedar Tech,6,"Radiator Core, Coolant",28640,2
ML-7490,EQ-1834,B03,2026-04-09,Routine Preventive,Warrant Officer,24,"Injector Nozzle, Fuel Filter",32839,1
ML-7491,EQ-1835,B05,2026-06-24,Oil & Filter Overhaul,Havildar Tech,48,"Injector Nozzle, Fuel Filter",14151,1
ML-7492,EQ-1835,B05,2026-04-19,Corrective Repair,Havildar Tech,8,"Starter Motor, Battery",16279,2
ML-7493,EQ-1836,B05,2026-06-06,Oil & Filter Overhaul,Warrant Officer,24,"Oil Filter, Gaskets",14531,1
ML-7494,EQ-1836,B05,2026-04-06,Corrective Repair,Naik Mech,4,"Injector Nozzle, Fuel Filter",16902,3
ML-7495,EQ-1836,B05,2026-02-15,Routine Preventive,Naik Mech,4,"Brake Pads, Hydraulic Line",13420,1
ML-7496,EQ-1837,B06,2026-07-21,Corrective Repair,Sergeant,6,"Oil Filter, Gaskets",78888,1
ML-7497,EQ-1837,B06,2026-06-18,Routine Preventive,Subedar Tech,6,"Oil Filter, Gaskets",69835,1
ML-7498,EQ-1838,B04,2026-06-06,Corrective Repair,Naik Mech,6,"Brake Pads, Hydraulic Line",10873,3
ML-7499,EQ-1838,B04,2026-04-13,Routine Preventive,Warrant Officer,24,"Starter Motor, Battery",17254,1
ML-7500,EQ-1838,B04,2026-02-20,Emergency Repair,Havildar Tech,12,"Sensors, Wiring Harness",12230,3
ML-7501,EQ-1838,B04,2025-12-24,Corrective Repair,Sergeant,4,"Oil Filter, Gaskets",16890,7
ML-7502,EQ-1839,B01,2026-06-09,Emergency Repair,Warrant Officer,8,"Oil Filter, Gaskets",15918,3
ML-7503,EQ-1839,B01,2026-04-21,Corrective Repair,Naik Mech,48,"Tire Assembly, Hub Bearing",13086,1
ML-7504,EQ-1839,B01,2026-02-12,Emergency Repair,Havildar Tech,6,"Brake Pads, Hydraulic Line",15821,2
ML-7505,EQ-1839,B01,2025-12-11,Routine Preventive,Havildar Tech,16,"Brake Pads, Hydraulic Line",17222,1
ML-7506,EQ-1840,B02,2026-05-21,Corrective Repair,Naik Mech,24,"Injector Nozzle, Fuel Filter",33492,5
ML-7507,EQ-1840,B02,2026-03-25,Pre-Mission Inspection,Havildar Tech,4,"Radiator Core, Coolant",29447,1
ML-7508,EQ-1840,B02,2026-01-10,Oil & Filter Overhaul,Havildar Tech,48,"Brake Pads, Hydraulic Line",39745,1
ML-7509,EQ-1841,B04,2026-06-05,Corrective Repair,Naik Mech,48,"Tire Assembly, Hub Bearing",15658,7
ML-7510,EQ-1841,B04,2026-04-15,Oil & Filter Overhaul,Sergeant,48,"Injector Nozzle, Fuel Filter",16904,1
ML-7511,EQ-1841,B04,2026-02-14,Routine Preventive,Naik Mech,8,"Radiator Core, Coolant",15731,1
ML-7512,EQ-1842,B04,2026-06-18,Routine Preventive,Subedar Tech,6,"Oil Filter, Gaskets",11624,1
ML-7513,EQ-1842,B04,2026-04-18,Pre-Mission Inspection,Subedar Tech,12,"Radiator Core, Coolant",13451,1
ML-7514,EQ-1842,B04,2026-02-11,Pre-Mission Inspection,Warrant Officer,48,"Alternator, Belt Drive",13520,1
ML-7515,EQ-1842,B04,2025-12-11,Emergency Repair,Naik Mech,8,"Brake Pads, Hydraulic Line",17113,5
ML-7516,EQ-1843,B06,2026-06-15,Routine Preventive,Havildar Tech,24,"Sensors, Wiring Harness",15515,1
ML-7517,EQ-1843,B06,2026-04-12,Oil & Filter Overhaul,Warrant Officer,4,"Brake Pads, Hydraulic Line",14330,1
ML-7518,EQ-1843,B06,2026-02-24,Routine Preventive,Sergeant,12,"Brake Pads, Hydraulic Line",16535,1
ML-7519,EQ-1843,B06,2025-12-07,Oil & Filter Overhaul,Subedar Tech,24,"Oil Filter, Gaskets",11768,1
ML-7520,EQ-1844,B02,2026-07-03,Oil & Filter Overhaul,Subedar Tech,48,"Alternator, Belt Drive",24228,1
ML-7521,EQ-1844,B02,2026-05-15,Emergency Repair,Havildar Tech,8,"Sensors, Wiring Harness",31588,1
ML-7522,EQ-1845,B02,2026-06-10,Emergency Repair,Sergeant,48,"Starter Motor, Battery",15738,2
ML-7523,EQ-1845,B02,2026-04-08,Pre-Mission Inspection,Subedar Tech,48,"Oil Filter, Gaskets",13152,1
ML-7524,EQ-1845,B02,2026-02-04,Oil & Filter Overhaul,Havildar Tech,48,"Starter Motor, Battery",13725,1
ML-7525,EQ-1845,B02,2025-12-07,Routine Preventive,Sergeant,12,"Radiator Core, Coolant",14568,1
ML-7526,EQ-1846,B01,2026-06-06,Oil & Filter Overhaul,Naik Mech,24,"Brake Pads, Hydraulic Line",12930,1
ML-7527,EQ-1846,B01,2026-04-06,Pre-Mission Inspection,Warrant Officer,8,"Alternator, Belt Drive",17188,1
ML-7528,EQ-1846,B01,2026-02-11,Routine Preventive,Warrant Officer,8,"Injector Nozzle, Fuel Filter",14585,1
ML-7529,EQ-1846,B01,2025-12-15,Oil & Filter Overhaul,Naik Mech,6,"Tire Assembly, Hub Bearing",16432,1
ML-7530,EQ-1847,B04,2026-06-03,Emergency Repair,Subedar Tech,48,"Injector Nozzle, Fuel Filter",39200,7
ML-7531,EQ-1847,B04,2026-03-07,Routine Preventive,Havildar Tech,4,"Oil Filter, Gaskets",37995,1
ML-7532,EQ-1847,B04,2025-12-27,Corrective Repair,Sergeant,16,"Brake Pads, Hydraulic Line",29138,3
ML-7533,EQ-1847,B04,2025-10-07,Routine Preventive,Naik Mech,12,"Sensors, Wiring Harness",41169,1
ML-7534,EQ-1848,B01,2026-06-18,Pre-Mission Inspection,Warrant Officer,12,"Injector Nozzle, Fuel Filter",15024,1
ML-7535,EQ-1848,B01,2026-04-14,Pre-Mission Inspection,Sergeant,24,"Tire Assembly, Hub Bearing",16533,1
ML-7536,EQ-1848,B01,2026-02-21,Emergency Repair,Subedar Tech,4,"Injector Nozzle, Fuel Filter",15159,5
ML-7537,EQ-1848,B01,2025-12-18,Routine Preventive,Havildar Tech,24,"Tire Assembly, Hub Bearing",15005,1
ML-7538,EQ-1849,B02,2026-06-27,Pre-Mission Inspection,Sergeant,4,"Brake Pads, Hydraulic Line",29805,1
ML-7539,EQ-1849,B02,2026-05-18,Oil & Filter Overhaul,Subedar Tech,16,"Tire Assembly, Hub Bearing",21196,1
ML-7540,EQ-1849,B02,2026-04-05,Corrective Repair,Sergeant,8,"Tire Assembly, Hub Bearing",30055,7
ML-7541,EQ-1850,B07,2026-07-22,Pre-Mission Inspection,Naik Mech,24,"Oil Filter, Gaskets",78307,1
ML-7542,EQ-1850,B07,2026-06-19,Pre-Mission Inspection,Warrant Officer,16,"Oil Filter, Gaskets",66550,1
ML-7543,EQ-1851,B05,2026-05-25,Routine Preventive,Sergeant,24,"Tire Assembly, Hub Bearing",45787,1
ML-7544,EQ-1851,B05,2026-02-24,Emergency Repair,Sergeant,48,"Starter Motor, Battery",52601,1
ML-7545,EQ-1852,B04,2026-06-24,Emergency Repair,Naik Mech,16,"Tire Assembly, Hub Bearing",29937,7
ML-7546,EQ-1852,B04,2026-05-12,Oil & Filter Overhaul,Subedar Tech,48,"Tire Assembly, Hub Bearing",24988,1
ML-7547,EQ-1852,B04,2026-03-31,Emergency Repair,Warrant Officer,12,"Injector Nozzle, Fuel Filter",25613,5
ML-7548,EQ-1853,B03,2026-06-23,Oil & Filter Overhaul,Subedar Tech,48,"Sensors, Wiring Harness",12114,1
ML-7549,EQ-1853,B03,2026-04-20,Corrective Repair,Naik Mech,8,"Tire Assembly, Hub Bearing",17177,1
ML-7550,EQ-1854,B04,2026-06-24,Routine Preventive,Subedar Tech,16,"Oil Filter, Gaskets",30432,1
ML-7551,EQ-1854,B04,2026-05-19,Pre-Mission Inspection,Naik Mech,48,"Sensors, Wiring Harness",25672,1
ML-7552,EQ-1855,B02,2026-05-19,Emergency Repair,Havildar Tech,6,"Starter Motor, Battery",43492,1
ML-7553,EQ-1855,B02,2026-02-07,Corrective Repair,Subedar Tech,8,"Injector Nozzle, Fuel Filter",59093,1
ML-7554,EQ-1855,B02,2025-11-20,Corrective Repair,Naik Mech,4,"Alternator, Belt Drive",60416,2
ML-7555,EQ-1855,B02,2025-08-22,Pre-Mission Inspection,Subedar Tech,24,"Starter Motor, Battery",58825,1
ML-7556,EQ-1856,B03,2026-07-09,Oil & Filter Overhaul,Subedar Tech,24,"Sensors, Wiring Harness",32196,1
ML-7557,EQ-1856,B03,2026-05-14,Routine Preventive,Subedar Tech,24,"Injector Nozzle, Fuel Filter",24454,1
ML-7558,EQ-1856,B03,2026-03-26,Emergency Repair,Sergeant,16,"Starter Motor, Battery",29187,2
ML-7559,EQ-1856,B03,2026-02-11,Corrective Repair,Warrant Officer,8,"Starter Motor, Battery",24219,2
ML-7560,EQ-1857,B04,2026-05-24,Routine Preventive,Subedar Tech,24,"Starter Motor, Battery",45028,1
ML-7561,EQ-1857,B04,2026-03-26,Pre-Mission Inspection,Warrant Officer,4,"Radiator Core, Coolant",33351,1
ML-7562,EQ-1857,B04,2025-12-30,Routine Preventive,Naik Mech,48,"Brake Pads, Hydraulic Line",43820,1
ML-7563,EQ-1857,B04,2025-10-17,Pre-Mission Inspection,Warrant Officer,12,"Sensors, Wiring Harness",29118,1
ML-7564,EQ-1858,B04,2026-07-08,Emergency Repair,Warrant Officer,8,"Injector Nozzle, Fuel Filter",64121,2
ML-7565,EQ-1858,B04,2026-06-20,Corrective Repair,Warrant Officer,8,"Sensors, Wiring Harness",56217,3
ML-7566,EQ-1859,B02,2026-06-23,Corrective Repair,Havildar Tech,4,"Oil Filter, Gaskets",26875,1
ML-7567,EQ-1859,B02,2026-05-21,Emergency Repair,Warrant Officer,12,"Starter Motor, Battery",30119,2
ML-7568,EQ-1860,B05,2026-05-22,Oil & Filter Overhaul,Sergeant,16,"Oil Filter, Gaskets",31215,1
ML-7569,EQ-1860,B05,2026-03-10,Emergency Repair,Naik Mech,24,"Oil Filter, Gaskets",36955,2
ML-7570,EQ-1861,B03,2026-06-09,Oil & Filter Overhaul,Sergeant,12,"Alternator, Belt Drive",11290,1
ML-7571,EQ-1861,B03,2026-04-22,Corrective Repair,Subedar Tech,8,"Tire Assembly, Hub Bearing",10724,5
ML-7572,EQ-1862,B03,2026-07-07,Emergency Repair,Warrant Officer,12,"Alternator, Belt Drive",27701,1
ML-7573,EQ-1862,B03,2026-05-07,Emergency Repair,Subedar Tech,48,"Starter Motor, Battery",27378,2
ML-7574,EQ-1862,B03,2026-04-02,Pre-Mission Inspection,Subedar Tech,16,"Sensors, Wiring Harness",25082,1
ML-7575,EQ-1863,B04,2026-06-28,Corrective Repair,Havildar Tech,12,"Radiator Core, Coolant",23714,2
ML-7576,EQ-1863,B04,2026-05-22,Corrective Repair,Sergeant,12,"Oil Filter, Gaskets",29455,5
ML-7577,EQ-1864,B01,2026-06-26,Oil & Filter Overhaul,Havildar Tech,6,"Brake Pads, Hydraulic Line",21470,1
ML-7578,EQ-1864,B01,2026-05-18,Oil & Filter Overhaul,Subedar Tech,48,"Sensors, Wiring Harness",29996,1
ML-7579,EQ-1865,B04,2026-05-09,Routine Preventive,Naik Mech,24,"Oil Filter, Gaskets",49084,1
ML-7580,EQ-1865,B04,2026-02-06,Corrective Repair,Sergeant,48,"Tire Assembly, Hub Bearing",49742,1
ML-7581,EQ-1866,B01,2026-06-06,Routine Preventive,Subedar Tech,12,"Radiator Core, Coolant",32447,1
ML-7582,EQ-1866,B01,2026-03-16,Pre-Mission Inspection,Warrant Officer,4,"Starter Motor, Battery",31159,1
ML-7583,EQ-1866,B01,2025-12-24,Emergency Repair,Havildar Tech,16,"Sensors, Wiring Harness",37091,5
ML-7584,EQ-1866,B01,2025-10-27,Pre-Mission Inspection,Naik Mech,24,"Alternator, Belt Drive",38928,1
ML-7585,EQ-1867,B04,2026-06-06,Routine Preventive,Havildar Tech,48,"Alternator, Belt Drive",16616,1
ML-7586,EQ-1867,B04,2026-04-19,Emergency Repair,Warrant Officer,24,"Brake Pads, Hydraulic Line",13911,3
ML-7587,EQ-1868,B04,2026-05-07,Emergency Repair,Subedar Tech,8,"Brake Pads, Hydraulic Line",67111,5
ML-7588,EQ-1868,B04,2026-02-22,Routine Preventive,Havildar Tech,4,"Sensors, Wiring Harness",45235,1
ML-7589,EQ-1868,B04,2025-11-09,Corrective Repair,Sergeant,4,"Injector Nozzle, Fuel Filter",42961,7
ML-7590,EQ-1869,B07,2026-06-21,Routine Preventive,Sergeant,16,"Sensors, Wiring Harness",16440,1
ML-7591,EQ-1869,B07,2026-04-13,Oil & Filter Overhaul,Havildar Tech,4,"Alternator, Belt Drive",16538,1
ML-7592,EQ-1869,B07,2026-02-13,Routine Preventive,Naik Mech,4,"Injector Nozzle, Fuel Filter",11747,1
ML-7593,EQ-1869,B07,2025-12-13,Oil & Filter Overhaul,Havildar Tech,4,"Sensors, Wiring Harness",10665,1
ML-7594,EQ-1870,B08,2026-06-01,Emergency Repair,Havildar Tech,8,"Oil Filter, Gaskets",34145,7
ML-7595,EQ-1870,B08,2026-03-16,Emergency Repair,Naik Mech,16,"Oil Filter, Gaskets",44395,5
ML-7596,EQ-1870,B08,2026-01-02,Pre-Mission Inspection,Sergeant,12,"Starter Motor, Battery",35266,1
ML-7597,EQ-1871,B07,2026-05-05,Emergency Repair,Sergeant,12,"Sensors, Wiring Harness",54888,1
ML-7598,EQ-1871,B07,2026-02-05,Routine Preventive,Warrant Officer,6,"Oil Filter, Gaskets",62089,1
ML-7599,EQ-1871,B07,2025-11-17,Routine Preventive,Warrant Officer,16,"Sensors, Wiring Harness",53877,1
ML-7600,EQ-1871,B07,2025-08-19,Pre-Mission Inspection,Havildar Tech,12,"Radiator Core, Coolant",58548,1
ML-7601,EQ-1872,B01,2026-07-07,Emergency Repair,Havildar Tech,24,"Sensors, Wiring Harness",72972,1
ML-7602,EQ-1872,B01,2026-06-12,Emergency Repair,Subedar Tech,6,"Tire Assembly, Hub Bearing",65302,1
ML-7603,EQ-1872,B01,2026-05-20,Corrective Repair,Naik Mech,8,"Tire Assembly, Hub Bearing",54845,1
ML-7604,EQ-1873,B05,2026-06-13,Corrective Repair,Havildar Tech,4,"Radiator Core, Coolant",17196,3
ML-7605,EQ-1873,B05,2026-04-18,Corrective Repair,Havildar Tech,48,"Brake Pads, Hydraulic Line",12896,7
ML-7606,EQ-1874,B02,2026-06-01,Oil & Filter Overhaul,Havildar Tech,24,"Brake Pads, Hydraulic Line",45894,1
ML-7607,EQ-1874,B02,2026-03-09,Oil & Filter Overhaul,Naik Mech,12,"Starter Motor, Battery",46220,1
ML-7608,EQ-1875,B05,2026-07-08,Corrective Repair,Subedar Tech,16,"Sensors, Wiring Harness",31013,2
ML-7609,EQ-1875,B05,2026-05-12,Corrective Repair,Subedar Tech,12,"Sensors, Wiring Harness",24938,3
ML-7610,EQ-1876,B04,2026-05-05,Routine Preventive,Warrant Officer,8,"Brake Pads, Hydraulic Line",49298,1
ML-7611,EQ-1876,B04,2026-02-08,Pre-Mission Inspection,Havildar Tech,48,"Injector Nozzle, Fuel Filter",58740,1
ML-7612,EQ-1877,B02,2026-05-31,Routine Preventive,Naik Mech,24,"Tire Assembly, Hub Bearing",34901,1
ML-7613,EQ-1877,B02,2026-03-25,Routine Preventive,Naik Mech,8,"Starter Motor, Battery",40601,1
ML-7614,EQ-1877,B02,2025-12-29,Routine Preventive,Subedar Tech,16,"Starter Motor, Battery",39286,1
ML-7615,EQ-1878,B06,2026-06-30,Oil & Filter Overhaul,Naik Mech,12,"Alternator, Belt Drive",25053,1
ML-7616,EQ-1878,B06,2026-05-19,Routine Preventive,Havildar Tech,48,"Tire Assembly, Hub Bearing",21312,1
ML-7617,EQ-1878,B06,2026-03-30,Oil & Filter Overhaul,Sergeant,48,"Starter Motor, Battery",23393,1
ML-7618,EQ-1879,B08,2026-06-22,Emergency Repair,Sergeant,16,"Brake Pads, Hydraulic Line",15668,5
ML-7619,EQ-1879,B08,2026-04-24,Routine Preventive,Subedar Tech,48,"Injector Nozzle, Fuel Filter",17142,1
ML-7620,EQ-1879,B08,2026-02-06,Corrective Repair,Warrant Officer,12,"Alternator, Belt Drive",14686,5
ML-7621,EQ-1879,B08,2025-12-19,Pre-Mission Inspection,Havildar Tech,12,"Alternator, Belt Drive",14165,1
ML-7622,EQ-1880,B08,2026-06-07,Emergency Repair,Subedar Tech,12,"Tire Assembly, Hub Bearing",13810,1
ML-7623,EQ-1880,B08,2026-04-11,Emergency Repair,Subedar Tech,12,"Sensors, Wiring Harness",10748,5
ML-7624,EQ-1880,B08,2026-02-24,Corrective Repair,Naik Mech,12,"Sensors, Wiring Harness",10650,7
ML-7625,EQ-1881,B07,2026-06-04,Pre-Mission Inspection,Naik Mech,48,"Sensors, Wiring Harness",14655,1
ML-7626,EQ-1881,B07,2026-04-24,Routine Preventive,Subedar Tech,12,"Sensors, Wiring Harness",16813,1
ML-7627,EQ-1881,B07,2026-02-07,Corrective Repair,Naik Mech,6,"Brake Pads, Hydraulic Line",13047,3
ML-7628,EQ-1882,B05,2026-06-24,Emergency Repair,Subedar Tech,24,"Starter Motor, Battery",12735,7
ML-7629,EQ-1882,B05,2026-04-22,Pre-Mission Inspection,Subedar Tech,12,"Radiator Core, Coolant",11196,1
ML-7630,EQ-1882,B05,2026-02-13,Pre-Mission Inspection,Subedar Tech,48,"Radiator Core, Coolant",15699,1
ML-7631,EQ-1883,B01,2026-06-26,Routine Preventive,Warrant Officer,48,"Alternator, Belt Drive",21349,1
ML-7632,EQ-1883,B01,2026-05-17,Corrective Repair,Sergeant,4,"Radiator Core, Coolant",33579,1
ML-7633,EQ-1883,B01,2026-03-24,Corrective Repair,Warrant Officer,48,"Alternator, Belt Drive",29011,5
ML-7634,EQ-1883,B01,2026-02-20,Emergency Repair,Warrant Officer,16,"Oil Filter, Gaskets",22934,1
ML-7635,EQ-1884,B03,2026-06-10,Pre-Mission Inspection,Sergeant,4,"Alternator, Belt Drive",15465,1
ML-7636,EQ-1884,B03,2026-04-23,Pre-Mission Inspection,Havildar Tech,12,"Starter Motor, Battery",12980,1
ML-7637,EQ-1884,B03,2026-02-12,Emergency Repair,Naik Mech,16,"Sensors, Wiring Harness",13747,5
ML-7638,EQ-1885,B03,2026-05-20,Pre-Mission Inspection,Naik Mech,24,"Tire Assembly, Hub Bearing",35707,1
ML-7639,EQ-1885,B03,2026-03-21,Routine Preventive,Havildar Tech,12,"Tire Assembly, Hub Bearing",43265,1
ML-7640,EQ-1885,B03,2026-01-07,Emergency Repair,Warrant Officer,8,"Brake Pads, Hydraulic Line",41640,2
ML-7641,EQ-1885,B03,2025-10-07,Routine Preventive,Sergeant,24,"Sensors, Wiring Harness",44016,1
ML-7642,EQ-1886,B03,2026-05-16,Emergency Repair,Subedar Tech,24,"Starter Motor, Battery",62692,3
ML-7643,EQ-1886,B03,2026-02-09,Corrective Repair,Warrant Officer,12,"Starter Motor, Battery",42147,5
ML-7644,EQ-1886,B03,2025-11-11,Pre-Mission Inspection,Warrant Officer,48,"Radiator Core, Coolant",58167,1
ML-7645,EQ-1886,B03,2025-08-20,Emergency Repair,Warrant Officer,16,"Tire Assembly, Hub Bearing",60213,7
ML-7646,EQ-1887,B02,2026-06-24,Pre-Mission Inspection,Subedar Tech,24,"Oil Filter, Gaskets",22639,1
ML-7647,EQ-1887,B02,2026-05-09,Pre-Mission Inspection,Subedar Tech,8,"Starter Motor, Battery",28467,1
ML-7648,EQ-1887,B02,2026-03-31,Oil & Filter Overhaul,Subedar Tech,6,"Tire Assembly, Hub Bearing",31983,1
ML-7649,EQ-1888,B04,2026-06-09,Routine Preventive,Subedar Tech,12,"Starter Motor, Battery",37777,1
ML-7650,EQ-1888,B04,2026-03-24,Corrective Repair,Naik Mech,24,"Sensors, Wiring Harness",35477,3
ML-7651,EQ-1888,B04,2026-01-10,Emergency Repair,Subedar Tech,4,"Injector Nozzle, Fuel Filter",34776,7
ML-7652,EQ-1889,B02,2026-06-24,Oil & Filter Overhaul,Havildar Tech,48,"Tire Assembly, Hub Bearing",22994,1
ML-7653,EQ-1889,B02,2026-05-15,Pre-Mission Inspection,Subedar Tech,48,"Oil Filter, Gaskets",28249,1
ML-7654,EQ-1890,B06,2026-06-11,Oil & Filter Overhaul,Warrant Officer,8,"Starter Motor, Battery",11224,1
ML-7655,EQ-1890,B06,2026-04-05,Pre-Mission Inspection,Sergeant,24,"Tire Assembly, Hub Bearing",13177,1
ML-7656,EQ-1891,B02,2026-05-22,Corrective Repair,Warrant Officer,16,"Injector Nozzle, Fuel Filter",65654,1
ML-7657,EQ-1891,B02,2026-02-18,Emergency Repair,Warrant Officer,6,"Starter Motor, Battery",55847,3
ML-7658,EQ-1891,B02,2025-11-15,Routine Preventive,Naik Mech,16,"Alternator, Belt Drive",56593,1
ML-7659,EQ-1891,B02,2025-08-21,Routine Preventive,Subedar Tech,16,"Tire Assembly, Hub Bearing",53953,1
ML-7660,EQ-1892,B07,2026-06-23,Corrective Repair,Subedar Tech,48,"Oil Filter, Gaskets",33190,7
ML-7661,EQ-1892,B07,2026-05-14,Oil & Filter Overhaul,Havildar Tech,12,"Radiator Core, Coolant",26504,1
ML-7662,EQ-1892,B07,2026-04-01,Emergency Repair,Naik Mech,16,"Injector Nozzle, Fuel Filter",31984,7
ML-7663,EQ-1893,B01,2026-06-16,Pre-Mission Inspection,Naik Mech,16,"Radiator Core, Coolant",16735,1
ML-7664,EQ-1893,B01,2026-04-25,Emergency Repair,Subedar Tech,6,"Oil Filter, Gaskets",11999,5
ML-7665,EQ-1893,B01,2026-02-24,Corrective Repair,Warrant Officer,48,"Radiator Core, Coolant",16432,7
ML-7666,EQ-1894,B04,2026-06-17,Oil & Filter Overhaul,Subedar Tech,16,"Brake Pads, Hydraulic Line",10826,1
ML-7667,EQ-1894,B04,2026-04-24,Corrective Repair,Naik Mech,24,"Tire Assembly, Hub Bearing",16154,1
ML-7668,EQ-1895,B01,2026-06-21,Routine Preventive,Subedar Tech,4,"Starter Motor, Battery",108797,1
ML-7669,EQ-1895,B01,2026-04-16,Corrective Repair,Sergeant,24,"Tire Assembly, Hub Bearing",97059,3
ML-7670,EQ-1895,B01,2026-02-10,Corrective Repair,Sergeant,12,"Tire Assembly, Hub Bearing",107615,7
ML-7671,EQ-1895,B01,2025-12-22,Oil & Filter Overhaul,Naik Mech,24,"Radiator Core, Coolant",84914,1
ML-7672,EQ-1896,B04,2026-06-11,Oil & Filter Overhaul,Subedar Tech,48,"Brake Pads, Hydraulic Line",15946,1
ML-7673,EQ-1896,B04,2026-04-07,Pre-Mission Inspection,Warrant Officer,4,"Brake Pads, Hydraulic Line",10907,1
ML-7674,EQ-1896,B04,2026-02-05,Pre-Mission Inspection,Warrant Officer,8,"Alternator, Belt Drive",12882,1
ML-7675,EQ-1896,B04,2025-12-14,Routine Preventive,Subedar Tech,48,"Radiator Core, Coolant",11335,1
ML-7676,EQ-1897,B04,2026-06-18,Routine Preventive,Sergeant,8,"Brake Pads, Hydraulic Line",13156,1
ML-7677,EQ-1897,B04,2026-04-21,Oil & Filter Overhaul,Subedar Tech,12,"Tire Assembly, Hub Bearing",15190,1
ML-7678,EQ-1897,B04,2026-02-10,Emergency Repair,Subedar Tech,12,"Tire Assembly, Hub Bearing",15902,3
ML-7679,EQ-1897,B04,2025-12-08,Routine Preventive,Naik Mech,8,"Alternator, Belt Drive",16632,1
ML-7680,EQ-1898,B02,2026-05-22,Pre-Mission Inspection,Subedar Tech,6,"Starter Motor, Battery",52320,1
ML-7681,EQ-1898,B02,2026-02-11,Corrective Repair,Subedar Tech,12,"Brake Pads, Hydraulic Line",58197,3
ML-7682,EQ-1898,B02,2025-11-08,Emergency Repair,Warrant Officer,4,"Injector Nozzle, Fuel Filter",46634,5
ML-7683,EQ-1898,B02,2025-08-20,Emergency Repair,Subedar Tech,48,"Oil Filter, Gaskets",57275,1
ML-7684,EQ-1899,B06,2026-06-02,Pre-Mission Inspection,Subedar Tech,8,"Radiator Core, Coolant",43678,1
ML-7685,EQ-1899,B06,2026-03-15,Routine Preventive,Warrant Officer,48,"Injector Nozzle, Fuel Filter",46171,1
ML-7686,EQ-1899,B06,2025-12-24,Corrective Repair,Subedar Tech,24,"Starter Motor, Battery",46783,5
ML-7687,EQ-1899,B06,2025-10-14,Routine Preventive,Subedar Tech,4,"Radiator Core, Coolant",36656,1
ML-7688,EQ-1900,B08,2026-07-05,Emergency Repair,Havildar Tech,6,"Brake Pads, Hydraulic Line",75944,7
ML-7689,EQ-1900,B08,2026-06-06,Routine Preventive,Havildar Tech,16,"Radiator Core, Coolant",85288,1
ML-7690,EQ-1901,B01,2026-05-07,Pre-Mission Inspection,Sergeant,4,"Starter Motor, Battery",41923,1
ML-7691,EQ-1901,B01,2026-02-04,Pre-Mission Inspection,Sergeant,6,"Brake Pads, Hydraulic Line",52615,1
ML-7692,EQ-1901,B01,2025-11-07,Emergency Repair,Sergeant,8,"Alternator, Belt Drive",46377,1
ML-7693,EQ-1902,B05,2026-05-12,Oil & Filter Overhaul,Warrant Officer,48,"Oil Filter, Gaskets",48903,1
ML-7694,EQ-1902,B05,2026-02-04,Emergency Repair,Sergeant,48,"Injector Nozzle, Fuel Filter",55552,5
ML-7695,EQ-1902,B05,2025-11-13,Pre-Mission Inspection,Havildar Tech,16,"Radiator Core, Coolant",47125,1
ML-7696,EQ-1902,B05,2025-08-11,Oil & Filter Overhaul,Sergeant,48,"Alternator, Belt Drive",53323,1
ML-7697,EQ-1903,B04,2026-06-16,Pre-Mission Inspection,Havildar Tech,6,"Sensors, Wiring Harness",10695,1
ML-7698,EQ-1903,B04,2026-04-08,Oil & Filter Overhaul,Sergeant,48,"Sensors, Wiring Harness",17078,1
ML-7699,EQ-1903,B04,2026-02-12,Routine Preventive,Sergeant,24,"Brake Pads, Hydraulic Line",13309,1
ML-7700,EQ-1903,B04,2025-12-21,Corrective Repair,Naik Mech,16,"Injector Nozzle, Fuel Filter",16398,3
ML-7701,EQ-1904,B03,2026-05-18,Oil & Filter Overhaul,Sergeant,8,"Radiator Core, Coolant",42158,1
ML-7702,EQ-1904,B03,2026-02-12,Emergency Repair,Subedar Tech,8,"Tire Assembly, Hub Bearing",58923,5
ML-7703,EQ-1904,B03,2025-11-10,Routine Preventive,Subedar Tech,24,"Oil Filter, Gaskets",50973,1
ML-7704,EQ-1904,B03,2025-08-18,Emergency Repair,Warrant Officer,24,"Injector Nozzle, Fuel Filter",42571,5
ML-7705,EQ-1905,B02,2026-06-08,Routine Preventive,Subedar Tech,8,"Tire Assembly, Hub Bearing",13590,1
ML-7706,EQ-1905,B02,2026-04-21,Pre-Mission Inspection,Havildar Tech,8,"Brake Pads, Hydraulic Line",10973,1
ML-7707,EQ-1905,B02,2026-02-06,Oil & Filter Overhaul,Warrant Officer,8,"Oil Filter, Gaskets",17300,1
ML-7708,EQ-1905,B02,2025-12-15,Oil & Filter Overhaul,Sergeant,6,"Starter Motor, Battery",14938,1
ML-7709,EQ-1906,B02,2026-07-03,Routine Preventive,Sergeant,4,"Sensors, Wiring Harness",27633,1
ML-7710,EQ-1906,B02,2026-05-06,Routine Preventive,Havildar Tech,24,"Tire Assembly, Hub Bearing",33211,1
ML-7711,EQ-1907,B03,2026-06-15,Routine Preventive,Subedar Tech,16,"Starter Motor, Battery",12107,1
ML-7712,EQ-1907,B03,2026-04-25,Routine Preventive,Naik Mech,12,"Radiator Core, Coolant",14939,1
ML-7713,EQ-1908,B01,2026-06-22,Corrective Repair,Havildar Tech,12,"Alternator, Belt Drive",14815,2
ML-7714,EQ-1908,B01,2026-04-12,Routine Preventive,Naik Mech,8,"Sensors, Wiring Harness",13546,1
ML-7715,EQ-1909,B02,2026-05-15,Emergency Repair,Sergeant,4,"Radiator Core, Coolant",43776,5
ML-7716,EQ-1909,B02,2026-02-23,Emergency Repair,Havildar Tech,4,"Radiator Core, Coolant",52053,1
ML-7717,EQ-1909,B02,2025-11-21,Emergency Repair,Warrant Officer,16,"Brake Pads, Hydraulic Line",42997,7
ML-7718,EQ-1909,B02,2025-08-22,Corrective Repair,Sergeant,6,"Radiator Core, Coolant",62189,2
ML-7719,EQ-1910,B06,2026-05-24,Corrective Repair,Warrant Officer,6,"Alternator, Belt Drive",33148,3
ML-7720,EQ-1910,B06,2026-03-13,Oil & Filter Overhaul,Havildar Tech,48,"Radiator Core, Coolant",42922,1
ML-7721,EQ-1910,B06,2025-12-23,Oil & Filter Overhaul,Havildar Tech,24,"Oil Filter, Gaskets",29359,1
ML-7722,EQ-1910,B06,2025-10-07,Pre-Mission Inspection,Sergeant,8,"Alternator, Belt Drive",45840,1
ML-7723,EQ-1911,B01,2026-06-06,Emergency Repair,Subedar Tech,8,"Brake Pads, Hydraulic Line",16259,2
ML-7724,EQ-1911,B01,2026-04-11,Routine Preventive,Warrant Officer,4,"Injector Nozzle, Fuel Filter",17012,1
ML-7725,EQ-1912,B01,2026-05-29,Emergency Repair,Sergeant,4,"Tire Assembly, Hub Bearing",36018,5
ML-7726,EQ-1912,B01,2026-03-15,Emergency Repair,Naik Mech,16,"Brake Pads, Hydraulic Line",29588,7
ML-7727,EQ-1912,B01,2026-01-03,Routine Preventive,Subedar Tech,24,"Brake Pads, Hydraulic Line",29470,1
ML-7728,EQ-1912,B01,2025-10-16,Emergency Repair,Sergeant,16,"Brake Pads, Hydraulic Line",45589,7
ML-7729,EQ-1913,B02,2026-06-29,Emergency Repair,Havildar Tech,48,"Radiator Core, Coolant",27936,5
ML-7730,EQ-1913,B02,2026-05-13,Emergency Repair,Naik Mech,4,"Alternator, Belt Drive",31818,1
ML-7731,EQ-1914,B03,2026-05-27,Routine Preventive,Havildar Tech,48,"Oil Filter, Gaskets",38484,1
ML-7732,EQ-1914,B03,2026-03-07,Emergency Repair,Havildar Tech,48,"Starter Motor, Battery",45471,7
ML-7733,EQ-1914,B03,2025-12-21,Pre-Mission Inspection,Havildar Tech,8,"Oil Filter, Gaskets",30171,1
ML-7734,EQ-1914,B03,2025-10-07,Corrective Repair,Warrant Officer,4,"Starter Motor, Battery",37639,5
ML-7735,EQ-1915,B05,2026-06-29,Oil & Filter Overhaul,Warrant Officer,24,"Sensors, Wiring Harness",26033,1
ML-7736,EQ-1915,B05,2026-05-25,Oil & Filter Overhaul,Sergeant,12,"Starter Motor, Battery",33126,1
ML-7737,EQ-1915,B05,2026-03-30,Pre-Mission Inspection,Naik Mech,48,"Brake Pads, Hydraulic Line",25552,1
ML-7738,EQ-1915,B05,2026-02-20,Corrective Repair,Subedar Tech,48,"Brake Pads, Hydraulic Line",20887,5
ML-7739,EQ-1916,B02,2026-05-23,Emergency Repair,Subedar Tech,4,"Tire Assembly, Hub Bearing",31344,7
ML-7740,EQ-1916,B02,2026-03-12,Emergency Repair,Sergeant,8,"Tire Assembly, Hub Bearing",46550,2
ML-7741,EQ-1917,B03,2026-05-22,Routine Preventive,Sergeant,12,"Tire Assembly, Hub Bearing",31201,1
ML-7742,EQ-1917,B03,2026-03-24,Corrective Repair,Subedar Tech,16,"Starter Motor, Battery",39532,2
ML-7743,EQ-1917,B03,2026-01-09,Pre-Mission Inspection,Warrant Officer,4,"Starter Motor, Battery",32880,1
ML-7744,EQ-1917,B03,2025-10-10,Pre-Mission Inspection,Naik Mech,8,"Sensors, Wiring Harness",32953,1
ML-7745,EQ-1918,B04,2026-07-13,Corrective Repair,Naik Mech,6,"Injector Nozzle, Fuel Filter",56867,7
ML-7746,EQ-1918,B04,2026-06-17,Pre-Mission Inspection,Warrant Officer,24,"Tire Assembly, Hub Bearing",55520,1
ML-7747,EQ-1918,B04,2026-05-15,Pre-Mission Inspection,Subedar Tech,4,"Starter Motor, Battery",83583,1
ML-7748,EQ-1919,B05,2026-06-15,Corrective Repair,Sergeant,6,"Radiator Core, Coolant",102204,1
ML-7749,EQ-1919,B05,2026-04-23,Routine Preventive,Sergeant,12,"Radiator Core, Coolant",104504,1
ML-7750,EQ-1920,B01,2026-06-09,Oil & Filter Overhaul,Havildar Tech,16,"Radiator Core, Coolant",43983,1
ML-7751,EQ-1920,B01,2026-03-14,Pre-Mission Inspection,Subedar Tech,8,"Starter Motor, Battery",39608,1
ML-7752,EQ-1920,B01,2026-01-02,Routine Preventive,Subedar Tech,4,"Brake Pads, Hydraulic Line",43894,1
ML-7753,EQ-1921,B01,2026-05-21,Oil & Filter Overhaul,Warrant Officer,48,"Starter Motor, Battery",60934,1
ML-7754,EQ-1921,B01,2026-02-14,Routine Preventive,Havildar Tech,8,"Brake Pads, Hydraulic Line",46347,1
ML-7755,EQ-1922,B02,2026-05-18,Pre-Mission Inspection,Naik Mech,8,"Sensors, Wiring Harness",49820,1
ML-7756,EQ-1922,B02,2026-02-20,Routine Preventive,Warrant Officer,16,"Alternator, Belt Drive",58319,1
ML-7757,EQ-1923,B06,2026-06-08,Emergency Repair,Sergeant,4,"Oil Filter, Gaskets",16490,3
ML-7758,EQ-1923,B06,2026-04-22,Routine Preventive,Subedar Tech,8,"Injector Nozzle, Fuel Filter",13314,1
ML-7759,EQ-1923,B06,2026-02-04,Routine Preventive,Naik Mech,4,"Injector Nozzle, Fuel Filter",15867,1
ML-7760,EQ-1923,B06,2025-12-21,Oil & Filter Overhaul,Warrant Officer,4,"Tire Assembly, Hub Bearing",12626,1
ML-7761,EQ-1924,B01,2026-06-29,Pre-Mission Inspection,Havildar Tech,24,"Radiator Core, Coolant",32343,1
ML-7762,EQ-1924,B01,2026-05-11,Emergency Repair,Sergeant,4,"Radiator Core, Coolant",28937,2
ML-7763,EQ-1925,B04,2026-06-28,Pre-Mission Inspection,Havildar Tech,12,"Starter Motor, Battery",29552,1
ML-7764,EQ-1925,B04,2026-05-16,Corrective Repair,Havildar Tech,12,"Radiator Core, Coolant",31682,1
ML-7765,EQ-1925,B04,2026-04-05,Emergency Repair,Subedar Tech,4,"Brake Pads, Hydraulic Line",31234,1
ML-7766,EQ-1925,B04,2026-02-20,Oil & Filter Overhaul,Warrant Officer,16,"Alternator, Belt Drive",21081,1
ML-7767,EQ-1926,B04,2026-06-21,Corrective Repair,Havildar Tech,8,"Starter Motor, Battery",22033,7
ML-7768,EQ-1926,B04,2026-05-05,Corrective Repair,Havildar Tech,4,"Brake Pads, Hydraulic Line",20735,7
ML-7769,EQ-1926,B04,2026-03-31,Oil & Filter Overhaul,Warrant Officer,6,"Brake Pads, Hydraulic Line",32051,1
ML-7770,EQ-1926,B04,2026-02-07,Corrective Repair,Sergeant,6,"Alternator, Belt Drive",30531,3
ML-7771,EQ-1927,B08,2026-06-02,Emergency Repair,Warrant Officer,12,"Oil Filter, Gaskets",38939,5
ML-7772,EQ-1927,B08,2026-03-26,Pre-Mission Inspection,Sergeant,6,"Starter Motor, Battery",34714,1
ML-7773,EQ-1928,B04,2026-07-03,Routine Preventive,Havildar Tech,48,"Radiator Core, Coolant",29626,1
ML-7774,EQ-1928,B04,2026-05-06,Oil & Filter Overhaul,Warrant Officer,12,"Injector Nozzle, Fuel Filter",29833,1
ML-7775,EQ-1929,B06,2026-06-06,Corrective Repair,Sergeant,24,"Injector Nozzle, Fuel Filter",14412,1
ML-7776,EQ-1929,B06,2026-04-08,Emergency Repair,Naik Mech,16,"Starter Motor, Battery",11788,2
ML-7777,EQ-1930,B06,2026-05-23,Pre-Mission Inspection,Sergeant,24,"Sensors, Wiring Harness",62464,1
ML-7778,EQ-1930,B06,2026-02-19,Oil & Filter Overhaul,Naik Mech,24,"Starter Motor, Battery",58605,1
ML-7779,EQ-1931,B02,2026-05-12,Routine Preventive,Naik Mech,12,"Injector Nozzle, Fuel Filter",59394,1
ML-7780,EQ-1931,B02,2026-02-07,Pre-Mission Inspection,Subedar Tech,48,"Radiator Core, Coolant",65467,1
ML-7781,EQ-1931,B02,2025-11-24,Pre-Mission Inspection,Subedar Tech,48,"Alternator, Belt Drive",56927,1
ML-7782,EQ-1931,B02,2025-08-17,Oil & Filter Overhaul,Sergeant,6,"Injector Nozzle, Fuel Filter",48136,1
ML-7783,EQ-1932,B02,2026-06-17,Corrective Repair,Warrant Officer,48,"Sensors, Wiring Harness",17344,3
ML-7784,EQ-1932,B02,2026-04-06,Routine Preventive,Subedar Tech,48,"Radiator Core, Coolant",10692,1
ML-7785,EQ-1933,B01,2026-06-19,Corrective Repair,Sergeant,48,"Brake Pads, Hydraulic Line",12113,1
ML-7786,EQ-1933,B01,2026-04-11,Oil & Filter Overhaul,Subedar Tech,48,"Starter Motor, Battery",11059,1
ML-7787,EQ-1933,B01,2026-02-10,Corrective Repair,Havildar Tech,48,"Radiator Core, Coolant",15724,1
ML-7788,EQ-1933,B01,2025-12-21,Corrective Repair,Warrant Officer,8,"Sensors, Wiring Harness",13658,2
ML-7789,EQ-1934,B01,2026-06-24,Pre-Mission Inspection,Havildar Tech,16,"Brake Pads, Hydraulic Line",12239,1
ML-7790,EQ-1934,B01,2026-04-18,Routine Preventive,Havildar Tech,8,"Radiator Core, Coolant",15471,1
ML-7791,EQ-1935,B07,2026-06-05,Corrective Repair,Naik Mech,48,"Oil Filter, Gaskets",14570,1
ML-7792,EQ-1935,B07,2026-04-17,Oil & Filter Overhaul,Naik Mech,8,"Tire Assembly, Hub Bearing",11915,1
ML-7793,EQ-1935,B07,2026-02-18,Routine Preventive,Warrant Officer,6,"Brake Pads, Hydraulic Line",12734,1
ML-7794,EQ-1935,B07,2025-12-15,Oil & Filter Overhaul,Warrant Officer,4,"Oil Filter, Gaskets",11081,1
ML-7795,EQ-1936,B01,2026-06-10,Emergency Repair,Havildar Tech,4,"Tire Assembly, Hub Bearing",11522,7
ML-7796,EQ-1936,B01,2026-04-06,Pre-Mission Inspection,Warrant Officer,16,"Tire Assembly, Hub Bearing",16752,1
ML-7797,EQ-1936,B01,2026-02-09,Oil & Filter Overhaul,Havildar Tech,24,"Tire Assembly, Hub Bearing",13536,1
ML-7798,EQ-1937,B02,2026-05-09,Emergency Repair,Naik Mech,16,"Brake Pads, Hydraulic Line",51621,3
ML-7799,EQ-1937,B02,2026-02-21,Emergency Repair,Sergeant,24,"Oil Filter, Gaskets",55017,5
ML-7800,EQ-1937,B02,2025-11-17,Routine Preventive,Subedar Tech,4,"Starter Motor, Battery",60016,1
ML-7801,EQ-1937,B02,2025-08-13,Pre-Mission Inspection,Naik Mech,16,"Radiator Core, Coolant",62048,1
ML-7802,EQ-1938,B07,2026-06-10,Routine Preventive,Subedar Tech,4,"Tire Assembly, Hub Bearing",10682,1
ML-7803,EQ-1938,B07,2026-04-19,Corrective Repair,Havildar Tech,24,"Alternator, Belt Drive",13778,3
ML-7804,EQ-1938,B07,2026-02-13,Corrective Repair,Subedar Tech,8,"Radiator Core, Coolant",15316,3
ML-7805,EQ-1939,B02,2026-07-23,Routine Preventive,Subedar Tech,12,"Injector Nozzle, Fuel Filter",77943,1
ML-7806,EQ-1939,B02,2026-06-24,Emergency Repair,Havildar Tech,16,"Alternator, Belt Drive",78923,1
ML-7807,EQ-1940,B06,2026-06-15,Oil & Filter Overhaul,Sergeant,12,"Oil Filter, Gaskets",12691,1
ML-7808,EQ-1940,B06,2026-04-08,Routine Preventive,Havildar Tech,4,"Brake Pads, Hydraulic Line",13474,1
ML-7809,EQ-1941,B04,2026-05-06,Corrective Repair,Havildar Tech,24,"Oil Filter, Gaskets",62217,3
ML-7810,EQ-1941,B04,2026-02-17,Emergency Repair,Sergeant,4,"Tire Assembly, Hub Bearing",54354,7
ML-7811,EQ-1941,B04,2025-11-10,Oil & Filter Overhaul,Warrant Officer,16,"Injector Nozzle, Fuel Filter",65444,1
ML-7812,EQ-1942,B06,2026-06-19,Emergency Repair,Havildar Tech,16,"Brake Pads, Hydraulic Line",13813,1
ML-7813,EQ-1942,B06,2026-04-18,Oil & Filter Overhaul,Naik Mech,48,"Tire Assembly, Hub Bearing",12489,1
ML-7814,EQ-1943,B05,2026-06-12,Routine Preventive,Subedar Tech,6,"Oil Filter, Gaskets",15091,1
ML-7815,EQ-1943,B05,2026-04-21,Oil & Filter Overhaul,Naik Mech,24,"Alternator, Belt Drive",11838,1
ML-7816,EQ-1943,B05,2026-02-04,Corrective Repair,Subedar Tech,48,"Tire Assembly, Hub Bearing",16569,2
ML-7817,EQ-1943,B05,2025-12-09,Emergency Repair,Havildar Tech,6,"Radiator Core, Coolant",12450,1
ML-7818,EQ-1944,B06,2026-06-04,Oil & Filter Overhaul,Sergeant,4,"Brake Pads, Hydraulic Line",14920,1
ML-7819,EQ-1944,B06,2026-04-07,Routine Preventive,Naik Mech,24,"Alternator, Belt Drive",16242,1
ML-7820,EQ-1944,B06,2026-02-18,Pre-Mission Inspection,Naik Mech,8,"Radiator Core, Coolant",11543,1
ML-7821,EQ-1944,B06,2025-12-15,Oil & Filter Overhaul,Naik Mech,24,"Starter Motor, Battery",14139,1
ML-7822,EQ-1945,B04,2026-06-19,Emergency Repair,Warrant Officer,24,"Tire Assembly, Hub Bearing",12553,5
ML-7823,EQ-1945,B04,2026-04-17,Oil & Filter Overhaul,Sergeant,8,"Sensors, Wiring Harness",12586,1
ML-7824,EQ-1945,B04,2026-02-17,Routine Preventive,Havildar Tech,12,"Alternator, Belt Drive",10858,1
ML-7825,EQ-1946,B03,2026-05-16,Pre-Mission Inspection,Havildar Tech,12,"Oil Filter, Gaskets",58045,1
ML-7826,EQ-1946,B03,2026-02-20,Routine Preventive,Warrant Officer,48,"Alternator, Belt Drive",44001,1
ML-7827,EQ-1946,B03,2025-11-21,Corrective Repair,Sergeant,8,"Radiator Core, Coolant",63496,5
ML-7828,EQ-1946,B03,2025-08-27,Pre-Mission Inspection,Sergeant,12,"Oil Filter, Gaskets",43244,1
ML-7829,EQ-1947,B07,2026-06-18,Pre-Mission Inspection,Subedar Tech,4,"Starter Motor, Battery",78406,1
ML-7830,EQ-1947,B07,2026-04-18,Oil & Filter Overhaul,Naik Mech,16,"Alternator, Belt Drive",103758,1
ML-7831,EQ-1948,B03,2026-07-03,Corrective Repair,Warrant Officer,12,"Alternator, Belt Drive",29978,1
ML-7832,EQ-1948,B03,2026-05-09,Oil & Filter Overhaul,Havildar Tech,48,"Injector Nozzle, Fuel Filter",23417,1
ML-7833,EQ-1948,B03,2026-04-05,Corrective Repair,Warrant Officer,6,"Sensors, Wiring Harness",23215,5
ML-7834,EQ-1949,B01,2026-05-21,Routine Preventive,Warrant Officer,16,"Injector Nozzle, Fuel Filter",54842,1
ML-7835,EQ-1949,B01,2026-02-04,Pre-Mission Inspection,Subedar Tech,24,"Radiator Core, Coolant",48507,1
ML-7836,EQ-1950,B01,2026-05-24,Pre-Mission Inspection,Naik Mech,16,"Sensors, Wiring Harness",46915,1
ML-7837,EQ-1950,B01,2026-03-24,Routine Preventive,Havildar Tech,8,"Brake Pads, Hydraulic Line",44325,1
ML-7838,EQ-1950,B01,2026-01-06,Corrective Repair,Havildar Tech,12,"Tire Assembly, Hub Bearing",35993,3
ML-7839,EQ-1951,B02,2026-06-22,Pre-Mission Inspection,Warrant Officer,6,"Brake Pads, Hydraulic Line",27894,1
ML-7840,EQ-1951,B02,2026-05-18,Routine Preventive,Warrant Officer,48,"Radiator Core, Coolant",20800,1
ML-7841,EQ-1952,B04,2026-06-10,Pre-Mission Inspection,Naik Mech,8,"Oil Filter, Gaskets",103565,1
ML-7842,EQ-1952,B04,2026-04-12,Pre-Mission Inspection,Havildar Tech,4,"Oil Filter, Gaskets",97687,1
ML-7843,EQ-1952,B04,2026-02-09,Routine Preventive,Naik Mech,4,"Tire Assembly, Hub Bearing",79297,1
ML-7844,EQ-1952,B04,2025-12-23,Oil & Filter Overhaul,Naik Mech,48,"Alternator, Belt Drive",96674,1
ML-7845,EQ-1953,B02,2026-06-09,Pre-Mission Inspection,Sergeant,6,"Oil Filter, Gaskets",32597,1
ML-7846,EQ-1953,B02,2026-03-09,Pre-Mission Inspection,Subedar Tech,12,"Oil Filter, Gaskets",29960,1
ML-7847,EQ-1953,B02,2026-01-08,Oil & Filter Overhaul,Havildar Tech,4,"Injector Nozzle, Fuel Filter",37592,1
ML-7848,EQ-1953,B02,2025-10-20,Pre-Mission Inspection,Sergeant,4,"Tire Assembly, Hub Bearing",46342,1
ML-7849,EQ-1954,B03,2026-06-23,Pre-Mission Inspection,Havildar Tech,8,"Brake Pads, Hydraulic Line",26066,1
ML-7850,EQ-1954,B03,2026-05-16,Oil & Filter Overhaul,Naik Mech,6,"Oil Filter, Gaskets",30526,1
ML-7851,EQ-1955,B05,2026-06-12,Pre-Mission Inspection,Sergeant,4,"Tire Assembly, Hub Bearing",13712,1
ML-7852,EQ-1955,B05,2026-04-12,Pre-Mission Inspection,Subedar Tech,24,"Radiator Core, Coolant",14500,1
ML-7853,EQ-1955,B05,2026-02-10,Routine Preventive,Warrant Officer,4,"Brake Pads, Hydraulic Line",12486,1
ML-7854,EQ-1956,B04,2026-06-06,Pre-Mission Inspection,Sergeant,8,"Radiator Core, Coolant",36962,1
ML-7855,EQ-1956,B04,2026-03-22,Emergency Repair,Sergeant,8,"Starter Motor, Battery",46221,1
ML-7856,EQ-1957,B02,2026-06-19,Emergency Repair,Havildar Tech,6,"Radiator Core, Coolant",13853,2
ML-7857,EQ-1957,B02,2026-04-14,Routine Preventive,Naik Mech,12,"Injector Nozzle, Fuel Filter",13302,1
ML-7858,EQ-1958,B07,2026-06-04,Routine Preventive,Naik Mech,24,"Starter Motor, Battery",14789,1
ML-7859,EQ-1958,B07,2026-04-17,Oil & Filter Overhaul,Naik Mech,6,"Sensors, Wiring Harness",11128,1
ML-7860,EQ-1958,B07,2026-02-20,Pre-Mission Inspection,Subedar Tech,8,"Sensors, Wiring Harness",14669,1
ML-7861,EQ-1959,B04,2026-06-24,Emergency Repair,Sergeant,8,"Starter Motor, Battery",33492,5
ML-7862,EQ-1959,B04,2026-05-23,Corrective Repair,Sergeant,24,"Sensors, Wiring Harness",29116,5
ML-7863,EQ-1959,B04,2026-03-28,Emergency Repair,Warrant Officer,4,"Radiator Core, Coolant",22861,3
ML-7864,EQ-1959,B04,2026-02-24,Pre-Mission Inspection,Warrant Officer,8,"Radiator Core, Coolant",30155,1
ML-7865,EQ-1960,B03,2026-07-04,Pre-Mission Inspection,Sergeant,24,"Starter Motor, Battery",22199,1
ML-7866,EQ-1960,B03,2026-05-09,Routine Preventive,Subedar Tech,48,"Injector Nozzle, Fuel Filter",32241,1
ML-7867,EQ-1960,B03,2026-03-23,Routine Preventive,Naik Mech,4,"Tire Assembly, Hub Bearing",30768,1
ML-7868,EQ-1960,B03,2026-02-20,Oil & Filter Overhaul,Sergeant,4,"Alternator, Belt Drive",29135,1
ML-7869,EQ-1961,B02,2026-07-12,Oil & Filter Overhaul,Warrant Officer,24,"Alternator, Belt Drive",76079,1
ML-7870,EQ-1961,B02,2026-06-04,Emergency Repair,Subedar Tech,48,"Tire Assembly, Hub Bearing",66362,5
ML-7871,EQ-1962,B05,2026-05-09,Corrective Repair,Warrant Officer,16,"Tire Assembly, Hub Bearing",44347,3
ML-7872,EQ-1962,B05,2026-02-15,Routine Preventive,Warrant Officer,6,"Injector Nozzle, Fuel Filter",60346,1
ML-7873,EQ-1962,B05,2025-11-24,Routine Preventive,Warrant Officer,16,"Radiator Core, Coolant",58935,1
ML-7874,EQ-1963,B07,2026-06-23,Pre-Mission Inspection,Naik Mech,16,"Starter Motor, Battery",11958,1
ML-7875,EQ-1963,B07,2026-04-18,Routine Preventive,Sergeant,4,"Brake Pads, Hydraulic Line",16267,1
ML-7876,EQ-1964,B02,2026-06-18,Pre-Mission Inspection,Warrant Officer,12,"Starter Motor, Battery",12806,1
ML-7877,EQ-1964,B02,2026-04-23,Emergency Repair,Warrant Officer,8,"Radiator Core, Coolant",15140,7
ML-7878,EQ-1964,B02,2026-02-11,Pre-Mission Inspection,Sergeant,6,"Starter Motor, Battery",17316,1
ML-7879,EQ-1964,B02,2025-12-15,Oil & Filter Overhaul,Havildar Tech,24,"Sensors, Wiring Harness",15510,1
ML-7880,EQ-1965,B03,2026-06-21,Corrective Repair,Warrant Officer,48,"Alternator, Belt Drive",22986,7
ML-7881,EQ-1965,B03,2026-05-14,Corrective Repair,Warrant Officer,12,"Tire Assembly, Hub Bearing",31441,5
ML-7882,EQ-1966,B04,2026-06-24,Corrective Repair,Havildar Tech,24,"Tire Assembly, Hub Bearing",81033,2
ML-7883,EQ-1966,B04,2026-04-22,Routine Preventive,Sergeant,48,"Radiator Core, Coolant",108520,1
ML-7884,EQ-1967,B01,2026-06-20,Emergency Repair,Naik Mech,24,"Injector Nozzle, Fuel Filter",12604,3
ML-7885,EQ-1967,B01,2026-04-18,Routine Preventive,Naik Mech,4,"Alternator, Belt Drive",15255,1
ML-7886,EQ-1967,B01,2026-02-23,Pre-Mission Inspection,Sergeant,8,"Radiator Core, Coolant",15047,1
ML-7887,EQ-1967,B01,2025-12-17,Routine Preventive,Naik Mech,8,"Injector Nozzle, Fuel Filter",11075,1
ML-7888,EQ-1968,B07,2026-07-01,Routine Preventive,Havildar Tech,8,"Starter Motor, Battery",23961,1
ML-7889,EQ-1968,B07,2026-05-06,Pre-Mission Inspection,Naik Mech,12,"Brake Pads, Hydraulic Line",20558,1
ML-7890,EQ-1969,B02,2026-05-22,Emergency Repair,Warrant Officer,4,"Injector Nozzle, Fuel Filter",48405,5
ML-7891,EQ-1969,B02,2026-02-21,Pre-Mission Inspection,Naik Mech,24,"Starter Motor, Battery",49765,1
ML-7892,EQ-1969,B02,2025-11-08,Corrective Repair,Warrant Officer,6,"Alternator, Belt Drive",60467,1
ML-7893,EQ-1969,B02,2025-08-24,Routine Preventive,Naik Mech,8,"Oil Filter, Gaskets",66189,1
ML-7894,EQ-1970,B07,2026-06-22,Corrective Repair,Warrant Officer,16,"Oil Filter, Gaskets",111115,1
ML-7895,EQ-1970,B07,2026-04-06,Pre-Mission Inspection,Naik Mech,12,"Radiator Core, Coolant",77375,1
ML-7896,EQ-1970,B07,2026-02-06,Emergency Repair,Havildar Tech,8,"Radiator Core, Coolant",104826,3
ML-7897,EQ-1970,B07,2025-12-21,Emergency Repair,Naik Mech,24,"Brake Pads, Hydraulic Line",76189,2
ML-7898,EQ-1971,B01,2026-05-27,Corrective Repair,Havildar Tech,8,"Injector Nozzle, Fuel Filter",39900,1
ML-7899,EQ-1971,B01,2026-03-12,Emergency Repair,Sergeant,6,"Tire Assembly, Hub Bearing",40667,2
ML-7900,EQ-1971,B01,2025-12-31,Pre-Mission Inspection,Warrant Officer,16,"Oil Filter, Gaskets",31839,1
ML-7901,EQ-1971,B01,2025-10-10,Routine Preventive,Sergeant,12,"Brake Pads, Hydraulic Line",34876,1
ML-7902,EQ-1972,B07,2026-06-07,Pre-Mission Inspection,Subedar Tech,12,"Injector Nozzle, Fuel Filter",13465,1
ML-7903,EQ-1972,B07,2026-04-11,Oil & Filter Overhaul,Warrant Officer,6,"Alternator, Belt Drive",15122,1
ML-7904,EQ-1972,B07,2026-02-04,Emergency Repair,Subedar Tech,6,"Alternator, Belt Drive",12114,5
ML-7905,EQ-1973,B07,2026-06-26,Routine Preventive,Naik Mech,12,"Oil Filter, Gaskets",24719,1
ML-7906,EQ-1973,B07,2026-05-18,Corrective Repair,Sergeant,8,"Injector Nozzle, Fuel Filter",26309,5
ML-7907,EQ-1973,B07,2026-04-02,Routine Preventive,Havildar Tech,24,"Injector Nozzle, Fuel Filter",27209,1
ML-7908,EQ-1973,B07,2026-02-06,Routine Preventive,Subedar Tech,6,"Radiator Core, Coolant",22508,1
ML-7909,EQ-1974,B02,2026-05-20,Routine Preventive,Sergeant,6,"Brake Pads, Hydraulic Line",56384,1
ML-7910,EQ-1974,B02,2026-02-18,Oil & Filter Overhaul,Naik Mech,48,"Injector Nozzle, Fuel Filter",50348,1
ML-7911,EQ-1975,B04,2026-06-18,Emergency Repair,Warrant Officer,24,"Alternator, Belt Drive",15157,5
ML-7912,EQ-1975,B04,2026-04-06,Oil & Filter Overhaul,Subedar Tech,12,"Injector Nozzle, Fuel Filter",10790,1
ML-7913,EQ-1975,B04,2026-02-12,Pre-Mission Inspection,Subedar Tech,12,"Sensors, Wiring Harness",13587,1
ML-7914,EQ-1975,B04,2025-12-09,Pre-Mission Inspection,Subedar Tech,24,"Oil Filter, Gaskets",12151,1
ML-7915,EQ-1976,B02,2026-05-21,Emergency Repair,Naik Mech,24,"Injector Nozzle, Fuel Filter",49443,3
ML-7916,EQ-1976,B02,2026-02-11,Emergency Repair,Havildar Tech,48,"Injector Nozzle, Fuel Filter",65135,3
ML-7917,EQ-1977,B03,2026-06-12,Pre-Mission Inspection,Naik Mech,24,"Tire Assembly, Hub Bearing",15834,1
ML-7918,EQ-1977,B03,2026-04-17,Routine Preventive,Naik Mech,16,"Alternator, Belt Drive",17306,1
ML-7919,EQ-1977,B03,2026-02-04,Routine Preventive,Sergeant,16,"Radiator Core, Coolant",15271,1
ML-7920,EQ-1977,B03,2025-12-13,Routine Preventive,Naik Mech,8,"Sensors, Wiring Harness",14898,1
ML-7921,EQ-1978,B05,2026-06-17,Routine Preventive,Naik Mech,16,"Oil Filter, Gaskets",14967,1
ML-7922,EQ-1978,B05,2026-04-20,Emergency Repair,Naik Mech,4,"Brake Pads, Hydraulic Line",17021,1
ML-7923,EQ-1978,B05,2026-02-08,Routine Preventive,Naik Mech,6,"Oil Filter, Gaskets",15880,1
ML-7924,EQ-1978,B05,2025-12-19,Corrective Repair,Havildar Tech,8,"Injector Nozzle, Fuel Filter",14612,2
ML-7925,EQ-1979,B02,2026-06-13,Routine Preventive,Warrant Officer,48,"Starter Motor, Battery",100505,1
ML-7926,EQ-1979,B02,2026-04-10,Routine Preventive,Havildar Tech,12,"Oil Filter, Gaskets",101964,1
ML-7927,EQ-1979,B02,2026-02-21,Emergency Repair,Warrant Officer,24,"Brake Pads, Hydraulic Line",102925,3
ML-7928,EQ-1979,B02,2025-12-20,Oil & Filter Overhaul,Sergeant,6,"Alternator, Belt Drive",110623,1
ML-7929,EQ-1980,B02,2026-06-08,Pre-Mission Inspection,Naik Mech,6,"Oil Filter, Gaskets",29771,1
ML-7930,EQ-1980,B02,2026-03-17,Corrective Repair,Naik Mech,16,"Brake Pads, Hydraulic Line",40626,2
ML-7931,EQ-1980,B02,2026-01-07,Routine Preventive,Subedar Tech,24,"Oil Filter, Gaskets",36014,1
ML-7932,EQ-1981,B07,2026-05-27,Corrective Repair,Sergeant,8,"Alternator, Belt Drive",37638,2
ML-7933,EQ-1981,B07,2026-03-21,Routine Preventive,Havildar Tech,12,"Oil Filter, Gaskets",45553,1
ML-7934,EQ-1982,B03,2026-07-08,Emergency Repair,Subedar Tech,8,"Brake Pads, Hydraulic Line",28515,2
ML-7935,EQ-1982,B03,2026-05-05,Oil & Filter Overhaul,Naik Mech,8,"Oil Filter, Gaskets",31714,1
ML-7936,EQ-1983,B01,2026-07-09,Routine Preventive,Warrant Officer,24,"Starter Motor, Battery",27780,1
ML-7937,EQ-1983,B01,2026-05-13,Oil & Filter Overhaul,Sergeant,8,"Oil Filter, Gaskets",23998,1
ML-7938,EQ-1984,B02,2026-05-13,Oil & Filter Overhaul,Havildar Tech,4,"Oil Filter, Gaskets",54901,1
ML-7939,EQ-1984,B02,2026-02-19,Routine Preventive,Havildar Tech,12,"Radiator Core, Coolant",48795,1
ML-7940,EQ-1985,B05,2026-07-07,Routine Preventive,Warrant Officer,48,"Alternator, Belt Drive",22558,1
ML-7941,EQ-1985,B05,2026-05-06,Pre-Mission Inspection,Havildar Tech,24,"Alternator, Belt Drive",20733,1
ML-7942,EQ-1985,B05,2026-04-03,Pre-Mission Inspection,Havildar Tech,24,"Brake Pads, Hydraulic Line",27559,1
ML-7943,EQ-1985,B05,2026-02-21,Oil & Filter Overhaul,Warrant Officer,48,"Alternator, Belt Drive",21717,1
ML-7944,EQ-1986,B04,2026-07-08,Pre-Mission Inspection,Havildar Tech,6,"Starter Motor, Battery",22101,1
ML-7945,EQ-1986,B04,2026-05-17,Oil & Filter Overhaul,Warrant Officer,8,"Starter Motor, Battery",29692,1
ML-7946,EQ-1986,B04,2026-03-25,Corrective Repair,Subedar Tech,12,"Tire Assembly, Hub Bearing",31936,2
ML-7947,EQ-1987,B05,2026-06-09,Corrective Repair,Subedar Tech,24,"Oil Filter, Gaskets",16755,1
ML-7948,EQ-1987,B05,2026-04-06,Emergency Repair,Naik Mech,16,"Sensors, Wiring Harness",12293,7
ML-7949,EQ-1987,B05,2026-02-08,Pre-Mission Inspection,Subedar Tech,12,"Alternator, Belt Drive",12744,1
ML-7950,EQ-1988,B02,2026-07-02,Corrective Repair,Havildar Tech,4,"Sensors, Wiring Harness",31710,1
ML-7951,EQ-1988,B02,2026-05-12,Routine Preventive,Havildar Tech,6,"Alternator, Belt Drive",25998,1
ML-7952,EQ-1989,B02,2026-05-29,Oil & Filter Overhaul,Naik Mech,24,"Brake Pads, Hydraulic Line",35689,1
ML-7953,EQ-1989,B02,2026-03-18,Routine Preventive,Havildar Tech,6,"Brake Pads, Hydraulic Line",45192,1
ML-7954,EQ-1989,B02,2025-12-27,Oil & Filter Overhaul,Sergeant,16,"Alternator, Belt Drive",35249,1
ML-7955,EQ-1990,B02,2026-06-27,Corrective Repair,Subedar Tech,16,"Tire Assembly, Hub Bearing",24205,5
ML-7956,EQ-1990,B02,2026-05-19,Oil & Filter Overhaul,Sergeant,24,"Tire Assembly, Hub Bearing",24666,1
ML-7957,EQ-1990,B02,2026-04-07,Routine Preventive,Warrant Officer,48,"Oil Filter, Gaskets",25153,1
ML-7958,EQ-1991,B02,2026-06-24,Oil & Filter Overhaul,Warrant Officer,4,"Injector Nozzle, Fuel Filter",15603,1
ML-7959,EQ-1991,B02,2026-04-16,Pre-Mission Inspection,Warrant Officer,6,"Tire Assembly, Hub Bearing",16840,1
ML-7960,EQ-1992,B08,2026-06-15,Routine Preventive,Sergeant,48,"Injector Nozzle, Fuel Filter",14799,1
ML-7961,EQ-1992,B08,2026-04-10,Emergency Repair,Subedar Tech,24,"Oil Filter, Gaskets",14734,1
ML-7962,EQ-1992,B08,2026-02-11,Emergency Repair,Havildar Tech,48,"Alternator, Belt Drive",11157,3
ML-7963,EQ-1993,B04,2026-06-21,Routine Preventive,Subedar Tech,4,"Sensors, Wiring Harness",16987,1
ML-7964,EQ-1993,B04,2026-04-06,Routine Preventive,Warrant Officer,6,"Radiator Core, Coolant",14392,1
ML-7965,EQ-1994,B04,2026-07-17,Routine Preventive,Subedar Tech,16,"Sensors, Wiring Harness",76759,1
ML-7966,EQ-1994,B04,2026-06-06,Pre-Mission Inspection,Sergeant,16,"Radiator Core, Coolant",65256,1
ML-7967,EQ-1995,B02,2026-05-26,Routine Preventive,Havildar Tech,12,"Alternator, Belt Drive",37026,1
ML-7968,EQ-1995,B02,2026-03-15,Pre-Mission Inspection,Havildar Tech,16,"Alternator, Belt Drive",39869,1
ML-7969,EQ-1995,B02,2025-12-31,Pre-Mission Inspection,Havildar Tech,8,"Starter Motor, Battery",28983,1
ML-7970,EQ-1996,B08,2026-05-25,Corrective Repair,Havildar Tech,8,"Brake Pads, Hydraulic Line",64738,1
ML-7971,EQ-1996,B08,2026-02-22,Corrective Repair,Naik Mech,6,"Sensors, Wiring Harness",54010,5
ML-7972,EQ-1996,B08,2025-11-17,Pre-Mission Inspection,Havildar Tech,8,"Brake Pads, Hydraulic Line",62935,1
ML-7973,EQ-1997,B07,2026-06-10,Oil & Filter Overhaul,Warrant Officer,12,"Radiator Core, Coolant",15593,1
ML-7974,EQ-1997,B07,2026-04-18,Pre-Mission Inspection,Subedar Tech,48,"Alternator, Belt Drive",13965,1
ML-7975,EQ-1998,B05,2026-07-19,Oil & Filter Overhaul,Naik Mech,16,"Sensors, Wiring Harness",73881,1
ML-7976,EQ-1998,B05,2026-06-18,Oil & Filter Overhaul,Sergeant,12,"Tire Assembly, Hub Bearing",79520,1
ML-7977,EQ-1998,B05,2026-05-07,Corrective Repair,Sergeant,6,"Oil Filter, Gaskets",73724,3
ML-7978,EQ-1998,B05,2026-04-17,Pre-Mission Inspection,Subedar Tech,4,"Oil Filter, Gaskets",53997,1
ML-7979,EQ-1999,B05,2026-05-18,Emergency Repair,Havildar Tech,16,"Alternator, Belt Drive",49609,3
ML-7980,EQ-1999,B05,2026-02-20,Routine Preventive,Subedar Tech,24,"Injector Nozzle, Fuel Filter",59887,1
ML-7981,EQ-1999,B05,2025-11-25,Emergency Repair,Naik Mech,6,"Oil Filter, Gaskets",54293,2
ML-7982,EQ-2000,B02,2026-05-23,Routine Preventive,Naik Mech,48,"Sensors, Wiring Harness",53497,1
ML-7983,EQ-2000,B02,2026-02-18,Routine Preventive,Sergeant,24,"Starter Motor, Battery",66814,1
ML-7984,EQ-2000,B02,2025-11-15,Corrective Repair,Warrant Officer,4,"Alternator, Belt Drive",48505,5
ML-7985,EQ-2000,B02,2025-08-27,Pre-Mission Inspection,Naik Mech,24,"Oil Filter, Gaskets",58355,1
ML-7986,EQ-2001,B01,2026-05-11,Oil & Filter Overhaul,Subedar Tech,8,"Radiator Core, Coolant",50765,1
ML-7987,EQ-2001,B01,2026-02-05,Pre-Mission Inspection,Havildar Tech,6,"Alternator, Belt Drive",64180,1
ML-7988,EQ-2001,B01,2025-11-07,Corrective Repair,Subedar Tech,48,"Alternator, Belt Drive",49533,1
ML-7989,EQ-2002,B01,2026-06-24,Oil & Filter Overhaul,Havildar Tech,6,"Sensors, Wiring Harness",13818,1
ML-7990,EQ-2002,B01,2026-04-12,Routine Preventive,Warrant Officer,48,"Sensors, Wiring Harness",11577,1
ML-7991,EQ-2002,B01,2026-02-10,Routine Preventive,Subedar Tech,4,"Radiator Core, Coolant",12559,1
ML-7992,EQ-2002,B01,2025-12-17,Corrective Repair,Havildar Tech,12,"Sensors, Wiring Harness",16227,5
ML-7993,EQ-2003,B08,2026-06-28,Emergency Repair,Havildar Tech,6,"Tire Assembly, Hub Bearing",27095,2
ML-7994,EQ-2003,B08,2026-05-14,Pre-Mission Inspection,Sergeant,16,"Alternator, Belt Drive",27609,1
ML-7995,EQ-2003,B08,2026-03-22,Pre-Mission Inspection,Subedar Tech,16,"Alternator, Belt Drive",32200,1
ML-7996,EQ-2003,B08,2026-02-22,Pre-Mission Inspection,Sergeant,24,"Radiator Core, Coolant",25470,1
ML-7997,EQ-2004,B01,2026-06-24,Emergency Repair,Havildar Tech,8,"Alternator, Belt Drive",27506,1
ML-7998,EQ-2004,B01,2026-05-09,Pre-Mission Inspection,Subedar Tech,48,"Tire Assembly, Hub Bearing",28160,1
ML-7999,EQ-2004,B01,2026-04-09,Emergency Repair,Warrant Officer,24,"Alternator, Belt Drive",22049,1
ML-8000,EQ-2005,B05,2026-07-01,Corrective Repair,Havildar Tech,12,"Oil Filter, Gaskets",29653,5
ML-8001,EQ-2005,B05,2026-05-22,Emergency Repair,Sergeant,8,"Oil Filter, Gaskets",23324,7
ML-8002,EQ-2006,B01,2026-07-08,Oil & Filter Overhaul,Subedar Tech,12,"Brake Pads, Hydraulic Line",25982,1
ML-8003,EQ-2006,B01,2026-05-11,Emergency Repair,Warrant Officer,8,"Radiator Core, Coolant",21849,1
ML-8004,EQ-2006,B01,2026-03-28,Routine Preventive,Sergeant,16,"Alternator, Belt Drive",25872,1
ML-8005,EQ-2007,B02,2026-05-29,Pre-Mission Inspection,Naik Mech,12,"Brake Pads, Hydraulic Line",36285,1
ML-8006,EQ-2007,B02,2026-03-24,Pre-Mission Inspection,Warrant Officer,24,"Sensors, Wiring Harness",46642,1
ML-8007,EQ-2008,B06,2026-05-29,Oil & Filter Overhaul,Naik Mech,24,"Oil Filter, Gaskets",31930,1
ML-8008,EQ-2008,B06,2026-03-14,Corrective Repair,Subedar Tech,48,"Injector Nozzle, Fuel Filter",39572,7
ML-8009,EQ-2009,B05,2026-05-11,Pre-Mission Inspection,Subedar Tech,24,"Oil Filter, Gaskets",67099,1
ML-8010,EQ-2009,B05,2026-02-13,Emergency Repair,Naik Mech,12,"Oil Filter, Gaskets",46772,2
ML-8011,EQ-2010,B02,2026-05-24,Emergency Repair,Naik Mech,24,"Injector Nozzle, Fuel Filter",46531,1
ML-8012,EQ-2010,B02,2026-02-18,Emergency Repair,Subedar Tech,8,"Injector Nozzle, Fuel Filter",60663,5
ML-8013,EQ-2010,B02,2025-11-20,Corrective Repair,Subedar Tech,8,"Injector Nozzle, Fuel Filter",60551,5
ML-8014,EQ-2010,B02,2025-08-26,Routine Preventive,Naik Mech,16,"Injector Nozzle, Fuel Filter",43860,1
ML-8015,EQ-2011,B06,2026-06-25,Corrective Repair,Warrant Officer,16,"Oil Filter, Gaskets",26794,5
ML-8016,EQ-2011,B06,2026-05-13,Emergency Repair,Naik Mech,12,"Alternator, Belt Drive",25590,7
ML-8017,EQ-2012,B01,2026-06-18,Routine Preventive,Naik Mech,24,"Starter Motor, Battery",12997,1
ML-8018,EQ-2012,B01,2026-04-21,Corrective Repair,Warrant Officer,24,"Radiator Core, Coolant",15509,3
ML-8019,EQ-2012,B01,2026-02-11,Routine Preventive,Naik Mech,4,"Radiator Core, Coolant",13729,1
ML-8020,EQ-2013,B01,2026-05-09,Routine Preventive,Subedar Tech,6,"Oil Filter, Gaskets",54073,1
ML-8021,EQ-2013,B01,2026-02-21,Emergency Repair,Warrant Officer,12,"Tire Assembly, Hub Bearing",48100,3
ML-8022,EQ-2014,B04,2026-06-06,Pre-Mission Inspection,Subedar Tech,4,"Injector Nozzle, Fuel Filter",15206,1
ML-8023,EQ-2014,B04,2026-04-08,Corrective Repair,Subedar Tech,16,"Alternator, Belt Drive",16508,3
ML-8024,EQ-2014,B04,2026-02-10,Emergency Repair,Havildar Tech,48,"Sensors, Wiring Harness",13926,2
ML-8025,EQ-2014,B04,2025-12-09,Oil & Filter Overhaul,Havildar Tech,12,"Radiator Core, Coolant",14310,1
ML-8026,EQ-2015,B06,2026-06-09,Routine Preventive,Naik Mech,16,"Alternator, Belt Drive",46172,1
ML-8027,EQ-2015,B06,2026-03-06,Routine Preventive,Sergeant,12,"Sensors, Wiring Harness",37495,1
ML-8028,EQ-2015,B06,2025-12-31,Pre-Mission Inspection,Warrant Officer,12,"Oil Filter, Gaskets",41454,1
ML-8029,EQ-2016,B04,2026-06-03,Oil & Filter Overhaul,Sergeant,6,"Alternator, Belt Drive",40996,1
ML-8030,EQ-2016,B04,2026-03-19,Emergency Repair,Warrant Officer,12,"Radiator Core, Coolant",47355,1
ML-8031,EQ-2017,B03,2026-06-05,Oil & Filter Overhaul,Warrant Officer,24,"Radiator Core, Coolant",10663,1
ML-8032,EQ-2017,B03,2026-04-08,Routine Preventive,Subedar Tech,12,"Starter Motor, Battery",15119,1
ML-8033,EQ-2017,B03,2026-02-08,Routine Preventive,Naik Mech,12,"Brake Pads, Hydraulic Line",17280,1
ML-8034,EQ-2018,B02,2026-06-06,Routine Preventive,Havildar Tech,16,"Tire Assembly, Hub Bearing",44458,1
ML-8035,EQ-2018,B02,2026-03-26,Routine Preventive,Warrant Officer,16,"Oil Filter, Gaskets",30215,1
ML-8036,EQ-2018,B02,2026-01-04,Emergency Repair,Warrant Officer,8,"Alternator, Belt Drive",38606,2
ML-8037,EQ-2019,B04,2026-07-24,Corrective Repair,Subedar Tech,6,"Alternator, Belt Drive",64640,1
ML-8038,EQ-2019,B04,2026-06-21,Corrective Repair,Subedar Tech,16,"Oil Filter, Gaskets",55652,7
ML-8039,EQ-2020,B02,2026-07-11,Routine Preventive,Warrant Officer,12,"Sensors, Wiring Harness",86365,1
ML-8040,EQ-2020,B02,2026-06-19,Routine Preventive,Naik Mech,16,"Radiator Core, Coolant",81396,1
ML-8041,EQ-2020,B02,2026-05-16,Pre-Mission Inspection,Naik Mech,6,"Tire Assembly, Hub Bearing",53269,1
ML-8042,EQ-2020,B02,2026-04-08,Routine Preventive,Sergeant,8,"Starter Motor, Battery",68424,1
ML-8043,EQ-2021,B01,2026-06-07,Routine Preventive,Havildar Tech,6,"Starter Motor, Battery",12864,1
ML-8044,EQ-2021,B01,2026-04-10,Emergency Repair,Warrant Officer,4,"Radiator Core, Coolant",14126,5
ML-8045,EQ-2022,B06,2026-05-09,Routine Preventive,Naik Mech,6,"Starter Motor, Battery",57280,1
ML-8046,EQ-2022,B06,2026-02-11,Pre-Mission Inspection,Warrant Officer,12,"Tire Assembly, Hub Bearing",41142,1
ML-8047,EQ-2022,B06,2025-11-23,Oil & Filter Overhaul,Sergeant,24,"Injector Nozzle, Fuel Filter",56498,1
ML-8048,EQ-2023,B03,2026-05-31,Oil & Filter Overhaul,Naik Mech,8,"Injector Nozzle, Fuel Filter",47086,1
ML-8049,EQ-2023,B03,2026-03-13,Routine Preventive,Sergeant,16,"Oil Filter, Gaskets",41142,1
ML-8050,EQ-2023,B03,2025-12-30,Routine Preventive,Subedar Tech,48,"Brake Pads, Hydraulic Line",46632,1
ML-8051,EQ-2024,B05,2026-05-19,Pre-Mission Inspection,Naik Mech,6,"Brake Pads, Hydraulic Line",54105,1
ML-8052,EQ-2024,B05,2026-02-16,Corrective Repair,Warrant Officer,24,"Oil Filter, Gaskets",52255,3
ML-8053,EQ-2024,B05,2025-11-10,Oil & Filter Overhaul,Subedar Tech,4,"Starter Motor, Battery",65961,1
ML-8054,EQ-2024,B05,2025-08-16,Pre-Mission Inspection,Sergeant,6,"Starter Motor, Battery",46152,1
ML-8055,EQ-2025,B01,2026-06-16,Emergency Repair,Havildar Tech,24,"Injector Nozzle, Fuel Filter",17468,5
ML-8056,EQ-2025,B01,2026-04-22,Corrective Repair,Sergeant,24,"Sensors, Wiring Harness",15197,5
ML-8057,EQ-2026,B04,2026-05-22,Pre-Mission Inspection,Subedar Tech,6,"Injector Nozzle, Fuel Filter",61828,1
ML-8058,EQ-2026,B04,2026-02-22,Corrective Repair,Naik Mech,24,"Injector Nozzle, Fuel Filter",61177,7
ML-8059,EQ-2027,B05,2026-06-16,Oil & Filter Overhaul,Warrant Officer,4,"Starter Motor, Battery",15890,1
ML-8060,EQ-2027,B05,2026-04-18,Emergency Repair,Warrant Officer,6,"Injector Nozzle, Fuel Filter",10817,2
ML-8061,EQ-2028,B02,2026-06-19,Emergency Repair,Subedar Tech,12,"Radiator Core, Coolant",16471,2
ML-8062,EQ-2028,B02,2026-04-16,Corrective Repair,Havildar Tech,4,"Injector Nozzle, Fuel Filter",13637,7
ML-8063,EQ-2028,B02,2026-02-19,Corrective Repair,Sergeant,16,"Tire Assembly, Hub Bearing",16475,7
ML-8064,EQ-2029,B06,2026-06-27,Emergency Repair,Subedar Tech,4,"Alternator, Belt Drive",24513,7
ML-8065,EQ-2029,B06,2026-05-23,Oil & Filter Overhaul,Naik Mech,12,"Starter Motor, Battery",28738,1
ML-8066,EQ-2030,B07,2026-06-19,Corrective Repair,Naik Mech,16,"Sensors, Wiring Harness",24773,7
ML-8067,EQ-2030,B07,2026-05-14,Routine Preventive,Sergeant,48,"Brake Pads, Hydraulic Line",21402,1
ML-8068,EQ-2030,B07,2026-04-01,Emergency Repair,Warrant Officer,4,"Oil Filter, Gaskets",27357,1
ML-8069,EQ-2030,B07,2026-02-23,Oil & Filter Overhaul,Warrant Officer,12,"Oil Filter, Gaskets",22811,1
ML-8070,EQ-2031,B04,2026-07-02,Emergency Repair,Subedar Tech,6,"Brake Pads, Hydraulic Line",31598,1
ML-8071,EQ-2031,B04,2026-05-20,Corrective Repair,Sergeant,8,"Injector Nozzle, Fuel Filter",32427,7
ML-8072,EQ-2031,B04,2026-04-04,Routine Preventive,Warrant Officer,24,"Alternator, Belt Drive",24974,1
ML-8073,EQ-2032,B01,2026-06-09,Pre-Mission Inspection,Subedar Tech,8,"Tire Assembly, Hub Bearing",15877,1
ML-8074,EQ-2032,B01,2026-04-14,Corrective Repair,Sergeant,48,"Brake Pads, Hydraulic Line",12381,7
ML-8075,EQ-2033,B05,2026-06-11,Routine Preventive,Subedar Tech,6,"Radiator Core, Coolant",14800,1
ML-8076,EQ-2033,B05,2026-04-24,Oil & Filter Overhaul,Sergeant,6,"Injector Nozzle, Fuel Filter",13905,1
ML-8077,EQ-2034,B01,2026-06-02,Oil & Filter Overhaul,Naik Mech,12,"Radiator Core, Coolant",37910,1
ML-8078,EQ-2034,B01,2026-03-07,Pre-Mission Inspection,Subedar Tech,8,"Injector Nozzle, Fuel Filter",39821,1
ML-8079,EQ-2034,B01,2025-12-25,Pre-Mission Inspection,Warrant Officer,6,"Oil Filter, Gaskets",29258,1
ML-8080,EQ-2034,B01,2025-10-07,Pre-Mission Inspection,Warrant Officer,4,"Alternator, Belt Drive",33662,1
ML-8081,EQ-2035,B05,2026-06-10,Pre-Mission Inspection,Havildar Tech,4,"Oil Filter, Gaskets",95074,1
ML-8082,EQ-2035,B05,2026-04-10,Pre-Mission Inspection,Naik Mech,8,"Tire Assembly, Hub Bearing",84084,1
ML-8083,EQ-2036,B04,2026-06-20,Emergency Repair,Naik Mech,12,"Oil Filter, Gaskets",25394,2
ML-8084,EQ-2036,B04,2026-05-13,Emergency Repair,Subedar Tech,4,"Alternator, Belt Drive",25395,1
ML-8085,EQ-2036,B04,2026-04-06,Corrective Repair,Warrant Officer,4,"Oil Filter, Gaskets",20488,7
ML-8086,EQ-2037,B04,2026-06-26,Corrective Repair,Havildar Tech,16,"Oil Filter, Gaskets",27800,5
ML-8087,EQ-2037,B04,2026-05-19,Emergency Repair,Subedar Tech,16,"Brake Pads, Hydraulic Line",25685,2
ML-8088,EQ-2037,B04,2026-04-02,Corrective Repair,Subedar Tech,16,"Brake Pads, Hydraulic Line",31411,2
ML-8089,EQ-2038,B03,2026-06-02,Routine Preventive,Havildar Tech,48,"Oil Filter, Gaskets",34328,1
ML-8090,EQ-2038,B03,2026-03-18,Oil & Filter Overhaul,Warrant Officer,16,"Tire Assembly, Hub Bearing",40482,1
ML-8091,EQ-2038,B03,2025-12-31,Emergency Repair,Warrant Officer,12,"Starter Motor, Battery",33992,1
ML-8092,EQ-2039,B02,2026-07-01,Emergency Repair,Sergeant,12,"Starter Motor, Battery",20680,7
ML-8093,EQ-2039,B02,2026-05-22,Oil & Filter Overhaul,Havildar Tech,16,"Oil Filter, Gaskets",32577,1
ML-8094,EQ-2039,B02,2026-03-26,Pre-Mission Inspection,Subedar Tech,8,"Sensors, Wiring Harness",33156,1
ML-8095,EQ-2039,B02,2026-02-18,Routine Preventive,Sergeant,48,"Injector Nozzle, Fuel Filter",20818,1
ML-8096,EQ-2040,B05,2026-06-26,Emergency Repair,Subedar Tech,4,"Injector Nozzle, Fuel Filter",26330,5
ML-8097,EQ-2040,B05,2026-05-20,Pre-Mission Inspection,Havildar Tech,4,"Injector Nozzle, Fuel Filter",27649,1
ML-8098,EQ-2040,B05,2026-04-05,Corrective Repair,Subedar Tech,48,"Radiator Core, Coolant",31613,7
ML-8099,EQ-2040,B05,2026-02-06,Pre-Mission Inspection,Subedar Tech,12,"Oil Filter, Gaskets",21244,1
ML-8100,EQ-2041,B01,2026-06-26,Oil & Filter Overhaul,Sergeant,48,"Alternator, Belt Drive",30318,1
ML-8101,EQ-2041,B01,2026-05-22,Routine Preventive,Havildar Tech,8,"Oil Filter, Gaskets",23976,1
ML-8102,EQ-2042,B05,2026-06-19,Oil & Filter Overhaul,Naik Mech,16,"Radiator Core, Coolant",15664,1
ML-8103,EQ-2042,B05,2026-04-11,Oil & Filter Overhaul,Sergeant,24,"Alternator, Belt Drive",16977,1
ML-8104,EQ-2043,B05,2026-06-22,Emergency Repair,Havildar Tech,24,"Starter Motor, Battery",29669,1
ML-8105,EQ-2043,B05,2026-05-15,Oil & Filter Overhaul,Sergeant,16,"Injector Nozzle, Fuel Filter",22875,1
ML-8106,EQ-2043,B05,2026-04-09,Emergency Repair,Havildar Tech,24,"Tire Assembly, Hub Bearing",30908,7
ML-8107,EQ-2044,B02,2026-07-09,Pre-Mission Inspection,Warrant Officer,6,"Tire Assembly, Hub Bearing",26179,1
ML-8108,EQ-2044,B02,2026-05-22,Routine Preventive,Warrant Officer,6,"Radiator Core, Coolant",26195,1
ML-8109,EQ-2044,B02,2026-04-01,Corrective Repair,Sergeant,24,"Tire Assembly, Hub Bearing",22755,7
ML-8110,EQ-2045,B07,2026-07-01,Emergency Repair,Havildar Tech,6,"Radiator Core, Coolant",32092,3
ML-8111,EQ-2045,B07,2026-05-13,Routine Preventive,Naik Mech,16,"Injector Nozzle, Fuel Filter",31051,1
ML-8112,EQ-2045,B07,2026-03-28,Oil & Filter Overhaul,Subedar Tech,12,"Brake Pads, Hydraulic Line",28588,1
ML-8113,EQ-2046,B01,2026-06-04,Emergency Repair,Sergeant,6,"Brake Pads, Hydraulic Line",80607,3
ML-8114,EQ-2046,B01,2026-04-18,Pre-Mission Inspection,Warrant Officer,24,"Injector Nozzle, Fuel Filter",87908,1
ML-8115,EQ-2047,B07,2026-05-13,Corrective Repair,Warrant Officer,8,"Radiator Core, Coolant",48630,1
ML-8116,EQ-2047,B07,2026-02-14,Oil & Filter Overhaul,Subedar Tech,12,"Oil Filter, Gaskets",43945,1
ML-8117,EQ-2047,B07,2025-11-11,Routine Preventive,Sergeant,6,"Radiator Core, Coolant",41021,1
ML-8118,EQ-2047,B07,2025-08-16,Oil & Filter Overhaul,Havildar Tech,48,"Alternator, Belt Drive",54834,1
ML-8119,EQ-2048,B01,2026-06-06,Routine Preventive,Sergeant,12,"Radiator Core, Coolant",16623,1
ML-8120,EQ-2048,B01,2026-04-19,Pre-Mission Inspection,Subedar Tech,16,"Alternator, Belt Drive",13888,1
ML-8121,EQ-2048,B01,2026-02-18,Corrective Repair,Subedar Tech,6,"Tire Assembly, Hub Bearing",11085,3
ML-8122,EQ-2049,B06,2026-05-18,Oil & Filter Overhaul,Warrant Officer,6,"Injector Nozzle, Fuel Filter",44790,1
ML-8123,EQ-2049,B06,2026-02-23,Routine Preventive,Havildar Tech,16,"Brake Pads, Hydraulic Line",60374,1
ML-8124,EQ-2049,B06,2025-11-18,Pre-Mission Inspection,Warrant Officer,4,"Injector Nozzle, Fuel Filter",54739,1
ML-8125,EQ-2050,B01,2026-07-06,Routine Preventive,Havildar Tech,16,"Starter Motor, Battery",26835,1
ML-8126,EQ-2050,B01,2026-05-09,Oil & Filter Overhaul,Sergeant,8,"Oil Filter, Gaskets",31642,1
ML-8127,EQ-2050,B01,2026-04-09,Corrective Repair,Naik Mech,8,"Oil Filter, Gaskets",27613,3
ML-8128,EQ-2050,B01,2026-02-24,Routine Preventive,Subedar Tech,4,"Brake Pads, Hydraulic Line",24886,1
ML-8129,EQ-2051,B03,2026-06-07,Emergency Repair,Warrant Officer,8,"Sensors, Wiring Harness",31906,3
ML-8130,EQ-2051,B03,2026-03-22,Pre-Mission Inspection,Sergeant,6,"Radiator Core, Coolant",38356,1
ML-8131,EQ-2051,B03,2026-01-04,Emergency Repair,Subedar Tech,6,"Oil Filter, Gaskets",36315,7
ML-8132,EQ-2051,B03,2025-10-11,Pre-Mission Inspection,Subedar Tech,48,"Alternator, Belt Drive",44301,1
ML-8133,EQ-2052,B04,2026-06-09,Corrective Repair,Havildar Tech,16,"Brake Pads, Hydraulic Line",112016,3
ML-8134,EQ-2052,B04,2026-04-07,Oil & Filter Overhaul,Naik Mech,48,"Oil Filter, Gaskets",101404,1
ML-8135,EQ-2052,B04,2026-02-08,Oil & Filter Overhaul,Havildar Tech,48,"Sensors, Wiring Harness",98888,1
ML-8136,EQ-2053,B03,2026-05-22,Corrective Repair,Sergeant,12,"Brake Pads, Hydraulic Line",65004,3
ML-8137,EQ-2053,B03,2026-02-13,Routine Preventive,Sergeant,8,"Sensors, Wiring Harness",53736,1
ML-8138,EQ-2053,B03,2025-11-26,Pre-Mission Inspection,Naik Mech,48,"Starter Motor, Battery",58958,1
ML-8139,EQ-2054,B02,2026-06-03,Corrective Repair,Warrant Officer,24,"Sensors, Wiring Harness",32224,5
ML-8140,EQ-2054,B02,2026-03-21,Routine Preventive,Naik Mech,12,"Starter Motor, Battery",31496,1
ML-8141,EQ-2054,B02,2025-12-26,Pre-Mission Inspection,Naik Mech,8,"Brake Pads, Hydraulic Line",35266,1
ML-8142,EQ-2054,B02,2025-10-08,Oil & Filter Overhaul,Warrant Officer,24,"Radiator Core, Coolant",42729,1
ML-8143,EQ-2055,B06,2026-06-06,Oil & Filter Overhaul,Naik Mech,12,"Starter Motor, Battery",85632,1
ML-8144,EQ-2055,B06,2026-04-17,Corrective Repair,Sergeant,48,"Alternator, Belt Drive",76713,1
ML-8145,EQ-2055,B06,2026-02-24,Routine Preventive,Sergeant,6,"Starter Motor, Battery",106984,1
ML-8146,EQ-2056,B03,2026-06-25,Routine Preventive,Havildar Tech,6,"Sensors, Wiring Harness",31569,1
ML-8147,EQ-2056,B03,2026-05-05,Pre-Mission Inspection,Subedar Tech,12,"Tire Assembly, Hub Bearing",27610,1
ML-8148,EQ-2057,B04,2026-06-08,Routine Preventive,Havildar Tech,8,"Injector Nozzle, Fuel Filter",14238,1
ML-8149,EQ-2057,B04,2026-04-16,Corrective Repair,Warrant Officer,12,"Oil Filter, Gaskets",14243,2
ML-8150,EQ-2058,B04,2026-06-23,Emergency Repair,Havildar Tech,8,"Tire Assembly, Hub Bearing",30849,5
ML-8151,EQ-2058,B04,2026-05-07,Pre-Mission Inspection,Naik Mech,24,"Starter Motor, Battery",29660,1
ML-8152,EQ-2058,B04,2026-03-25,Corrective Repair,Subedar Tech,6,"Oil Filter, Gaskets",24892,3
ML-8153,EQ-2058,B04,2026-02-11,Pre-Mission Inspection,Subedar Tech,12,"Tire Assembly, Hub Bearing",21472,1
ML-8154,EQ-2059,B03,2026-06-05,Pre-Mission Inspection,Subedar Tech,4,"Brake Pads, Hydraulic Line",42069,1
ML-8155,EQ-2059,B03,2026-03-12,Routine Preventive,Havildar Tech,24,"Radiator Core, Coolant",32133,1
ML-8156,EQ-2059,B03,2025-12-22,Emergency Repair,Sergeant,6,"Tire Assembly, Hub Bearing",34150,5
ML-8157,EQ-2059,B03,2025-10-23,Oil & Filter Overhaul,Subedar Tech,6,"Sensors, Wiring Harness",36399,1
ML-8158,EQ-2060,B06,2026-07-08,Oil & Filter Overhaul,Warrant Officer,8,"Brake Pads, Hydraulic Line",25615,1
ML-8159,EQ-2060,B06,2026-05-15,Pre-Mission Inspection,Havildar Tech,4,"Alternator, Belt Drive",28137,1
ML-8160,EQ-2060,B06,2026-03-23,Routine Preventive,Sergeant,12,"Brake Pads, Hydraulic Line",29630,1
ML-8161,EQ-2060,B06,2026-02-24,Pre-Mission Inspection,Warrant Officer,8,"Radiator Core, Coolant",20420,1
ML-8162,EQ-2061,B07,2026-06-10,Oil & Filter Overhaul,Havildar Tech,12,"Injector Nozzle, Fuel Filter",11479,1
ML-8163,EQ-2061,B07,2026-04-20,Corrective Repair,Naik Mech,48,"Alternator, Belt Drive",15111,3
ML-8164,EQ-2062,B02,2026-05-23,Routine Preventive,Naik Mech,12,"Tire Assembly, Hub Bearing",47578,1
ML-8165,EQ-2062,B02,2026-02-08,Routine Preventive,Sergeant,48,"Sensors, Wiring Harness",41587,1
ML-8166,EQ-2062,B02,2025-11-07,Emergency Repair,Warrant Officer,48,"Alternator, Belt Drive",41730,5
ML-8167,EQ-2062,B02,2025-08-09,Emergency Repair,Naik Mech,48,"Alternator, Belt Drive",60941,1
ML-8168,EQ-2063,B03,2026-07-10,Corrective Repair,Subedar Tech,12,"Tire Assembly, Hub Bearing",77512,1
ML-8169,EQ-2063,B03,2026-06-09,Routine Preventive,Warrant Officer,48,"Brake Pads, Hydraulic Line",85762,1
ML-8170,EQ-2063,B03,2026-05-20,Emergency Repair,Warrant Officer,6,"Alternator, Belt Drive",70520,3
ML-8171,EQ-2063,B03,2026-04-12,Emergency Repair,Havildar Tech,4,"Injector Nozzle, Fuel Filter",78246,3
ML-8172,EQ-2064,B04,2026-06-29,Routine Preventive,Havildar Tech,12,"Starter Motor, Battery",25590,1
ML-8173,EQ-2064,B04,2026-05-05,Routine Preventive,Havildar Tech,12,"Injector Nozzle, Fuel Filter",25599,1
ML-8174,EQ-2064,B04,2026-03-30,Routine Preventive,Warrant Officer,12,"Alternator, Belt Drive",29360,1
ML-8175,EQ-2064,B04,2026-02-08,Oil & Filter Overhaul,Sergeant,24,"Oil Filter, Gaskets",26502,1
ML-8176,EQ-2065,B01,2026-06-14,Emergency Repair,Warrant Officer,16,"Sensors, Wiring Harness",14617,5
ML-8177,EQ-2065,B01,2026-04-24,Emergency Repair,Havildar Tech,8,"Oil Filter, Gaskets",12925,2
ML-8178,EQ-2065,B01,2026-02-06,Oil & Filter Overhaul,Subedar Tech,12,"Brake Pads, Hydraulic Line",16949,1
ML-8179,EQ-2065,B01,2025-12-09,Routine Preventive,Havildar Tech,48,"Tire Assembly, Hub Bearing",11883,1
ML-8180,EQ-2066,B05,2026-07-01,Routine Preventive,Sergeant,24,"Radiator Core, Coolant",22680,1
ML-8181,EQ-2066,B05,2026-05-14,Emergency Repair,Warrant Officer,48,"Brake Pads, Hydraulic Line",30913,3
ML-8182,EQ-2066,B05,2026-03-31,Corrective Repair,Subedar Tech,6,"Injector Nozzle, Fuel Filter",27765,3
ML-8183,EQ-2066,B05,2026-02-20,Routine Preventive,Warrant Officer,8,"Tire Assembly, Hub Bearing",29518,1
ML-8184,EQ-2067,B02,2026-07-09,Emergency Repair,Subedar Tech,12,"Alternator, Belt Drive",84863,5
ML-8185,EQ-2067,B02,2026-06-16,Emergency Repair,Naik Mech,8,"Oil Filter, Gaskets",75747,7
ML-8186,EQ-2067,B02,2026-05-18,Pre-Mission Inspection,Subedar Tech,4,"Brake Pads, Hydraulic Line",56202,1
ML-8187,EQ-2068,B05,2026-06-07,Emergency Repair,Sergeant,48,"Sensors, Wiring Harness",16741,5
ML-8188,EQ-2068,B05,2026-04-17,Pre-Mission Inspection,Naik Mech,12,"Brake Pads, Hydraulic Line",12368,1
ML-8189,EQ-2068,B05,2026-02-10,Emergency Repair,Naik Mech,48,"Sensors, Wiring Harness",14278,5
ML-8190,EQ-2068,B05,2025-12-06,Corrective Repair,Naik Mech,48,"Radiator Core, Coolant",12657,2
ML-8191,EQ-2069,B02,2026-05-19,Corrective Repair,Subedar Tech,24,"Tire Assembly, Hub Bearing",55304,3
ML-8192,EQ-2069,B02,2026-02-23,Pre-Mission Inspection,Subedar Tech,6,"Brake Pads, Hydraulic Line",49330,1
ML-8193,EQ-2069,B02,2025-11-26,Oil & Filter Overhaul,Warrant Officer,24,"Oil Filter, Gaskets",49234,1
ML-8194,EQ-2070,B01,2026-05-07,Emergency Repair,Subedar Tech,16,"Brake Pads, Hydraulic Line",43832,5
ML-8195,EQ-2070,B01,2026-02-17,Pre-Mission Inspection,Warrant Officer,8,"Starter Motor, Battery",51066,1
ML-8196,EQ-2070,B01,2025-11-06,Oil & Filter Overhaul,Sergeant,8,"Tire Assembly, Hub Bearing",54758,1
ML-8197,EQ-2071,B05,2026-07-04,Emergency Repair,Warrant Officer,8,"Tire Assembly, Hub Bearing",24874,3
ML-8198,EQ-2071,B05,2026-05-18,Corrective Repair,Naik Mech,6,"Brake Pads, Hydraulic Line",26189,7
ML-8199,EQ-2071,B05,2026-04-02,Emergency Repair,Havildar Tech,12,"Radiator Core, Coolant",27200,7
ML-8200,EQ-2072,B01,2026-07-02,Oil & Filter Overhaul,Havildar Tech,16,"Radiator Core, Coolant",25413,1
ML-8201,EQ-2072,B01,2026-05-15,Oil & Filter Overhaul,Subedar Tech,4,"Starter Motor, Battery",30027,1
ML-8202,EQ-2072,B01,2026-04-05,Routine Preventive,Naik Mech,6,"Tire Assembly, Hub Bearing",24233,1
ML-8203,EQ-2073,B02,2026-06-08,Pre-Mission Inspection,Warrant Officer,24,"Brake Pads, Hydraulic Line",11903,1
ML-8204,EQ-2073,B02,2026-04-25,Oil & Filter Overhaul,Warrant Officer,16,"Tire Assembly, Hub Bearing",14236,1
ML-8205,EQ-2074,B04,2026-06-09,Oil & Filter Overhaul,Havildar Tech,12,"Radiator Core, Coolant",102980,1
ML-8206,EQ-2074,B04,2026-04-24,Oil & Filter Overhaul,Havildar Tech,8,"Alternator, Belt Drive",104326,1
ML-8207,EQ-2074,B04,2026-02-10,Corrective Repair,Sergeant,16,"Sensors, Wiring Harness",105173,1
ML-8208,EQ-2074,B04,2025-12-24,Corrective Repair,Naik Mech,12,"Starter Motor, Battery",73054,5
ML-8209,EQ-2075,B03,2026-05-11,Routine Preventive,Warrant Officer,16,"Alternator, Belt Drive",58503,1
ML-8210,EQ-2075,B03,2026-02-14,Pre-Mission Inspection,Havildar Tech,48,"Starter Motor, Battery",59592,1
ML-8211,EQ-2075,B03,2025-11-15,Pre-Mission Inspection,Warrant Officer,12,"Radiator Core, Coolant",45969,1
ML-8212,EQ-2075,B03,2025-08-24,Routine Preventive,Warrant Officer,6,"Radiator Core, Coolant",52346,1
ML-8213,EQ-2076,B05,2026-05-30,Routine Preventive,Subedar Tech,16,"Injector Nozzle, Fuel Filter",33096,1
ML-8214,EQ-2076,B05,2026-03-08,Emergency Repair,Havildar Tech,4,"Starter Motor, Battery",32091,5
ML-8215,EQ-2076,B05,2026-01-03,Pre-Mission Inspection,Havildar Tech,12,"Starter Motor, Battery",28947,1
ML-8216,EQ-2076,B05,2025-10-11,Emergency Repair,Sergeant,6,"Oil Filter, Gaskets",35856,3
ML-8217,EQ-2077,B05,2026-06-30,Emergency Repair,Warrant Officer,4,"Radiator Core, Coolant",21726,2
ML-8218,EQ-2077,B05,2026-05-14,Corrective Repair,Subedar Tech,8,"Oil Filter, Gaskets",33299,7
ML-8219,EQ-2077,B05,2026-03-21,Routine Preventive,Sergeant,16,"Brake Pads, Hydraulic Line",28516,1
ML-8220,EQ-2078,B07,2026-06-06,Routine Preventive,Sergeant,12,"Sensors, Wiring Harness",83689,1
ML-8221,EQ-2078,B07,2026-04-22,Routine Preventive,Subedar Tech,24,"Brake Pads, Hydraulic Line",92264,1
ML-8222,EQ-2078,B07,2026-02-04,Routine Preventive,Naik Mech,12,"Sensors, Wiring Harness",89394,1
ML-8223,EQ-2079,B04,2026-06-23,Pre-Mission Inspection,Subedar Tech,12,"Alternator, Belt Drive",16997,1
ML-8224,EQ-2079,B04,2026-04-06,Pre-Mission Inspection,Havildar Tech,12,"Radiator Core, Coolant",12288,1
ML-8225,EQ-2079,B04,2026-02-17,Pre-Mission Inspection,Naik Mech,12,"Starter Motor, Battery",16046,1
ML-8226,EQ-2079,B04,2025-12-14,Oil & Filter Overhaul,Subedar Tech,6,"Injector Nozzle, Fuel Filter",12638,1
ML-8227,EQ-2080,B02,2026-07-08,Corrective Repair,Sergeant,8,"Radiator Core, Coolant",30031,7
ML-8228,EQ-2080,B02,2026-05-25,Emergency Repair,Naik Mech,48,"Sensors, Wiring Harness",24006,3
ML-8229,EQ-2081,B01,2026-06-04,Corrective Repair,Sergeant,12,"Brake Pads, Hydraulic Line",14375,1
ML-8230,EQ-2081,B01,2026-04-14,Oil & Filter Overhaul,Subedar Tech,12,"Alternator, Belt Drive",11000,1
ML-8231,EQ-2082,B07,2026-05-05,Oil & Filter Overhaul,Subedar Tech,8,"Tire Assembly, Hub Bearing",56227,1
ML-8232,EQ-2082,B07,2026-02-23,Routine Preventive,Warrant Officer,24,"Tire Assembly, Hub Bearing",55461,1
ML-8233,EQ-2082,B07,2025-11-19,Emergency Repair,Havildar Tech,4,"Radiator Core, Coolant",58013,5
ML-8234,EQ-2082,B07,2025-08-27,Routine Preventive,Subedar Tech,6,"Sensors, Wiring Harness",64396,1
ML-8235,EQ-2083,B06,2026-07-22,Corrective Repair,Warrant Officer,48,"Brake Pads, Hydraulic Line",75201,7
ML-8236,EQ-2083,B06,2026-06-23,Emergency Repair,Naik Mech,16,"Tire Assembly, Hub Bearing",61371,1
ML-8237,EQ-2083,B06,2026-05-06,Emergency Repair,Naik Mech,16,"Starter Motor, Battery",59156,7
ML-8238,EQ-2084,B03,2026-05-14,Corrective Repair,Warrant Officer,4,"Starter Motor, Battery",49815,2
ML-8239,EQ-2084,B03,2026-02-22,Oil & Filter Overhaul,Subedar Tech,8,"Brake Pads, Hydraulic Line",46286,1
ML-8240,EQ-2084,B03,2025-11-24,Oil & Filter Overhaul,Naik Mech,16,"Radiator Core, Coolant",63041,1
ML-8241,EQ-2085,B07,2026-07-03,Pre-Mission Inspection,Naik Mech,24,"Injector Nozzle, Fuel Filter",24450,1
ML-8242,EQ-2085,B07,2026-05-10,Corrective Repair,Warrant Officer,4,"Starter Motor, Battery",27389,5
ML-8243,EQ-2086,B01,2026-06-04,Pre-Mission Inspection,Naik Mech,48,"Alternator, Belt Drive",15481,1
ML-8244,EQ-2086,B01,2026-04-07,Routine Preventive,Naik Mech,16,"Starter Motor, Battery",12615,1
ML-8245,EQ-2086,B01,2026-02-11,Corrective Repair,Warrant Officer,24,"Tire Assembly, Hub Bearing",13986,5
ML-8246,EQ-2087,B04,2026-06-20,Routine Preventive,Naik Mech,6,"Alternator, Belt Drive",20595,1
ML-8247,EQ-2087,B04,2026-05-08,Corrective Repair,Havildar Tech,6,"Starter Motor, Battery",29383,3
ML-8248,EQ-2087,B04,2026-04-07,Emergency Repair,Subedar Tech,4,"Sensors, Wiring Harness",27159,7
ML-8249,EQ-2088,B06,2026-06-09,Emergency Repair,Naik Mech,4,"Radiator Core, Coolant",14366,3
ML-8250,EQ-2088,B06,2026-04-23,Routine Preventive,Warrant Officer,16,"Brake Pads, Hydraulic Line",16539,1
ML-8251,EQ-2088,B06,2026-02-11,Corrective Repair,Warrant Officer,12,"Injector Nozzle, Fuel Filter",10709,3
ML-8252,EQ-2088,B06,2025-12-25,Emergency Repair,Naik Mech,4,"Injector Nozzle, Fuel Filter",12616,2
ML-8253,EQ-2089,B02,2026-06-08,Pre-Mission Inspection,Sergeant,48,"Tire Assembly, Hub Bearing",30347,1
ML-8254,EQ-2089,B02,2026-03-11,Corrective Repair,Sergeant,4,"Sensors, Wiring Harness",46164,7
ML-8255,EQ-2089,B02,2026-01-08,Oil & Filter Overhaul,Naik Mech,16,"Tire Assembly, Hub Bearing",29595,1
ML-8256,EQ-2090,B07,2026-05-09,Oil & Filter Overhaul,Naik Mech,12,"Brake Pads, Hydraulic Line",58907,1
ML-8257,EQ-2090,B07,2026-02-06,Pre-Mission Inspection,Naik Mech,16,"Oil Filter, Gaskets",41272,1
ML-8258,EQ-2091,B01,2026-06-07,Routine Preventive,Naik Mech,16,"Injector Nozzle, Fuel Filter",16421,1
ML-8259,EQ-2091,B01,2026-04-20,Oil & Filter Overhaul,Naik Mech,16,"Brake Pads, Hydraulic Line",13800,1
ML-8260,EQ-2091,B01,2026-02-20,Corrective Repair,Naik Mech,48,"Starter Motor, Battery",14722,7
ML-8261,EQ-2091,B01,2025-12-12,Oil & Filter Overhaul,Havildar Tech,6,"Radiator Core, Coolant",15235,1
ML-8262,EQ-2092,B01,2026-06-21,Corrective Repair,Warrant Officer,8,"Sensors, Wiring Harness",22692,5
ML-8263,EQ-2092,B01,2026-05-06,Oil & Filter Overhaul,Subedar Tech,6,"Tire Assembly, Hub Bearing",31433,1
ML-8264,EQ-2092,B01,2026-03-21,Oil & Filter Overhaul,Subedar Tech,24,"Oil Filter, Gaskets",28974,1
ML-8265,EQ-2092,B01,2026-02-07,Routine Preventive,Havildar Tech,12,"Radiator Core, Coolant",23620,1
ML-8266,EQ-2093,B07,2026-05-12,Routine Preventive,Havildar Tech,8,"Oil Filter, Gaskets",56130,1
ML-8267,EQ-2093,B07,2026-02-22,Pre-Mission Inspection,Naik Mech,4,"Brake Pads, Hydraulic Line",49046,1
ML-8268,EQ-2093,B07,2025-11-20,Corrective Repair,Naik Mech,4,"Sensors, Wiring Harness",49429,5
ML-8269,EQ-2094,B01,2026-06-21,Routine Preventive,Subedar Tech,12,"Alternator, Belt Drive",24295,1
ML-8270,EQ-2094,B01,2026-05-22,Routine Preventive,Sergeant,24,"Radiator Core, Coolant",28369,1
ML-8271,EQ-2094,B01,2026-04-08,Routine Preventive,Subedar Tech,24,"Oil Filter, Gaskets",28293,1
ML-8272,EQ-2094,B01,2026-02-11,Oil & Filter Overhaul,Naik Mech,48,"Starter Motor, Battery",30581,1
ML-8273,EQ-2095,B06,2026-05-30,Oil & Filter Overhaul,Sergeant,4,"Injector Nozzle, Fuel Filter",42784,1
ML-8274,EQ-2095,B06,2026-03-21,Emergency Repair,Warrant Officer,8,"Tire Assembly, Hub Bearing",46980,3
ML-8275,EQ-2095,B06,2026-01-08,Oil & Filter Overhaul,Warrant Officer,16,"Oil Filter, Gaskets",41322,1
ML-8276,EQ-2096,B01,2026-05-06,Pre-Mission Inspection,Naik Mech,4,"Sensors, Wiring Harness",62110,1
ML-8277,EQ-2096,B01,2026-02-21,Routine Preventive,Havildar Tech,4,"Radiator Core, Coolant",53402,1
ML-8278,EQ-2096,B01,2025-11-24,Routine Preventive,Naik Mech,24,"Alternator, Belt Drive",47612,1
ML-8279,EQ-2096,B01,2025-08-19,Oil & Filter Overhaul,Subedar Tech,16,"Alternator, Belt Drive",59325,1
ML-8280,EQ-2097,B08,2026-05-08,Corrective Repair,Subedar Tech,24,"Oil Filter, Gaskets",50089,1
ML-8281,EQ-2097,B08,2026-02-21,Emergency Repair,Warrant Officer,48,"Brake Pads, Hydraulic Line",57947,1
ML-8282,EQ-2098,B03,2026-05-25,Oil & Filter Overhaul,Naik Mech,4,"Radiator Core, Coolant",42480,1
ML-8283,EQ-2098,B03,2026-02-12,Pre-Mission Inspection,Naik Mech,24,"Tire Assembly, Hub Bearing",59881,1
ML-8284,EQ-2099,B07,2026-06-20,Emergency Repair,Subedar Tech,48,"Oil Filter, Gaskets",11497,2
ML-8285,EQ-2099,B07,2026-04-23,Emergency Repair,Havildar Tech,12,"Alternator, Belt Drive",16101,2
ML-8286,EQ-2099,B07,2026-02-08,Routine Preventive,Subedar Tech,16,"Radiator Core, Coolant",16171,1
ML-8287,EQ-2099,B07,2025-12-07,Emergency Repair,Subedar Tech,8,"Sensors, Wiring Harness",11648,2
ML-8288,EQ-2100,B01,2026-07-04,Emergency Repair,Naik Mech,6,"Alternator, Belt Drive",56254,1
ML-8289,EQ-2100,B01,2026-06-24,Emergency Repair,Sergeant,16,"Oil Filter, Gaskets",84974,5
ML-8290,EQ-2100,B01,2026-05-07,Emergency Repair,Warrant Officer,24,"Radiator Core, Coolant",81194,1
ML-8291,EQ-2101,B01,2026-06-09,Routine Preventive,Havildar Tech,48,"Tire Assembly, Hub Bearing",83872,1
ML-8292,EQ-2101,B01,2026-04-12,Oil & Filter Overhaul,Naik Mech,8,"Injector Nozzle, Fuel Filter",95716,1
ML-8293,EQ-2101,B01,2026-02-22,Oil & Filter Overhaul,Havildar Tech,48,"Tire Assembly, Hub Bearing",103374,1
ML-8294,EQ-2101,B01,2025-12-18,Emergency Repair,Havildar Tech,48,"Starter Motor, Battery",118228,1
ML-8295,EQ-2102,B07,2026-06-20,Emergency Repair,Naik Mech,16,"Oil Filter, Gaskets",13310,7
ML-8296,EQ-2102,B07,2026-04-06,Routine Preventive,Warrant Officer,6,"Alternator, Belt Drive",14991,1
ML-8297,EQ-2102,B07,2026-02-04,Oil & Filter Overhaul,Havildar Tech,16,"Radiator Core, Coolant",11277,1
ML-8298,EQ-2103,B06,2026-07-14,Corrective Repair,Naik Mech,16,"Injector Nozzle, Fuel Filter",73251,2
ML-8299,EQ-2103,B06,2026-06-22,Emergency Repair,Naik Mech,12,"Tire Assembly, Hub Bearing",59021,3
ML-8300,EQ-2103,B06,2026-05-25,Pre-Mission Inspection,Subedar Tech,24,"Starter Motor, Battery",80817,1
ML-8301,EQ-2103,B06,2026-04-12,Routine Preventive,Subedar Tech,6,"Tire Assembly, Hub Bearing",56904,1
ML-8302,EQ-2104,B01,2026-06-05,Routine Preventive,Subedar Tech,12,"Alternator, Belt Drive",12264,1
ML-8303,EQ-2104,B01,2026-04-05,Corrective Repair,Subedar Tech,4,"Alternator, Belt Drive",14118,1
ML-8304,EQ-2104,B01,2026-02-14,Corrective Repair,Havildar Tech,6,"Radiator Core, Coolant",17475,7
ML-8305,EQ-2105,B03,2026-07-07,Routine Preventive,Naik Mech,4,"Brake Pads, Hydraulic Line",23559,1
ML-8306,EQ-2105,B03,2026-05-05,Emergency Repair,Subedar Tech,4,"Oil Filter, Gaskets",23138,2
ML-8307,EQ-2106,B03,2026-07-08,Routine Preventive,Sergeant,24,"Tire Assembly, Hub Bearing",78363,1
ML-8308,EQ-2106,B03,2026-06-15,Corrective Repair,Warrant Officer,48,"Brake Pads, Hydraulic Line",59765,1
ML-8309,EQ-2107,B08,2026-05-21,Oil & Filter Overhaul,Sergeant,12,"Alternator, Belt Drive",33236,1
ML-8310,EQ-2107,B08,2026-03-09,Pre-Mission Inspection,Havildar Tech,48,"Starter Motor, Battery",39355,1
ML-8311,EQ-2108,B02,2026-06-29,Corrective Repair,Subedar Tech,16,"Injector Nozzle, Fuel Filter",28980,7
ML-8312,EQ-2108,B02,2026-05-22,Pre-Mission Inspection,Naik Mech,48,"Oil Filter, Gaskets",29206,1
ML-8313,EQ-2108,B02,2026-03-23,Routine Preventive,Naik Mech,6,"Radiator Core, Coolant",29005,1
ML-8314,EQ-2109,B05,2026-07-09,Routine Preventive,Warrant Officer,12,"Tire Assembly, Hub Bearing",25433,1
ML-8315,EQ-2109,B05,2026-05-19,Routine Preventive,Sergeant,6,"Brake Pads, Hydraulic Line",30505,1
ML-8316,EQ-2109,B05,2026-04-08,Routine Preventive,Sergeant,24,"Brake Pads, Hydraulic Line",29885,1
ML-8317,EQ-2110,B02,2026-07-06,Oil & Filter Overhaul,Subedar Tech,4,"Oil Filter, Gaskets",57376,1
ML-8318,EQ-2110,B02,2026-06-08,Routine Preventive,Warrant Officer,12,"Injector Nozzle, Fuel Filter",57119,1
ML-8319,EQ-2110,B02,2026-05-20,Corrective Repair,Subedar Tech,12,"Alternator, Belt Drive",80939,5
ML-8320,EQ-2110,B02,2026-04-08,Corrective Repair,Subedar Tech,12,"Starter Motor, Battery",61907,3
ML-8321,EQ-2111,B01,2026-05-06,Corrective Repair,Subedar Tech,16,"Oil Filter, Gaskets",49923,3
ML-8322,EQ-2111,B01,2026-02-24,Pre-Mission Inspection,Sergeant,16,"Brake Pads, Hydraulic Line",65098,1
ML-8323,EQ-2112,B05,2026-07-23,Oil & Filter Overhaul,Havildar Tech,8,"Oil Filter, Gaskets",85767,1
ML-8324,EQ-2112,B05,2026-06-13,Emergency Repair,Warrant Officer,24,"Radiator Core, Coolant",84182,3
ML-8325,EQ-2113,B01,2026-07-06,Emergency Repair,Subedar Tech,8,"Alternator, Belt Drive",55160,3
ML-8326,EQ-2113,B01,2026-06-08,Routine Preventive,Subedar Tech,4,"Oil Filter, Gaskets",61476,1
ML-8327,EQ-2114,B01,2026-06-20,Corrective Repair,Subedar Tech,12,"Sensors, Wiring Harness",16535,5
ML-8328,EQ-2114,B01,2026-04-12,Emergency Repair,Sergeant,6,"Oil Filter, Gaskets",11041,3
ML-8329,EQ-2114,B01,2026-02-22,Corrective Repair,Havildar Tech,16,"Brake Pads, Hydraulic Line",11238,5
ML-8330,EQ-2114,B01,2025-12-15,Routine Preventive,Sergeant,24,"Radiator Core, Coolant",11841,1
ML-8331,EQ-2115,B05,2026-05-13,Routine Preventive,Naik Mech,48,"Brake Pads, Hydraulic Line",63981,1
ML-8332,EQ-2115,B05,2026-02-19,Emergency Repair,Warrant Officer,4,"Tire Assembly, Hub Bearing",59295,1
ML-8333,EQ-2115,B05,2025-11-21,Emergency Repair,Sergeant,12,"Brake Pads, Hydraulic Line",50362,3
ML-8334,EQ-2115,B05,2025-08-19,Oil & Filter Overhaul,Subedar Tech,16,"Sensors, Wiring Harness",48140,1
ML-8335,EQ-2116,B06,2026-07-01,Pre-Mission Inspection,Warrant Officer,24,"Injector Nozzle, Fuel Filter",30529,1
ML-8336,EQ-2116,B06,2026-05-15,Oil & Filter Overhaul,Sergeant,4,"Alternator, Belt Drive",33324,1
ML-8337,EQ-2116,B06,2026-03-23,Pre-Mission Inspection,Subedar Tech,4,"Oil Filter, Gaskets",33500,1
ML-8338,EQ-2116,B06,2026-02-12,Emergency Repair,Naik Mech,48,"Alternator, Belt Drive",24884,7
ML-8339,EQ-2117,B01,2026-07-10,Oil & Filter Overhaul,Naik Mech,8,"Starter Motor, Battery",70811,1
ML-8340,EQ-2117,B01,2026-06-13,Routine Preventive,Warrant Officer,4,"Tire Assembly, Hub Bearing",56502,1
ML-8341,EQ-2118,B01,2026-07-06,Routine Preventive,Sergeant,48,"Tire Assembly, Hub Bearing",26317,1
ML-8342,EQ-2118,B01,2026-05-14,Oil & Filter Overhaul,Sergeant,48,"Tire Assembly, Hub Bearing",25950,1
ML-8343,EQ-2119,B01,2026-07-01,Emergency Repair,Havildar Tech,48,"Tire Assembly, Hub Bearing",20849,2
ML-8344,EQ-2119,B01,2026-05-14,Routine Preventive,Subedar Tech,24,"Oil Filter, Gaskets",33547,1
ML-8345,EQ-2120,B03,2026-06-04,Corrective Repair,Naik Mech,48,"Sensors, Wiring Harness",13879,3
ML-8346,EQ-2120,B03,2026-04-17,Routine Preventive,Sergeant,4,"Radiator Core, Coolant",17304,1
ML-8347,EQ-2120,B03,2026-02-14,Emergency Repair,Naik Mech,48,"Oil Filter, Gaskets",17170,5
ML-8348,EQ-2121,B07,2026-05-25,Corrective Repair,Warrant Officer,12,"Oil Filter, Gaskets",46997,5
ML-8349,EQ-2121,B07,2026-02-15,Corrective Repair,Subedar Tech,6,"Alternator, Belt Drive",47774,1
ML-8350,EQ-2121,B07,2025-11-25,Routine Preventive,Warrant Officer,16,"Sensors, Wiring Harness",66157,1
ML-8351,EQ-2122,B03,2026-05-14,Oil & Filter Overhaul,Warrant Officer,12,"Brake Pads, Hydraulic Line",41752,1
ML-8352,EQ-2122,B03,2026-02-05,Pre-Mission Inspection,Sergeant,4,"Tire Assembly, Hub Bearing",53377,1
ML-8353,EQ-2123,B01,2026-06-05,Routine Preventive,Warrant Officer,16,"Oil Filter, Gaskets",12559,1
ML-8354,EQ-2123,B01,2026-04-07,Routine Preventive,Naik Mech,16,"Brake Pads, Hydraulic Line",15016,1
ML-8355,EQ-2123,B01,2026-02-06,Routine Preventive,Naik Mech,12,"Alternator, Belt Drive",16448,1
ML-8356,EQ-2124,B01,2026-06-05,Pre-Mission Inspection,Subedar Tech,12,"Sensors, Wiring Harness",17170,1
ML-8357,EQ-2124,B01,2026-04-21,Pre-Mission Inspection,Naik Mech,8,"Starter Motor, Battery",12115,1
ML-8358,EQ-2124,B01,2026-02-09,Corrective Repair,Sergeant,48,"Alternator, Belt Drive",13081,7
ML-8359,EQ-2125,B02,2026-06-19,Oil & Filter Overhaul,Naik Mech,48,"Radiator Core, Coolant",13084,1
ML-8360,EQ-2125,B02,2026-04-20,Oil & Filter Overhaul,Subedar Tech,16,"Injector Nozzle, Fuel Filter",13543,1
ML-8361,EQ-2125,B02,2026-02-08,Emergency Repair,Sergeant,12,"Injector Nozzle, Fuel Filter",12316,5
ML-8362,EQ-2126,B06,2026-05-25,Pre-Mission Inspection,Warrant Officer,24,"Injector Nozzle, Fuel Filter",52498,1
ML-8363,EQ-2126,B06,2026-02-05,Corrective Repair,Subedar Tech,12,"Radiator Core, Coolant",66070,1
ML-8364,EQ-2126,B06,2025-11-16,Corrective Repair,Havildar Tech,4,"Oil Filter, Gaskets",53632,3
ML-8365,EQ-2127,B01,2026-06-17,Routine Preventive,Sergeant,8,"Oil Filter, Gaskets",16127,1
ML-8366,EQ-2127,B01,2026-04-19,Routine Preventive,Havildar Tech,4,"Brake Pads, Hydraulic Line",13168,1
ML-8367,EQ-2127,B01,2026-02-14,Emergency Repair,Naik Mech,8,"Sensors, Wiring Harness",14139,1
ML-8368,EQ-2128,B06,2026-05-11,Pre-Mission Inspection,Warrant Officer,6,"Starter Motor, Battery",46426,1
ML-8369,EQ-2128,B06,2026-02-04,Routine Preventive,Subedar Tech,4,"Oil Filter, Gaskets",58196,1
ML-8370,EQ-2128,B06,2025-11-08,Pre-Mission Inspection,Sergeant,6,"Brake Pads, Hydraulic Line",45335,1
ML-8371,EQ-2128,B06,2025-08-23,Routine Preventive,Havildar Tech,6,"Alternator, Belt Drive",65070,1
ML-8372,EQ-2129,B03,2026-06-23,Routine Preventive,Subedar Tech,8,"Oil Filter, Gaskets",17203,1
ML-8373,EQ-2129,B03,2026-04-18,Pre-Mission Inspection,Subedar Tech,24,"Brake Pads, Hydraulic Line",16968,1
ML-8374,EQ-2130,B04,2026-05-28,Routine Preventive,Subedar Tech,12,"Radiator Core, Coolant",31698,1
ML-8375,EQ-2130,B04,2026-03-21,Routine Preventive,Warrant Officer,12,"Alternator, Belt Drive",32255,1
ML-8376,EQ-2130,B04,2025-12-23,Routine Preventive,Warrant Officer,24,"Sensors, Wiring Harness",45294,1
ML-8377,EQ-2131,B02,2026-06-13,Emergency Repair,Warrant Officer,4,"Injector Nozzle, Fuel Filter",16884,7
ML-8378,EQ-2131,B02,2026-04-13,Oil & Filter Overhaul,Subedar Tech,8,"Oil Filter, Gaskets",16470,1
ML-8379,EQ-2131,B02,2026-02-15,Corrective Repair,Sergeant,8,"Alternator, Belt Drive",11253,3
ML-8380,EQ-2132,B06,2026-07-10,Routine Preventive,Warrant Officer,6,"Alternator, Belt Drive",54166,1
ML-8381,EQ-2132,B06,2026-06-06,Corrective Repair,Havildar Tech,4,"Alternator, Belt Drive",75386,5
ML-8382,EQ-2132,B06,2026-05-13,Routine Preventive,Havildar Tech,4,"Tire Assembly, Hub Bearing",75187,1
ML-8383,EQ-2132,B06,2026-04-12,Emergency Repair,Subedar Tech,8,"Starter Motor, Battery",70939,7
ML-8384,EQ-2133,B03,2026-06-22,Emergency Repair,Sergeant,4,"Tire Assembly, Hub Bearing",32023,3
ML-8385,EQ-2133,B03,2026-05-20,Emergency Repair,Warrant Officer,8,"Radiator Core, Coolant",27091,1
ML-8386,EQ-2134,B04,2026-05-14,Pre-Mission Inspection,Warrant Officer,6,"Radiator Core, Coolant",44982,1
ML-8387,EQ-2134,B04,2026-02-07,Oil & Filter Overhaul,Havildar Tech,12,"Tire Assembly, Hub Bearing",46662,1
ML-8388,EQ-2135,B07,2026-06-29,Routine Preventive,Sergeant,48,"Injector Nozzle, Fuel Filter",30370,1
ML-8389,EQ-2135,B07,2026-05-19,Pre-Mission Inspection,Sergeant,24,"Oil Filter, Gaskets",25877,1
ML-8390,EQ-2136,B01,2026-05-22,Emergency Repair,Warrant Officer,12,"Brake Pads, Hydraulic Line",51133,2
ML-8391,EQ-2136,B01,2026-02-06,Pre-Mission Inspection,Warrant Officer,48,"Radiator Core, Coolant",51514,1
ML-8392,EQ-2136,B01,2025-11-20,Oil & Filter Overhaul,Naik Mech,4,"Injector Nozzle, Fuel Filter",50984,1
ML-8393,EQ-2137,B08,2026-05-08,Oil & Filter Overhaul,Havildar Tech,4,"Starter Motor, Battery",53947,1
ML-8394,EQ-2137,B08,2026-02-23,Emergency Repair,Warrant Officer,24,"Oil Filter, Gaskets",66731,3
ML-8395,EQ-2137,B08,2025-11-09,Pre-Mission Inspection,Naik Mech,8,"Starter Motor, Battery",48531,1
ML-8396,EQ-2137,B08,2025-08-28,Routine Preventive,Naik Mech,8,"Sensors, Wiring Harness",60770,1
ML-8397,EQ-2138,B05,2026-06-07,Emergency Repair,Havildar Tech,4,"Alternator, Belt Drive",16272,2
ML-8398,EQ-2138,B05,2026-04-10,Corrective Repair,Warrant Officer,16,"Oil Filter, Gaskets",15127,5
ML-8399,EQ-2138,B05,2026-02-16,Routine Preventive,Subedar Tech,6,"Oil Filter, Gaskets",13157,1
ML-8400,EQ-2139,B07,2026-07-14,Corrective Repair,Sergeant,4,"Radiator Core, Coolant",60328,3
ML-8401,EQ-2139,B07,2026-06-22,Routine Preventive,Naik Mech,8,"Oil Filter, Gaskets",63598,1
ML-8402,EQ-2139,B07,2026-05-15,Routine Preventive,Warrant Officer,12,"Brake Pads, Hydraulic Line",58053,1
ML-8403,EQ-2140,B04,2026-05-25,Emergency Repair,Subedar Tech,48,"Oil Filter, Gaskets",66349,1
ML-8404,EQ-2140,B04,2026-02-16,Oil & Filter Overhaul,Warrant Officer,8,"Brake Pads, Hydraulic Line",60203,1
ML-8405,EQ-2141,B04,2026-06-05,Pre-Mission Inspection,Havildar Tech,6,"Starter Motor, Battery",41511,1
ML-8406,EQ-2141,B04,2026-03-14,Corrective Repair,Warrant Officer,8,"Sensors, Wiring Harness",47202,1
ML-8407,EQ-2141,B04,2025-12-27,Corrective Repair,Warrant Officer,8,"Brake Pads, Hydraulic Line",30413,2
ML-8408,EQ-2141,B04,2025-10-08,Corrective Repair,Subedar Tech,16,"Brake Pads, Hydraulic Line",44707,7
ML-8409,EQ-2142,B08,2026-06-11,Routine Preventive,Sergeant,4,"Radiator Core, Coolant",14419,1
ML-8410,EQ-2142,B08,2026-04-07,Emergency Repair,Naik Mech,4,"Alternator, Belt Drive",12822,1
ML-8411,EQ-2142,B08,2026-02-07,Emergency Repair,Naik Mech,16,"Tire Assembly, Hub Bearing",13703,2
ML-8412,EQ-2143,B08,2026-07-16,Corrective Repair,Sergeant,48,"Alternator, Belt Drive",52896,5
ML-8413,EQ-2143,B08,2026-06-12,Routine Preventive,Warrant Officer,8,"Tire Assembly, Hub Bearing",67320,1
ML-8414,EQ-2144,B05,2026-05-19,Pre-Mission Inspection,Warrant Officer,48,"Oil Filter, Gaskets",45813,1
ML-8415,EQ-2144,B05,2026-02-24,Oil & Filter Overhaul,Warrant Officer,48,"Injector Nozzle, Fuel Filter",43264,1
ML-8416,EQ-2145,B04,2026-06-19,Routine Preventive,Havildar Tech,12,"Sensors, Wiring Harness",21297,1
ML-8417,EQ-2145,B04,2026-05-13,Corrective Repair,Warrant Officer,12,"Brake Pads, Hydraulic Line",30630,7
ML-8418,EQ-2145,B04,2026-04-09,Oil & Filter Overhaul,Naik Mech,48,"Injector Nozzle, Fuel Filter",24512,1
ML-8419,EQ-2145,B04,2026-02-07,Pre-Mission Inspection,Havildar Tech,12,"Radiator Core, Coolant",29270,1
ML-8420,EQ-2146,B03,2026-07-08,Oil & Filter Overhaul,Sergeant,16,"Oil Filter, Gaskets",86325,1
ML-8421,EQ-2146,B03,2026-06-17,Pre-Mission Inspection,Warrant Officer,12,"Radiator Core, Coolant",59260,1
ML-8422,EQ-2146,B03,2026-05-11,Emergency Repair,Havildar Tech,24,"Injector Nozzle, Fuel Filter",83935,2
ML-8423,EQ-2147,B01,2026-06-04,Emergency Repair,Havildar Tech,24,"Starter Motor, Battery",15959,2
ML-8424,EQ-2147,B01,2026-04-12,Routine Preventive,Subedar Tech,48,"Tire Assembly, Hub Bearing",15677,1
ML-8425,EQ-2148,B08,2026-06-16,Corrective Repair,Havildar Tech,8,"Starter Motor, Battery",17262,5
ML-8426,EQ-2148,B08,2026-04-08,Oil & Filter Overhaul,Sergeant,6,"Oil Filter, Gaskets",11718,1
ML-8427,EQ-2148,B08,2026-02-09,Pre-Mission Inspection,Subedar Tech,6,"Oil Filter, Gaskets",13433,1
ML-8428,EQ-2148,B08,2025-12-26,Emergency Repair,Subedar Tech,12,"Alternator, Belt Drive",16960,1
ML-8429,EQ-2149,B06,2026-05-08,Corrective Repair,Sergeant,12,"Tire Assembly, Hub Bearing",61609,2
ML-8430,EQ-2149,B06,2026-02-06,Corrective Repair,Warrant Officer,12,"Injector Nozzle, Fuel Filter",56827,5
ML-8431,EQ-2149,B06,2025-11-07,Routine Preventive,Subedar Tech,12,"Oil Filter, Gaskets",47962,1
ML-8432,EQ-2150,B08,2026-06-13,Pre-Mission Inspection,Warrant Officer,8,"Sensors, Wiring Harness",15072,1
ML-8433,EQ-2150,B08,2026-04-20,Routine Preventive,Naik Mech,12,"Brake Pads, Hydraulic Line",14495,1
ML-8434,EQ-2151,B03,2026-05-21,Emergency Repair,Havildar Tech,12,"Alternator, Belt Drive",62498,7
ML-8435,EQ-2151,B03,2026-02-11,Pre-Mission Inspection,Havildar Tech,16,"Oil Filter, Gaskets",42792,1
ML-8436,EQ-2152,B01,2026-06-19,Oil & Filter Overhaul,Sergeant,48,"Injector Nozzle, Fuel Filter",24555,1
ML-8437,EQ-2152,B01,2026-05-07,Routine Preventive,Warrant Officer,12,"Starter Motor, Battery",27085,1
ML-8438,EQ-2153,B06,2026-06-20,Oil & Filter Overhaul,Naik Mech,4,"Sensors, Wiring Harness",13083,1
ML-8439,EQ-2153,B06,2026-04-21,Corrective Repair,Subedar Tech,12,"Alternator, Belt Drive",17353,7
ML-8440,EQ-2153,B06,2026-02-04,Oil & Filter Overhaul,Naik Mech,24,"Sensors, Wiring Harness",12732,1
ML-8441,EQ-2153,B06,2025-12-13,Oil & Filter Overhaul,Naik Mech,8,"Oil Filter, Gaskets",15256,1
ML-8442,EQ-2154,B02,2026-06-04,Oil & Filter Overhaul,Subedar Tech,24,"Brake Pads, Hydraulic Line",30009,1
ML-8443,EQ-2154,B02,2026-03-21,Corrective Repair,Havildar Tech,16,"Injector Nozzle, Fuel Filter",46894,1
ML-8444,EQ-2154,B02,2025-12-29,Routine Preventive,Naik Mech,8,"Starter Motor, Battery",46171,1
ML-8445,EQ-2154,B02,2025-10-07,Emergency Repair,Subedar Tech,6,"Tire Assembly, Hub Bearing",46967,3
ML-8446,EQ-2155,B04,2026-06-10,Oil & Filter Overhaul,Sergeant,24,"Sensors, Wiring Harness",11515,1
ML-8447,EQ-2155,B04,2026-04-10,Oil & Filter Overhaul,Havildar Tech,48,"Starter Motor, Battery",11658,1
ML-8448,EQ-2155,B04,2026-02-06,Routine Preventive,Havildar Tech,12,"Tire Assembly, Hub Bearing",16091,1
ML-8449,EQ-2156,B01,2026-06-30,Oil & Filter Overhaul,Subedar Tech,4,"Oil Filter, Gaskets",27207,1
ML-8450,EQ-2156,B01,2026-05-10,Oil & Filter Overhaul,Sergeant,16,"Brake Pads, Hydraulic Line",27841,1
ML-8451,EQ-2157,B05,2026-06-17,Corrective Repair,Subedar Tech,16,"Alternator, Belt Drive",14687,5
ML-8452,EQ-2157,B05,2026-04-08,Oil & Filter Overhaul,Sergeant,24,"Alternator, Belt Drive",15777,1
ML-8453,EQ-2157,B05,2026-02-24,Corrective Repair,Sergeant,6,"Brake Pads, Hydraulic Line",15729,2
ML-8454,EQ-2157,B05,2025-12-24,Corrective Repair,Warrant Officer,48,"Brake Pads, Hydraulic Line",15005,3
ML-8455,EQ-2158,B04,2026-06-24,Corrective Repair,Naik Mech,6,"Sensors, Wiring Harness",15014,5
ML-8456,EQ-2158,B04,2026-04-13,Corrective Repair,Warrant Officer,8,"Starter Motor, Battery",11857,3
ML-8457,EQ-2158,B04,2026-02-10,Pre-Mission Inspection,Sergeant,48,"Tire Assembly, Hub Bearing",11676,1
ML-8458,EQ-2158,B04,2025-12-25,Emergency Repair,Sergeant,12,"Oil Filter, Gaskets",12380,7
ML-8459,EQ-2159,B08,2026-07-15,Pre-Mission Inspection,Sergeant,8,"Brake Pads, Hydraulic Line",65042,1
ML-8460,EQ-2159,B08,2026-06-17,Pre-Mission Inspection,Naik Mech,8,"Tire Assembly, Hub Bearing",86179,1
ML-8461,EQ-2159,B08,2026-05-09,Pre-Mission Inspection,Havildar Tech,48,"Injector Nozzle, Fuel Filter",58346,1
ML-8462,EQ-2159,B08,2026-04-22,Oil & Filter Overhaul,Sergeant,8,"Brake Pads, Hydraulic Line",67001,1
ML-8463,EQ-2160,B05,2026-06-15,Routine Preventive,Sergeant,8,"Sensors, Wiring Harness",16243,1
ML-8464,EQ-2160,B05,2026-04-12,Emergency Repair,Subedar Tech,48,"Tire Assembly, Hub Bearing",15777,1
ML-8465,EQ-2160,B05,2026-02-20,Routine Preventive,Naik Mech,4,"Oil Filter, Gaskets",11398,1
ML-8466,EQ-2160,B05,2025-12-11,Pre-Mission Inspection,Warrant Officer,8,"Radiator Core, Coolant",14257,1
ML-8467,EQ-2161,B01,2026-06-07,Emergency Repair,Subedar Tech,16,"Injector Nozzle, Fuel Filter",13840,5
ML-8468,EQ-2161,B01,2026-04-20,Oil & Filter Overhaul,Naik Mech,16,"Tire Assembly, Hub Bearing",11855,1
ML-8469,EQ-2162,B01,2026-07-06,Oil & Filter Overhaul,Sergeant,12,"Alternator, Belt Drive",76790,1
ML-8470,EQ-2162,B01,2026-06-04,Corrective Repair,Sergeant,24,"Alternator, Belt Drive",65806,3
ML-8471,EQ-2163,B01,2026-07-07,Corrective Repair,Havildar Tech,12,"Tire Assembly, Hub Bearing",29020,5
ML-8472,EQ-2163,B01,2026-05-14,Oil & Filter Overhaul,Warrant Officer,8,"Alternator, Belt Drive",28043,1
ML-8473,EQ-2164,B03,2026-05-31,Oil & Filter Overhaul,Warrant Officer,12,"Sensors, Wiring Harness",37528,1
ML-8474,EQ-2164,B03,2026-03-20,Emergency Repair,Subedar Tech,16,"Tire Assembly, Hub Bearing",42459,1
ML-8475,EQ-2164,B03,2026-01-09,Pre-Mission Inspection,Havildar Tech,12,"Radiator Core, Coolant",35212,1
ML-8476,EQ-2164,B03,2025-10-23,Emergency Repair,Naik Mech,4,"Alternator, Belt Drive",33412,1
ML-8477,EQ-2165,B02,2026-05-09,Corrective Repair,Sergeant,48,"Sensors, Wiring Harness",42655,2
ML-8478,EQ-2165,B02,2026-02-23,Routine Preventive,Subedar Tech,48,"Sensors, Wiring Harness",65472,1
ML-8479,EQ-2165,B02,2025-11-25,Emergency Repair,Warrant Officer,48,"Oil Filter, Gaskets",53445,1
ML-8480,EQ-2166,B03,2026-06-10,Routine Preventive,Sergeant,16,"Sensors, Wiring Harness",10846,1
ML-8481,EQ-2166,B03,2026-04-11,Corrective Repair,Naik Mech,12,"Brake Pads, Hydraulic Line",12489,7
ML-8482,EQ-2166,B03,2026-02-08,Pre-Mission Inspection,Sergeant,16,"Tire Assembly, Hub Bearing",12130,1
ML-8483,EQ-2167,B02,2026-05-07,Oil & Filter Overhaul,Warrant Officer,4,"Radiator Core, Coolant",59623,1
ML-8484,EQ-2167,B02,2026-02-14,Routine Preventive,Naik Mech,8,"Oil Filter, Gaskets",56386,1
ML-8485,EQ-2168,B07,2026-06-05,Corrective Repair,Warrant Officer,48,"Brake Pads, Hydraulic Line",102289,1
ML-8486,EQ-2168,B07,2026-04-12,Corrective Repair,Naik Mech,4,"Alternator, Belt Drive",109281,1
ML-8487,EQ-2168,B07,2026-02-13,Emergency Repair,Sergeant,12,"Starter Motor, Battery",114620,1
ML-8488,EQ-2169,B06,2026-06-23,Oil & Filter Overhaul,Havildar Tech,24,"Brake Pads, Hydraulic Line",15918,1
ML-8489,EQ-2169,B06,2026-04-06,Corrective Repair,Warrant Officer,16,"Alternator, Belt Drive",15854,7
ML-8490,EQ-2169,B06,2026-02-06,Pre-Mission Inspection,Naik Mech,48,"Brake Pads, Hydraulic Line",16720,1
ML-8491,EQ-2170,B03,2026-06-20,Routine Preventive,Warrant Officer,8,"Injector Nozzle, Fuel Filter",111298,1
ML-8492,EQ-2170,B03,2026-04-10,Pre-Mission Inspection,Subedar Tech,4,"Radiator Core, Coolant",74594,1
ML-8493,EQ-2170,B03,2026-02-07,Oil & Filter Overhaul,Sergeant,24,"Oil Filter, Gaskets",79429,1
ML-8494,EQ-2171,B04,2026-05-06,Oil & Filter Overhaul,Havildar Tech,12,"Sensors, Wiring Harness",48818,1
ML-8495,EQ-2171,B04,2026-02-05,Pre-Mission Inspection,Naik Mech,48,"Radiator Core, Coolant",47940,1
ML-8496,EQ-2171,B04,2025-11-21,Routine Preventive,Havildar Tech,4,"Oil Filter, Gaskets",67078,1
ML-8497,EQ-2172,B01,2026-06-05,Oil & Filter Overhaul,Naik Mech,8,"Radiator Core, Coolant",103045,1
ML-8498,EQ-2172,B01,2026-04-17,Routine Preventive,Naik Mech,48,"Injector Nozzle, Fuel Filter",84221,1
ML-8499,EQ-2173,B04,2026-06-09,Pre-Mission Inspection,Warrant Officer,16,"Starter Motor, Battery",13111,1
ML-8500,EQ-2173,B04,2026-04-18,Oil & Filter Overhaul,Naik Mech,8,"Injector Nozzle, Fuel Filter",11432,1
ML-8501,EQ-2174,B05,2026-06-26,Oil & Filter Overhaul,Sergeant,48,"Radiator Core, Coolant",29764,1
ML-8502,EQ-2174,B05,2026-05-24,Pre-Mission Inspection,Subedar Tech,8,"Injector Nozzle, Fuel Filter",33587,1
ML-8503,EQ-2175,B01,2026-06-18,Oil & Filter Overhaul,Subedar Tech,16,"Oil Filter, Gaskets",90039,1
ML-8504,EQ-2175,B01,2026-04-08,Emergency Repair,Naik Mech,24,"Injector Nozzle, Fuel Filter",78466,2
ML-8505,EQ-2175,B01,2026-02-22,Routine Preventive,Havildar Tech,12,"Radiator Core, Coolant",117689,1
ML-8506,EQ-2176,B01,2026-06-11,Corrective Repair,Warrant Officer,12,"Brake Pads, Hydraulic Line",12079,7
ML-8507,EQ-2176,B01,2026-04-07,Oil & Filter Overhaul,Naik Mech,4,"Oil Filter, Gaskets",14317,1
ML-8508,EQ-2176,B01,2026-02-08,Corrective Repair,Naik Mech,16,"Brake Pads, Hydraulic Line",11892,2
ML-8509,EQ-2176,B01,2025-12-07,Emergency Repair,Subedar Tech,48,"Radiator Core, Coolant",13308,2
ML-8510,EQ-2177,B05,2026-05-07,Routine Preventive,Naik Mech,24,"Sensors, Wiring Harness",55736,1
ML-8511,EQ-2177,B05,2026-02-08,Routine Preventive,Warrant Officer,4,"Sensors, Wiring Harness",42301,1
ML-8512,EQ-2178,B04,2026-07-19,Routine Preventive,Havildar Tech,8,"Tire Assembly, Hub Bearing",69229,1
ML-8513,EQ-2178,B04,2026-06-17,Oil & Filter Overhaul,Warrant Officer,6,"Oil Filter, Gaskets",67073,1
ML-8514,EQ-2178,B04,2026-05-06,Corrective Repair,Subedar Tech,24,"Sensors, Wiring Harness",64057,1
ML-8515,EQ-2178,B04,2026-04-07,Corrective Repair,Naik Mech,8,"Brake Pads, Hydraulic Line",65771,3
ML-8516,EQ-2179,B01,2026-06-27,Pre-Mission Inspection,Havildar Tech,48,"Sensors, Wiring Harness",20738,1
ML-8517,EQ-2179,B01,2026-05-09,Oil & Filter Overhaul,Subedar Tech,16,"Alternator, Belt Drive",28982,1
ML-8518,EQ-2180,B02,2026-06-08,Pre-Mission Inspection,Subedar Tech,8,"Starter Motor, Battery",74812,1
ML-8519,EQ-2180,B02,2026-04-18,Pre-Mission Inspection,Warrant Officer,16,"Tire Assembly, Hub Bearing",74431,1
ML-8520,EQ-2181,B02,2026-07-05,Routine Preventive,Naik Mech,8,"Sensors, Wiring Harness",76288,1
ML-8521,EQ-2181,B02,2026-06-23,Corrective Repair,Havildar Tech,6,"Brake Pads, Hydraulic Line",57172,5
ML-8522,EQ-2181,B02,2026-05-09,Oil & Filter Overhaul,Naik Mech,48,"Oil Filter, Gaskets",56564,1
ML-8523,EQ-2182,B05,2026-06-21,Routine Preventive,Havildar Tech,8,"Starter Motor, Battery",72702,1
ML-8524,EQ-2182,B05,2026-04-25,Emergency Repair,Sergeant,48,"Brake Pads, Hydraulic Line",117764,2
ML-8525,EQ-2182,B05,2026-02-14,Corrective Repair,Naik Mech,12,"Injector Nozzle, Fuel Filter",75262,7
ML-8526,EQ-2182,B05,2025-12-06,Routine Preventive,Naik Mech,6,"Tire Assembly, Hub Bearing",73091,1
ML-8527,EQ-2183,B01,2026-06-30,Emergency Repair,Naik Mech,24,"Oil Filter, Gaskets",25210,3
ML-8528,EQ-2183,B01,2026-05-18,Routine Preventive,Havildar Tech,6,"Radiator Core, Coolant",23580,1
ML-8529,EQ-2183,B01,2026-03-29,Oil & Filter Overhaul,Havildar Tech,12,"Injector Nozzle, Fuel Filter",29775,1
ML-8530,EQ-2183,B01,2026-02-23,Emergency Repair,Havildar Tech,48,"Alternator, Belt Drive",24522,5
ML-8531,EQ-2184,B02,2026-05-27,Pre-Mission Inspection,Havildar Tech,6,"Starter Motor, Battery",36658,1
ML-8532,EQ-2184,B02,2026-03-19,Emergency Repair,Subedar Tech,6,"Radiator Core, Coolant",43773,2
ML-8533,EQ-2184,B02,2026-01-03,Pre-Mission Inspection,Havildar Tech,16,"Radiator Core, Coolant",40213,1
ML-8534,EQ-2184,B02,2025-10-27,Routine Preventive,Warrant Officer,16,"Alternator, Belt Drive",29417,1
ML-8535,EQ-2185,B01,2026-05-16,Corrective Repair,Havildar Tech,24,"Alternator, Belt Drive",51056,1
ML-8536,EQ-2185,B01,2026-02-08,Corrective Repair,Naik Mech,24,"Oil Filter, Gaskets",43586,2
ML-8537,EQ-2185,B01,2025-11-26,Pre-Mission Inspection,Sergeant,8,"Brake Pads, Hydraulic Line",43305,1
ML-8538,EQ-2185,B01,2025-08-11,Routine Preventive,Sergeant,4,"Sensors, Wiring Harness",65386,1
ML-8539,EQ-2186,B01,2026-05-05,Corrective Repair,Sergeant,24,"Alternator, Belt Drive",64757,5
ML-8540,EQ-2186,B01,2026-02-13,Corrective Repair,Havildar Tech,24,"Tire Assembly, Hub Bearing",52019,2
ML-8541,EQ-2187,B07,2026-06-15,Oil & Filter Overhaul,Sergeant,4,"Alternator, Belt Drive",12942,1
ML-8542,EQ-2187,B07,2026-04-14,Routine Preventive,Naik Mech,16,"Oil Filter, Gaskets",13066,1
ML-8543,EQ-2187,B07,2026-02-04,Pre-Mission Inspection,Subedar Tech,4,"Sensors, Wiring Harness",14868,1
ML-8544,EQ-2188,B02,2026-06-15,Emergency Repair,Havildar Tech,6,"Starter Motor, Battery",13663,5
ML-8545,EQ-2188,B02,2026-04-16,Routine Preventive,Naik Mech,4,"Sensors, Wiring Harness",11397,1
ML-8546,EQ-2188,B02,2026-02-19,Corrective Repair,Havildar Tech,8,"Radiator Core, Coolant",13120,2
ML-8547,EQ-2189,B02,2026-06-07,Corrective Repair,Sergeant,6,"Starter Motor, Battery",11406,5
ML-8548,EQ-2189,B02,2026-04-06,Pre-Mission Inspection,Naik Mech,4,"Oil Filter, Gaskets",14960,1
ML-8549,EQ-2190,B06,2026-05-20,Oil & Filter Overhaul,Havildar Tech,4,"Alternator, Belt Drive",49535,1
ML-8550,EQ-2190,B06,2026-02-22,Pre-Mission Inspection,Sergeant,8,"Starter Motor, Battery",57927,1
ML-8551,EQ-2190,B06,2025-11-08,Pre-Mission Inspection,Sergeant,12,"Oil Filter, Gaskets",44898,1
ML-8552,EQ-2191,B07,2026-06-23,Pre-Mission Inspection,Naik Mech,8,"Injector Nozzle, Fuel Filter",20866,1
ML-8553,EQ-2191,B07,2026-05-06,Corrective Repair,Havildar Tech,4,"Radiator Core, Coolant",30582,5
ML-8554,EQ-2191,B07,2026-03-26,Routine Preventive,Naik Mech,4,"Starter Motor, Battery",23294,1
ML-8555,EQ-2191,B07,2026-02-07,Routine Preventive,Warrant Officer,8,"Oil Filter, Gaskets",32296,1
ML-8556,EQ-2192,B04,2026-05-14,Emergency Repair,Sergeant,8,"Oil Filter, Gaskets",65515,1
ML-8557,EQ-2192,B04,2026-02-15,Emergency Repair,Naik Mech,12,"Sensors, Wiring Harness",47326,7
ML-8558,EQ-2192,B04,2025-11-06,Oil & Filter Overhaul,Warrant Officer,4,"Radiator Core, Coolant",48856,1
ML-8559,EQ-2193,B04,2026-06-29,Routine Preventive,Naik Mech,4,"Alternator, Belt Drive",29418,1
ML-8560,EQ-2193,B04,2026-05-16,Pre-Mission Inspection,Naik Mech,12,"Sensors, Wiring Harness",22923,1
ML-8561,EQ-2193,B04,2026-04-06,Emergency Repair,Sergeant,48,"Tire Assembly, Hub Bearing",32931,1
ML-8562,EQ-2194,B04,2026-07-22,Oil & Filter Overhaul,Havildar Tech,8,"Starter Motor, Battery",70620,1
ML-8563,EQ-2194,B04,2026-06-18,Routine Preventive,Warrant Officer,24,"Tire Assembly, Hub Bearing",64446,1
ML-8564,EQ-2195,B05,2026-06-13,Emergency Repair,Naik Mech,12,"Alternator, Belt Drive",16080,1
ML-8565,EQ-2195,B05,2026-04-05,Pre-Mission Inspection,Naik Mech,12,"Radiator Core, Coolant",11296,1
ML-8566,EQ-2195,B05,2026-02-12,Routine Preventive,Sergeant,12,"Oil Filter, Gaskets",13391,1
ML-8567,EQ-2196,B07,2026-06-23,Oil & Filter Overhaul,Subedar Tech,4,"Injector Nozzle, Fuel Filter",29425,1
ML-8568,EQ-2196,B07,2026-05-13,Emergency Repair,Havildar Tech,6,"Injector Nozzle, Fuel Filter",31044,5
ML-8569,EQ-2197,B02,2026-06-30,Routine Preventive,Sergeant,24,"Starter Motor, Battery",24879,1
ML-8570,EQ-2197,B02,2026-05-18,Emergency Repair,Subedar Tech,4,"Brake Pads, Hydraulic Line",24058,5
ML-8571,EQ-2198,B03,2026-06-21,Routine Preventive,Naik Mech,24,"Starter Motor, Battery",22847,1
ML-8572,EQ-2198,B03,2026-05-23,Emergency Repair,Havildar Tech,12,"Brake Pads, Hydraulic Line",23041,2
ML-8573,EQ-2199,B02,2026-06-17,Pre-Mission Inspection,Sergeant,24,"Starter Motor, Battery",13679,1
ML-8574,EQ-2199,B02,2026-04-15,Routine Preventive,Sergeant,16,"Starter Motor, Battery",16851,1
ML-8575,EQ-2199,B02,2026-02-20,Emergency Repair,Sergeant,48,"Injector Nozzle, Fuel Filter",17263,1
ML-8576,EQ-2199,B02,2025-12-18,Pre-Mission Inspection,Subedar Tech,8,"Starter Motor, Battery",13551,1
ML-8577,EQ-2200,B02,2026-07-23,Pre-Mission Inspection,Havildar Tech,12,"Tire Assembly, Hub Bearing",80580,1
ML-8578,EQ-2200,B02,2026-06-22,Emergency Repair,Havildar Tech,8,"Sensors, Wiring Harness",75859,1
ML-8579,EQ-2201,B02,2026-05-20,Emergency Repair,Naik Mech,12,"Brake Pads, Hydraulic Line",47135,2
ML-8580,EQ-2201,B02,2026-03-12,Emergency Repair,Naik Mech,12,"Oil Filter, Gaskets",37486,7
ML-8581,EQ-2201,B02,2025-12-21,Corrective Repair,Warrant Officer,24,"Brake Pads, Hydraulic Line",41739,7
ML-8582,EQ-2201,B02,2025-10-09,Oil & Filter Overhaul,Warrant Officer,4,"Sensors, Wiring Harness",44978,1
ML-8583,EQ-2202,B02,2026-06-24,Pre-Mission Inspection,Naik Mech,16,"Radiator Core, Coolant",29831,1
ML-8584,EQ-2202,B02,2026-05-06,Emergency Repair,Havildar Tech,8,"Starter Motor, Battery",24050,7
ML-8585,EQ-2202,B02,2026-03-25,Oil & Filter Overhaul,Subedar Tech,6,"Tire Assembly, Hub Bearing",32438,1
ML-8586,EQ-2203,B04,2026-06-22,Routine Preventive,Havildar Tech,4,"Sensors, Wiring Harness",27614,1
ML-8587,EQ-2203,B04,2026-05-18,Corrective Repair,Sergeant,12,"Starter Motor, Battery",26183,3
ML-8588,EQ-2203,B04,2026-04-10,Oil & Filter Overhaul,Naik Mech,48,"Oil Filter, Gaskets",23340,1
ML-8589,EQ-2203,B04,2026-02-09,Emergency Repair,Sergeant,24,"Injector Nozzle, Fuel Filter",23772,7
ML-8590,EQ-2204,B08,2026-07-05,Emergency Repair,Subedar Tech,4,"Injector Nozzle, Fuel Filter",28616,7
ML-8591,EQ-2204,B08,2026-05-16,Emergency Repair,Subedar Tech,4,"Brake Pads, Hydraulic Line",22797,5
ML-8592,EQ-2205,B03,2026-06-04,Routine Preventive,Havildar Tech,48,"Alternator, Belt Drive",15871,1
ML-8593,EQ-2205,B03,2026-04-07,Emergency Repair,Warrant Officer,48,"Oil Filter, Gaskets",13407,1
ML-8594,EQ-2205,B03,2026-02-11,Oil & Filter Overhaul,Naik Mech,48,"Brake Pads, Hydraulic Line",16665,1
ML-8595,EQ-2205,B03,2025-12-24,Corrective Repair,Subedar Tech,12,"Oil Filter, Gaskets",13653,3
ML-8596,EQ-2206,B05,2026-05-13,Emergency Repair,Havildar Tech,8,"Injector Nozzle, Fuel Filter",55494,3
ML-8597,EQ-2206,B05,2026-02-18,Oil & Filter Overhaul,Sergeant,16,"Injector Nozzle, Fuel Filter",47016,1
ML-8598,EQ-2207,B05,2026-05-28,Emergency Repair,Sergeant,16,"Starter Motor, Battery",31161,1
ML-8599,EQ-2207,B05,2026-03-21,Routine Preventive,Sergeant,24,"Starter Motor, Battery",31857,1
ML-8600,EQ-2207,B05,2025-12-21,Routine Preventive,Naik Mech,8,"Starter Motor, Battery",41762,1
ML-8601,EQ-2207,B05,2025-10-25,Oil & Filter Overhaul,Warrant Officer,8,"Radiator Core, Coolant",43693,1
ML-8602,EQ-2208,B04,2026-06-28,Oil & Filter Overhaul,Havildar Tech,48,"Oil Filter, Gaskets",21840,1
ML-8603,EQ-2208,B04,2026-05-18,Emergency Repair,Warrant Officer,12,"Tire Assembly, Hub Bearing",25665,7
ML-8604,EQ-2208,B04,2026-03-30,Corrective Repair,Naik Mech,24,"Starter Motor, Battery",31019,3
ML-8605,EQ-2208,B04,2026-02-05,Routine Preventive,Sergeant,6,"Tire Assembly, Hub Bearing",25456,1
ML-8606,EQ-2209,B03,2026-06-06,Routine Preventive,Naik Mech,16,"Alternator, Belt Drive",13697,1
ML-8607,EQ-2209,B03,2026-04-13,Pre-Mission Inspection,Sergeant,8,"Sensors, Wiring Harness",13284,1
ML-8608,EQ-2209,B03,2026-02-06,Pre-Mission Inspection,Warrant Officer,48,"Oil Filter, Gaskets",13312,1
ML-8609,EQ-2210,B04,2026-06-20,Corrective Repair,Warrant Officer,8,"Radiator Core, Coolant",13115,7
ML-8610,EQ-2210,B04,2026-04-12,Oil & Filter Overhaul,Warrant Officer,16,"Radiator Core, Coolant",11063,1
ML-8611,EQ-2210,B04,2026-02-04,Routine Preventive,Warrant Officer,12,"Alternator, Belt Drive",11746,1
ML-8612,EQ-2211,B02,2026-06-07,Emergency Repair,Warrant Officer,8,"Tire Assembly, Hub Bearing",15108,1
ML-8613,EQ-2211,B02,2026-04-10,Pre-Mission Inspection,Sergeant,4,"Starter Motor, Battery",13087,1
ML-8614,EQ-2212,B02,2026-06-22,Emergency Repair,Warrant Officer,6,"Sensors, Wiring Harness",96502,7
ML-8615,EQ-2212,B02,2026-04-12,Pre-Mission Inspection,Warrant Officer,6,"Starter Motor, Battery",75522,1
ML-8616,EQ-2212,B02,2026-02-18,Routine Preventive,Naik Mech,4,"Starter Motor, Battery",109234,1
ML-8617,EQ-2213,B01,2026-07-16,Oil & Filter Overhaul,Havildar Tech,24,"Radiator Core, Coolant",85634,1
ML-8618,EQ-2213,B01,2026-06-20,Corrective Repair,Havildar Tech,12,"Sensors, Wiring Harness",56414,7
ML-8619,EQ-2214,B05,2026-06-12,Pre-Mission Inspection,Havildar Tech,16,"Sensors, Wiring Harness",96776,1
ML-8620,EQ-2214,B05,2026-04-24,Corrective Repair,Naik Mech,16,"Injector Nozzle, Fuel Filter",115605,1
ML-8621,EQ-2214,B05,2026-02-14,Oil & Filter Overhaul,Havildar Tech,8,"Oil Filter, Gaskets",78469,1
ML-8622,EQ-2215,B07,2026-06-29,Corrective Repair,Havildar Tech,48,"Alternator, Belt Drive",26153,1
ML-8623,EQ-2215,B07,2026-05-08,Emergency Repair,Warrant Officer,48,"Radiator Core, Coolant",23934,5
ML-8624,EQ-2216,B01,2026-06-04,Oil & Filter Overhaul,Warrant Officer,8,"Radiator Core, Coolant",118960,1
ML-8625,EQ-2216,B01,2026-04-23,Corrective Repair,Sergeant,24,"Oil Filter, Gaskets",78209,3
ML-8626,EQ-2216,B01,2026-02-11,Oil & Filter Overhaul,Subedar Tech,6,"Sensors, Wiring Harness",93519,1
ML-8627,EQ-2217,B05,2026-06-14,Corrective Repair,Sergeant,48,"Sensors, Wiring Harness",14953,5
ML-8628,EQ-2217,B05,2026-04-05,Corrective Repair,Sergeant,24,"Brake Pads, Hydraulic Line",10641,3
ML-8629,EQ-2218,B08,2026-05-14,Pre-Mission Inspection,Havildar Tech,4,"Sensors, Wiring Harness",42861,1
ML-8630,EQ-2218,B08,2026-02-04,Pre-Mission Inspection,Subedar Tech,4,"Brake Pads, Hydraulic Line",57819,1
ML-8631,EQ-2218,B08,2025-11-08,Corrective Repair,Subedar Tech,24,"Tire Assembly, Hub Bearing",52794,2
ML-8632,EQ-2218,B08,2025-08-28,Emergency Repair,Subedar Tech,8,"Alternator, Belt Drive",46925,2
ML-8633,EQ-2219,B08,2026-06-29,Routine Preventive,Naik Mech,16,"Oil Filter, Gaskets",29435,1
ML-8634,EQ-2219,B08,2026-05-17,Corrective Repair,Sergeant,48,"Starter Motor, Battery",28769,2
ML-8635,EQ-2220,B07,2026-06-05,Corrective Repair,Havildar Tech,16,"Alternator, Belt Drive",12295,1
ML-8636,EQ-2220,B07,2026-04-07,Emergency Repair,Sergeant,4,"Radiator Core, Coolant",15314,5
ML-8637,EQ-2221,B04,2026-06-08,Emergency Repair,Subedar Tech,48,"Oil Filter, Gaskets",12635,3
ML-8638,EQ-2221,B04,2026-04-12,Emergency Repair,Havildar Tech,8,"Sensors, Wiring Harness",11706,2
ML-8639,EQ-2221,B04,2026-02-19,Oil & Filter Overhaul,Sergeant,16,"Tire Assembly, Hub Bearing",13701,1
ML-8640,EQ-2221,B04,2025-12-12,Corrective Repair,Havildar Tech,4,"Oil Filter, Gaskets",16279,5
ML-8641,EQ-2222,B02,2026-06-09,Pre-Mission Inspection,Warrant Officer,6,"Brake Pads, Hydraulic Line",41654,1
ML-8642,EQ-2222,B02,2026-03-24,Routine Preventive,Havildar Tech,24,"Oil Filter, Gaskets",45896,1
ML-8643,EQ-2222,B02,2026-01-05,Emergency Repair,Naik Mech,6,"Sensors, Wiring Harness",29983,7
ML-8644,EQ-2223,B05,2026-06-29,Pre-Mission Inspection,Naik Mech,6,"Oil Filter, Gaskets",25947,1
ML-8645,EQ-2223,B05,2026-05-22,Routine Preventive,Havildar Tech,48,"Starter Motor, Battery",32988,1
ML-8646,EQ-2223,B05,2026-04-08,Corrective Repair,Havildar Tech,4,"Starter Motor, Battery",30121,3
ML-8647,EQ-2224,B01,2026-06-27,Emergency Repair,Havildar Tech,8,"Alternator, Belt Drive",31445,1
ML-8648,EQ-2224,B01,2026-05-13,Emergency Repair,Warrant Officer,12,"Oil Filter, Gaskets",21036,2
ML-8649,EQ-2224,B01,2026-03-26,Routine Preventive,Subedar Tech,16,"Injector Nozzle, Fuel Filter",32384,1
ML-8650,EQ-2225,B01,2026-06-10,Oil & Filter Overhaul,Sergeant,24,"Sensors, Wiring Harness",15009,1
ML-8651,EQ-2225,B01,2026-04-05,Emergency Repair,Sergeant,48,"Radiator Core, Coolant",13171,1
ML-8652,EQ-2225,B01,2026-02-17,Emergency Repair,Subedar Tech,6,"Sensors, Wiring Harness",16163,7
ML-8653,EQ-2226,B05,2026-06-04,Oil & Filter Overhaul,Subedar Tech,4,"Oil Filter, Gaskets",32961,1
ML-8654,EQ-2226,B05,2026-03-20,Oil & Filter Overhaul,Sergeant,6,"Oil Filter, Gaskets",32520,1
ML-8655,EQ-2226,B05,2025-12-24,Routine Preventive,Havildar Tech,48,"Tire Assembly, Hub Bearing",32155,1
ML-8656,EQ-2227,B01,2026-05-05,Pre-Mission Inspection,Naik Mech,6,"Radiator Core, Coolant",46141,1
ML-8657,EQ-2227,B01,2026-02-22,Corrective Repair,Naik Mech,6,"Sensors, Wiring Harness",53332,1
ML-8658,EQ-2228,B04,2026-05-30,Emergency Repair,Naik Mech,48,"Tire Assembly, Hub Bearing",41642,1
ML-8659,EQ-2228,B04,2026-03-23,Pre-Mission Inspection,Havildar Tech,4,"Sensors, Wiring Harness",31397,1
ML-8660,EQ-2228,B04,2026-01-10,Emergency Repair,Warrant Officer,4,"Tire Assembly, Hub Bearing",39459,2
ML-8661,EQ-2229,B07,2026-06-09,Emergency Repair,Sergeant,8,"Alternator, Belt Drive",16718,7
ML-8662,EQ-2229,B07,2026-04-15,Corrective Repair,Subedar Tech,12,"Alternator, Belt Drive",11941,2
ML-8663,EQ-2229,B07,2026-02-14,Emergency Repair,Naik Mech,12,"Tire Assembly, Hub Bearing",13783,7
ML-8664,EQ-2230,B03,2026-05-14,Pre-Mission Inspection,Sergeant,48,"Brake Pads, Hydraulic Line",57805,1
ML-8665,EQ-2230,B03,2026-02-12,Corrective Repair,Naik Mech,24,"Starter Motor, Battery",60029,1
ML-8666,EQ-2231,B05,2026-05-23,Emergency Repair,Naik Mech,48,"Oil Filter, Gaskets",51189,7
ML-8667,EQ-2231,B05,2026-02-08,Emergency Repair,Havildar Tech,24,"Sensors, Wiring Harness",43099,2
ML-8668,EQ-2231,B05,2025-11-26,Oil & Filter Overhaul,Havildar Tech,16,"Oil Filter, Gaskets",66418,1
ML-8669,EQ-2232,B04,2026-06-11,Pre-Mission Inspection,Warrant Officer,6,"Brake Pads, Hydraulic Line",13813,1
ML-8670,EQ-2232,B04,2026-04-16,Oil & Filter Overhaul,Warrant Officer,16,"Sensors, Wiring Harness",12284,1
ML-8671,EQ-2232,B04,2026-02-15,Corrective Repair,Warrant Officer,24,"Starter Motor, Battery",11522,7
ML-8672,EQ-2232,B04,2025-12-19,Routine Preventive,Sergeant,16,"Tire Assembly, Hub Bearing",15639,1
ML-8673,EQ-2233,B05,2026-07-06,Emergency Repair,Warrant Officer,48,"Tire Assembly, Hub Bearing",22124,2
ML-8674,EQ-2233,B05,2026-05-17,Pre-Mission Inspection,Warrant Officer,48,"Brake Pads, Hydraulic Line",20492,1
ML-8675,EQ-2233,B05,2026-04-02,Oil & Filter Overhaul,Naik Mech,12,"Sensors, Wiring Harness",23848,1
ML-8676,EQ-2233,B05,2026-02-20,Pre-Mission Inspection,Subedar Tech,48,"Sensors, Wiring Harness",24404,1
ML-8677,EQ-2234,B08,2026-06-16,Emergency Repair,Warrant Officer,24,"Oil Filter, Gaskets",15320,5
ML-8678,EQ-2234,B08,2026-04-16,Routine Preventive,Naik Mech,16,"Alternator, Belt Drive",14300,1
ML-8679,EQ-2234,B08,2026-02-07,Emergency Repair,Warrant Officer,4,"Injector Nozzle, Fuel Filter",15207,1
ML-8680,EQ-2235,B04,2026-07-15,Oil & Filter Overhaul,Warrant Officer,12,"Radiator Core, Coolant",56378,1
ML-8681,EQ-2235,B04,2026-06-21,Pre-Mission Inspection,Havildar Tech,4,"Brake Pads, Hydraulic Line",80232,1
ML-8682,EQ-2236,B01,2026-06-20,Emergency Repair,Warrant Officer,4,"Injector Nozzle, Fuel Filter",13778,1
ML-8683,EQ-2236,B01,2026-04-15,Corrective Repair,Sergeant,16,"Radiator Core, Coolant",13273,1
ML-8684,EQ-2237,B06,2026-06-15,Emergency Repair,Warrant Officer,24,"Starter Motor, Battery",10851,3
ML-8685,EQ-2237,B06,2026-04-15,Pre-Mission Inspection,Warrant Officer,12,"Radiator Core, Coolant",11496,1
ML-8686,EQ-2237,B06,2026-02-20,Pre-Mission Inspection,Warrant Officer,6,"Starter Motor, Battery",14232,1
ML-8687,EQ-2237,B06,2025-12-16,Routine Preventive,Sergeant,12,"Oil Filter, Gaskets",13510,1
ML-8688,EQ-2238,B01,2026-06-19,Routine Preventive,Warrant Officer,48,"Starter Motor, Battery",22440,1
ML-8689,EQ-2238,B01,2026-05-23,Emergency Repair,Sergeant,48,"Brake Pads, Hydraulic Line",21210,2
ML-8690,EQ-2238,B01,2026-04-05,Emergency Repair,Warrant Officer,24,"Tire Assembly, Hub Bearing",23106,2
ML-8691,EQ-2238,B01,2026-02-21,Routine Preventive,Sergeant,4,"Radiator Core, Coolant",25234,1
ML-8692,EQ-2239,B08,2026-06-19,Pre-Mission Inspection,Sergeant,12,"Starter Motor, Battery",15461,1
ML-8693,EQ-2239,B08,2026-04-05,Pre-Mission Inspection,Subedar Tech,12,"Alternator, Belt Drive",16262,1
ML-8694,EQ-2239,B08,2026-02-13,Corrective Repair,Naik Mech,4,"Injector Nozzle, Fuel Filter",14811,3
ML-8695,EQ-2239,B08,2025-12-15,Emergency Repair,Naik Mech,16,"Radiator Core, Coolant",16463,7
ML-8696,EQ-2240,B04,2026-06-16,Pre-Mission Inspection,Subedar Tech,16,"Oil Filter, Gaskets",15572,1
ML-8697,EQ-2240,B04,2026-04-23,Corrective Repair,Havildar Tech,16,"Radiator Core, Coolant",13571,2
ML-8698,EQ-2241,B03,2026-07-23,Corrective Repair,Sergeant,6,"Sensors, Wiring Harness",72352,7
ML-8699,EQ-2241,B03,2026-06-12,Emergency Repair,Naik Mech,16,"Oil Filter, Gaskets",64518,1
ML-8700,EQ-2242,B06,2026-06-28,Pre-Mission Inspection,Subedar Tech,12,"Oil Filter, Gaskets",31926,1
ML-8701,EQ-2242,B06,2026-05-12,Routine Preventive,Havildar Tech,24,"Oil Filter, Gaskets",31196,1
ML-8702,EQ-2242,B06,2026-03-31,Corrective Repair,Naik Mech,16,"Brake Pads, Hydraulic Line",29568,5
ML-8703,EQ-2242,B06,2026-02-20,Pre-Mission Inspection,Subedar Tech,6,"Alternator, Belt Drive",24006,1
ML-8704,EQ-2243,B06,2026-06-22,Emergency Repair,Naik Mech,8,"Tire Assembly, Hub Bearing",26725,1
ML-8705,EQ-2243,B06,2026-05-08,Pre-Mission Inspection,Sergeant,12,"Injector Nozzle, Fuel Filter",23206,1
ML-8706,EQ-2243,B06,2026-04-10,Routine Preventive,Warrant Officer,4,"Oil Filter, Gaskets",32870,1
ML-8707,EQ-2244,B02,2026-06-19,Emergency Repair,Subedar Tech,16,"Tire Assembly, Hub Bearing",30311,5
ML-8708,EQ-2244,B02,2026-05-14,Oil & Filter Overhaul,Sergeant,8,"Injector Nozzle, Fuel Filter",30005,1
ML-8709,EQ-2244,B02,2026-03-28,Routine Preventive,Warrant Officer,12,"Radiator Core, Coolant",27758,1
ML-8710,EQ-2244,B02,2026-02-12,Pre-Mission Inspection,Naik Mech,16,"Tire Assembly, Hub Bearing",23929,1
ML-8711,EQ-2245,B05,2026-06-24,Oil & Filter Overhaul,Havildar Tech,4,"Alternator, Belt Drive",12595,1
ML-8712,EQ-2245,B05,2026-04-15,Corrective Repair,Warrant Officer,12,"Starter Motor, Battery",15206,1
ML-8713,EQ-2245,B05,2026-02-11,Routine Preventive,Sergeant,8,"Brake Pads, Hydraulic Line",14773,1
ML-8714,EQ-2246,B01,2026-05-23,Emergency Repair,Warrant Officer,4,"Brake Pads, Hydraulic Line",42937,5
ML-8715,EQ-2246,B01,2026-02-15,Routine Preventive,Subedar Tech,6,"Sensors, Wiring Harness",65638,1
ML-8716,EQ-2246,B01,2025-11-09,Pre-Mission Inspection,Naik Mech,4,"Radiator Core, Coolant",57266,1
ML-8717,EQ-2247,B03,2026-05-25,Oil & Filter Overhaul,Sergeant,12,"Alternator, Belt Drive",43956,1
ML-8718,EQ-2247,B03,2026-03-25,Pre-Mission Inspection,Warrant Officer,6,"Brake Pads, Hydraulic Line",38991,1
ML-8719,EQ-2247,B03,2025-12-21,Emergency Repair,Sergeant,24,"Brake Pads, Hydraulic Line",34847,1
ML-8720,EQ-2247,B03,2025-10-07,Corrective Repair,Havildar Tech,48,"Radiator Core, Coolant",43637,2
ML-8721,EQ-2248,B08,2026-06-06,Emergency Repair,Sergeant,4,"Injector Nozzle, Fuel Filter",16612,1
ML-8722,EQ-2248,B08,2026-04-18,Emergency Repair,Naik Mech,16,"Starter Motor, Battery",10863,1
ML-8723,EQ-2248,B08,2026-02-08,Pre-Mission Inspection,Subedar Tech,6,"Radiator Core, Coolant",15402,1
ML-8724,EQ-2249,B01,2026-07-16,Oil & Filter Overhaul,Sergeant,8,"Brake Pads, Hydraulic Line",79006,1
ML-8725,EQ-2249,B01,2026-06-20,Corrective Repair,Warrant Officer,12,"Starter Motor, Battery",70238,1
ML-8726,EQ-2249,B01,2026-05-21,Routine Preventive,Naik Mech,12,"Alternator, Belt Drive",59708,1
ML-8727,EQ-2250,B04,2026-06-23,Routine Preventive,Subedar Tech,8,"Injector Nozzle, Fuel Filter",16204,1
ML-8728,EQ-2250,B04,2026-04-23,Oil & Filter Overhaul,Havildar Tech,24,"Starter Motor, Battery",12474,1
ML-8729,EQ-2250,B04,2026-02-09,Pre-Mission Inspection,Subedar Tech,6,"Sensors, Wiring Harness",11523,1
