Equipment_ID,Base_ID,Base,Type_ID,Equipment_Type,Category,Status,Last_Service,Next_Service,Fuel_Used_L,Operating_Hours,Maintenance_Cost_INR,Spare_Parts,Readiness_Pct,Downtime_Days,Is_Critical
EQ-1001,B04,Delhi,ET01,Heavy Tactical Truck,Transport Fleet,Operational,2026-07-25,2026-09-23,546,197,20500,Available,80.6,0,0
EQ-1002,B02,Kanpur,ET01,Heavy Tactical Truck,Transport Fleet,Operational,2026-07-26,2026-09-24,482,168,19200,Available,95.8,0,0
EQ-1003,B04,Delhi,ET01,Heavy Tactical Truck,Transport Fleet,Operational,2026-07-08,2026-09-06,586,204,21200,Available,96.0,0,0
EQ-1004,B03,Bhopal,ET03,Field Diesel Generator,Power Logistics,Operational,2026-06-23,2026-08-07,544,351,71000,Low,90.2,0,0
EQ-1005,B07,Siliguri,ET03,Field Diesel Generator,Power Logistics,Operational,2026-07-17,2026-08-31,340,245,49400,Available,90.8,0,0
EQ-1006,B07,Siliguri,ET01,Heavy Tactical Truck,Transport Fleet,Operational,2026-07-20,2026-09-18,410,164,19800,Available,96.8,0,0
EQ-1007,B02,Kanpur,ET01,Heavy Tactical Truck,Transport Fleet,Maintenance,2026-07-30,2026-09-28,658,246,37600,Low,45.3,5,1
EQ-1008,B01,Lucknow,ET02,Armored Personnel Carrier (APC),Combat Armor,Maintenance,2026-07-13,2026-10-11,1142,233,101700,Available,64.8,15,0
EQ-1009,B04,Delhi,ET06,Artillery Tractor,Heavy Towing,Operational,2026-06-28,2026-09-11,648,171,57300,Available,82.0,0,0
EQ-1010,B01,Lucknow,ET01,Heavy Tactical Truck,Transport Fleet,Operational,2026-07-31,2026-09-29,558,199,22100,Low,84.0,0,0
EQ-1011,B02,Kanpur,ET05,Mobile Radar Unit,Air Defense,Operational,2026-07-07,2026-09-05,405,171,120900,Available,92.5,0,0
EQ-1012,B04,Delhi,ET03,Field Diesel Generator,Power Logistics,Operational,2026-06-21,2026-08-05,315,232,53800,Available,95.3,0,0
EQ-1013,B02,Kanpur,ET04,Tactical UAV Launcher,Surveillance Systems,Operational,2026-07-23,2026-08-22,229,207,101400,Available,95.1,0,0
EQ-1014,B05,Leh,ET01,Heavy Tactical Truck,Transport Fleet,Operational,2026-06-12,2026-08-11,215,88,14900,Available,95.3,0,0
EQ-1015,B07,Siliguri,ET01,Heavy Tactical Truck,Transport Fleet,Operational,2026-07-09,2026-09-07,239,97,14600,Available,87.7,0,0
EQ-1016,B01,Lucknow,ET02,Armored Personnel Carrier (APC),Combat Armor,Operational,2026-06-25,2026-09-23,766,166,69700,Available,96.7,0,0
EQ-1017,B05,Leh,ET03,Field Diesel Generator,Power Logistics,Operational,2026-07-26,2026-09-09,299,199,58000,Available,93.6,0,0
EQ-1018,B03,Bhopal,ET02,Armored Personnel Carrier (APC),Combat Armor,Operational,2026-07-23,2026-10-21,1093,210,77400,Critical Shortage,86.9,0,0
EQ-1019,B03,Bhopal,ET01,Heavy Tactical Truck,Transport Fleet,Operational,2026-07-12,2026-09-10,359,134,15900,Low,93.7,0,0
EQ-1020,B02,Kanpur,ET03,Field Diesel Generator,Power Logistics,Maintenance,2026-06-29,2026-08-13,266,175,59200,Critical Shortage,57.3,11,1
EQ-1021,B08,Pune,ET01,Heavy Tactical Truck,Transport Fleet,Operational,2026-07-08,2026-09-06,626,240,23000,Available,87.2,0,0
EQ-1022,B02,Kanpur,ET01,Heavy Tactical Truck,Transport Fleet,Operational,2026-07-07,2026-09-05,431,164,20800,Available,95.0,0,0
EQ-1023,B01,Lucknow,ET02,Armored Personnel Carrier (APC),Combat Armor,Operational,2026-05-11,2026-08-09,891,198,83300,Available,90.9,0,0
EQ-1024,B02,Kanpur,ET01,Heavy Tactical Truck,Transport Fleet,Maintenance,2026-05-28,2026-07-27,263,110,24100,Low,56.9,18,1
EQ-1025,B05,Leh,ET01,Heavy Tactical Truck,Transport Fleet,Operational,2026-06-23,2026-08-22,425,150,20200,Available,89.6,0,0
EQ-1026,B04,Delhi,ET03,Field Diesel Generator,Power Logistics,Operational,2026-07-03,2026-08-17,375,266,54500,Low,82.7,0,0
EQ-1027,B03,Bhopal,ET01,Heavy Tactical Truck,Transport Fleet,Operational,2026-07-26,2026-09-24,305,123,17800,Low,87.3,0,0
EQ-1028,B04,Delhi,ET06,Artillery Tractor,Heavy Towing,Operational,2026-07-01,2026-09-14,784,213,49300,Critical Shortage,96.4,0,0
EQ-1029,B04,Delhi,ET06,Artillery Tractor,Heavy Towing,Operational,2026-06-05,2026-08-19,622,164,57000,Available,85.6,0,0
EQ-1030,B07,Siliguri,ET01,Heavy Tactical Truck,Transport Fleet,Operational,2026-06-28,2026-08-27,464,161,21000,Available,82.2,0,0
EQ-1031,B02,Kanpur,ET06,Artillery Tractor,Heavy Towing,Out of Service,2026-05-16,2026-07-30,552,164,98400,Available,37.8,25,1
EQ-1032,B03,Bhopal,ET02,Armored Personnel Carrier (APC),Combat Armor,Operational,2026-05-04,2026-08-02,1436,287,95700,Available,96.5,0,0
EQ-1033,B07,Siliguri,ET03,Field Diesel Generator,Power Logistics,Operational,2026-07-08,2026-08-22,349,259,59600,Available,95.7,0,0
EQ-1034,B03,Bhopal,ET03,Field Diesel Generator,Power Logistics,Operational,2026-06-28,2026-08-12,305,196,44300,Available,89.6,0,0
EQ-1035,B02,Kanpur,ET02,Armored Personnel Carrier (APC),Combat Armor,Operational,2026-07-26,2026-10-24,1170,236,90100,Available,83.0,0,0
EQ-1036,B02,Kanpur,ET01,Heavy Tactical Truck,Transport Fleet,Maintenance,2026-06-02,2026-08-01,330,120,29700,Low,53.1,15,1
EQ-1037,B03,Bhopal,ET01,Heavy Tactical Truck,Transport Fleet,Maintenance,2026-07-22,2026-09-20,447,184,29700,Critical Shortage,62.9,14,0
EQ-1038,B03,Bhopal,ET02,Armored Personnel Carrier (APC),Combat Armor,Operational,2026-07-27,2026-10-25,461,97,59900,Available,88.6,0,0
EQ-1039,B04,Delhi,ET02,Armored Personnel Carrier (APC),Combat Armor,Operational,2026-05-11,2026-08-09,660,128,68800,Available,95.0,0,0
EQ-1040,B02,Kanpur,ET02,Armored Personnel Carrier (APC),Combat Armor,Maintenance,2026-05-03,2026-08-01,1063,204,162700,Available,47.1,16,1
EQ-1041,B05,Leh,ET04,Tactical UAV Launcher,Surveillance Systems,Operational,2026-07-06,2026-08-05,282,231,115900,Available,83.7,0,0
EQ-1042,B06,Jodhpur,ET01,Heavy Tactical Truck,Transport Fleet,Maintenance,2026-07-08,2026-09-06,524,182,38300,Low,66.4,16,0
EQ-1043,B06,Jodhpur,ET03,Field Diesel Generator,Power Logistics,Operational,2026-07-18,2026-09-01,333,253,48500,Available,84.5,0,0
EQ-1044,B06,Jodhpur,ET02,Armored Personnel Carrier (APC),Combat Armor,Operational,2026-05-03,2026-08-01,923,179,79000,Available,82.5,0,0
EQ-1045,B03,Bhopal,ET05,Mobile Radar Unit,Air Defense,Operational,2026-07-30,2026-09-28,260,121,127700,Low,86.3,0,0
EQ-1046,B01,Lucknow,ET02,Armored Personnel Carrier (APC),Combat Armor,Operational,2026-05-19,2026-08-17,841,159,80200,Available,85.2,0,0
EQ-1047,B05,Leh,ET02,Armored Personnel Carrier (APC),Combat Armor,Operational,2026-07-03,2026-10-01,798,171,76900,Available,84.1,0,0
EQ-1048,B02,Kanpur,ET06,Artillery Tractor,Heavy Towing,Maintenance,2026-05-24,2026-08-07,857,247,99100,Low,57.7,5,1
EQ-1049,B02,Kanpur,ET06,Artillery Tractor,Heavy Towing,Operational,2026-07-25,2026-10-08,773,212,56000,Available,83.2,0,0
EQ-1050,B02,Kanpur,ET03,Field Diesel Generator,Power Logistics,Operational,2026-07-14,2026-08-28,230,154,46500,Available,87.0,0,0
EQ-1051,B08,Pune,ET03,Field Diesel Generator,Power Logistics,Out of Service,2026-07-05,2026-08-19,363,279,147600,Low,23.3,18,1
EQ-1052,B03,Bhopal,ET06,Artillery Tractor,Heavy Towing,Operational,2026-06-15,2026-08-29,637,175,52300,Available,80.9,0,0
EQ-1053,B03,Bhopal,ET03,Field Diesel Generator,Power Logistics,Operational,2026-07-21,2026-09-04,332,219,53600,Available,82.1,0,0
EQ-1054,B05,Leh,ET05,Mobile Radar Unit,Air Defense,Operational,2026-06-05,2026-08-04,481,225,132400,Low,84.7,0,0
EQ-1055,B02,Kanpur,ET01,Heavy Tactical Truck,Transport Fleet,Maintenance,2026-06-24,2026-08-23,540,221,32900,Low,62.7,3,0
EQ-1056,B01,Lucknow,ET03,Field Diesel Generator,Power Logistics,Operational,2026-06-25,2026-08-09,430,315,62300,Critical Shortage,97.8,0,0
EQ-1057,B02,Kanpur,ET04,Tactical UAV Launcher,Surveillance Systems,Out of Service,2026-06-25,2026-07-25,155,153,169900,Critical Shortage,34.4,32,1
EQ-1058,B04,Delhi,ET02,Armored Personnel Carrier (APC),Combat Armor,Operational,2026-06-02,2026-08-31,932,179,69000,Available,90.2,0,0
EQ-1059,B08,Pune,ET01,Heavy Tactical Truck,Transport Fleet,Maintenance,2026-06-13,2026-08-12,527,189,33600,Low,55.3,15,1
EQ-1060,B02,Kanpur,ET01,Heavy Tactical Truck,Transport Fleet,Operational,2026-07-30,2026-09-28,597,218,19500,Available,80.8,0,0
EQ-1061,B05,Leh,ET02,Armored Personnel Carrier (APC),Combat Armor,Operational,2026-07-06,2026-10-04,843,171,79500,Available,85.7,0,0
EQ-1062,B06,Jodhpur,ET03,Field Diesel Generator,Power Logistics,Operational,2026-07-15,2026-08-29,333,248,59000,Available,84.0,0,0
EQ-1063,B07,Siliguri,ET04,Tactical UAV Launcher,Surveillance Systems,Operational,2026-07-10,2026-08-09,158,139,84400,Available,83.7,0,0
EQ-1064,B01,Lucknow,ET03,Field Diesel Generator,Power Logistics,Operational,2026-07-07,2026-08-21,253,188,50300,Available,92.7,0,0
EQ-1065,B03,Bhopal,ET02,Armored Personnel Carrier (APC),Combat Armor,Operational,2026-06-11,2026-09-09,1056,235,85100,Available,86.3,0,0
EQ-1066,B03,Bhopal,ET04,Tactical UAV Launcher,Surveillance Systems,Maintenance,2026-07-30,2026-08-29,285,262,191300,Critical Shortage,52.8,15,1
EQ-1067,B01,Lucknow,ET01,Heavy Tactical Truck,Transport Fleet,Operational,2026-07-20,2026-09-18,433,171,17200,Available,88.2,0,0
EQ-1068,B03,Bhopal,ET02,Armored Personnel Carrier (APC),Combat Armor,Operational,2026-05-17,2026-08-15,1139,245,83600,Low,91.7,0,0
EQ-1069,B08,Pune,ET02,Armored Personnel Carrier (APC),Combat Armor,Operational,2026-05-09,2026-08-07,1000,213,70800,Available,96.1,0,0
EQ-1070,B08,Pune,ET02,Armored Personnel Carrier (APC),Combat Armor,Operational,2026-07-08,2026-10-06,730,162,72200,Available,89.9,0,0
EQ-1071,B02,Kanpur,ET01,Heavy Tactical Truck,Transport Fleet,Operational,2026-07-31,2026-09-29,463,191,21300,Available,82.2,0,0
EQ-1072,B04,Delhi,ET04,Tactical UAV Launcher,Surveillance Systems,Operational,2026-07-29,2026-08-28,286,271,106200,Available,96.4,0,0
EQ-1073,B03,Bhopal,ET01,Heavy Tactical Truck,Transport Fleet,Operational,2026-08-04,2026-10-03,446,173,19100,Available,83.7,0,0
EQ-1074,B08,Pune,ET01,Heavy Tactical Truck,Transport Fleet,Operational,2026-08-01,2026-09-30,623,245,21500,Available,86.6,0,0
EQ-1075,B06,Jodhpur,ET04,Tactical UAV Launcher,Surveillance Systems,Operational,2026-07-19,2026-08-18,72,64,77500,Available,87.1,0,0
EQ-1076,B04,Delhi,ET05,Mobile Radar Unit,Air Defense,Operational,2026-06-08,2026-08-07,494,236,128100,Low,98.2,0,0
EQ-1077,B08,Pune,ET02,Armored Personnel Carrier (APC),Combat Armor,Operational,2026-05-04,2026-08-02,951,199,82900,Available,82.0,0,0
EQ-1078,B04,Delhi,ET03,Field Diesel Generator,Power Logistics,Operational,2026-06-24,2026-08-08,358,242,54800,Available,91.5,0,0
EQ-1079,B04,Delhi,ET01,Heavy Tactical Truck,Transport Fleet,Operational,2026-06-16,2026-08-15,516,179,19400,Low,91.9,0,0
EQ-1080,B04,Delhi,ET01,Heavy Tactical Truck,Transport Fleet,Operational,2026-08-04,2026-10-03,211,85,16700,Available,93.3,0,0
EQ-1081,B03,Bhopal,ET02,Armored Personnel Carrier (APC),Combat Armor,Operational,2026-05-24,2026-08-22,830,184,78300,Available,82.2,0,0
EQ-1082,B02,Kanpur,ET04,Tactical UAV Launcher,Surveillance Systems,Operational,2026-07-05,2026-08-04,231,212,114400,Available,94.7,0,0
EQ-1083,B08,Pune,ET01,Heavy Tactical Truck,Transport Fleet,Operational,2026-07-27,2026-09-25,679,241,22100,Available,81.2,0,0
EQ-1084,B08,Pune,ET01,Heavy Tactical Truck,Transport Fleet,Operational,2026-07-16,2026-09-14,370,151,19700,Available,85.8,0,0
EQ-1085,B01,Lucknow,ET04,Tactical UAV Launcher,Surveillance Systems,Operational,2026-07-31,2026-08-30,169,154,93300,Available,84.9,0,0
EQ-1086,B03,Bhopal,ET02,Armored Personnel Carrier (APC),Combat Armor,Operational,2026-05-28,2026-08-26,907,169,78200,Available,98.8,0,0
EQ-1087,B03,Bhopal,ET05,Mobile Radar Unit,Air Defense,Maintenance,2026-06-21,2026-08-20,570,240,240800,Low,61.1,21,0
EQ-1088,B01,Lucknow,ET06,Artillery Tractor,Heavy Towing,Operational,2026-07-08,2026-09-21,795,211,58100,Low,95.5,0,0
EQ-1089,B05,Leh,ET01,Heavy Tactical Truck,Transport Fleet,Operational,2026-06-14,2026-08-13,374,151,18300,Available,87.2,0,0
EQ-1090,B02,Kanpur,ET06,Artillery Tractor,Heavy Towing,Maintenance,2026-05-20,2026-08-03,809,220,95700,Available,47.3,9,1
EQ-1091,B06,Jodhpur,ET02,Armored Personnel Carrier (APC),Combat Armor,Maintenance,2026-06-19,2026-09-17,952,199,137300,Critical Shortage,55.3,11,1
EQ-1092,B01,Lucknow,ET06,Artillery Tractor,Heavy Towing,Maintenance,2026-06-11,2026-08-25,854,243,93100,Available,48.4,11,1
EQ-1093,B06,Jodhpur,ET04,Tactical UAV Launcher,Surveillance Systems,Maintenance,2026-07-05,2026-08-04,170,159,152800,Low,49.0,15,1
EQ-1094,B06,Jodhpur,ET03,Field Diesel Generator,Power Logistics,Operational,2026-07-28,2026-09-11,343,240,58200,Available,90.8,0,0
EQ-1095,B02,Kanpur,ET02,Armored Personnel Carrier (APC),Combat Armor,Operational,2026-08-04,2026-11-02,901,175,73300,Low,82.5,0,0
EQ-1096,B08,Pune,ET03,Field Diesel Generator,Power Logistics,Maintenance,2026-07-17,2026-08-31,264,172,70000,Critical Shortage,46.3,15,1
EQ-1097,B06,Jodhpur,ET05,Mobile Radar Unit,Air Defense,Maintenance,2026-07-03,2026-09-01,434,209,246900,Low,66.0,13,0
EQ-1098,B01,Lucknow,ET01,Heavy Tactical Truck,Transport Fleet,Operational,2026-06-08,2026-08-07,532,186,17900,Available,96.4,0,0
EQ-1099,B04,Delhi,ET04,Tactical UAV Launcher,Surveillance Systems,Maintenance,2026-08-04,2026-09-03,220,195,175700,Available,50.7,14,1
EQ-1100,B05,Leh,ET02,Armored Personnel Carrier (APC),Combat Armor,Operational,2026-07-17,2026-10-15,891,183,69500,Available,93.0,0,0
EQ-1101,B01,Lucknow,ET03,Field Diesel Generator,Power Logistics,Operational,2026-07-27,2026-09-10,258,175,56700,Low,81.4,0,0
EQ-1102,B07,Siliguri,ET06,Artillery Tractor,Heavy Towing,Operational,2026-06-23,2026-09-06,602,173,48000,Available,87.6,0,0
EQ-1103,B05,Leh,ET03,Field Diesel Generator,Power Logistics,Operational,2026-06-24,2026-08-08,345,239,59000,Available,93.1,0,0
EQ-1104,B01,Lucknow,ET02,Armored Personnel Carrier (APC),Combat Armor,Operational,2026-05-26,2026-08-24,741,154,71700,Available,95.7,0,0
EQ-1105,B03,Bhopal,ET03,Field Diesel Generator,Power Logistics,Maintenance,2026-07-05,2026-08-19,384,250,95800,Low,47.5,9,1
EQ-1106,B05,Leh,ET01,Heavy Tactical Truck,Transport Fleet,Operational,2026-06-25,2026-08-24,527,193,19900,Available,87.3,0,0
EQ-1107,B07,Siliguri,ET02,Armored Personnel Carrier (APC),Combat Armor,Operational,2026-07-30,2026-10-28,1381,289,93600,Available,83.8,0,0
EQ-1108,B01,Lucknow,ET01,Heavy Tactical Truck,Transport Fleet,Operational,2026-07-08,2026-09-06,517,182,21400,Low,93.4,0,0
EQ-1109,B03,Bhopal,ET04,Tactical UAV Launcher,Surveillance Systems,Operational,2026-07-04,2026-08-03,212,207,92700,Low,90.3,0,0
EQ-1110,B05,Leh,ET01,Heavy Tactical Truck,Transport Fleet,Operational,2026-06-01,2026-07-31,454,171,18800,Available,80.8,0,0
EQ-1111,B03,Bhopal,ET01,Heavy Tactical Truck,Transport Fleet,Operational,2026-07-31,2026-09-29,244,88,16800,Available,81.4,0,0
EQ-1112,B01,Lucknow,ET03,Field Diesel Generator,Power Logistics,Operational,2026-06-19,2026-08-03,354,258,62500,Critical Shortage,84.0,0,0
EQ-1113,B05,Leh,ET03,Field Diesel Generator,Power Logistics,Operational,2026-07-09,2026-08-23,398,263,51100,Available,94.9,0,0
EQ-1114,B02,Kanpur,ET04,Tactical UAV Launcher,Surveillance Systems,Operational,2026-07-04,2026-08-03,354,318,109200,Available,86.9,0,0
EQ-1115,B06,Jodhpur,ET01,Heavy Tactical Truck,Transport Fleet,Operational,2026-06-20,2026-08-19,453,166,19300,Available,97.1,0,0
EQ-1116,B04,Delhi,ET02,Armored Personnel Carrier (APC),Combat Armor,Operational,2026-07-19,2026-10-17,1046,210,81200,Available,80.7,0,0
EQ-1117,B01,Lucknow,ET03,Field Diesel Generator,Power Logistics,Operational,2026-06-28,2026-08-12,390,257,51900,Available,91.7,0,0
EQ-1118,B01,Lucknow,ET01,Heavy Tactical Truck,Transport Fleet,Operational,2026-06-20,2026-08-19,311,122,15600,Available,88.1,0,0
EQ-1119,B06,Jodhpur,ET05,Mobile Radar Unit,Air Defense,Operational,2026-07-03,2026-09-01,519,252,139700,Available,81.5,0,0
EQ-1120,B05,Leh,ET02,Armored Personnel Carrier (APC),Combat Armor,Operational,2026-07-01,2026-09-29,1043,232,87400,Critical Shortage,86.7,0,0
EQ-1121,B02,Kanpur,ET02,Armored Personnel Carrier (APC),Combat Armor,Operational,2026-06-23,2026-09-21,1087,234,91300,Available,88.7,0,0
EQ-1122,B02,Kanpur,ET04,Tactical UAV Launcher,Surveillance Systems,Out of Service,2026-07-21,2026-08-20,158,149,201700,Critical Shortage,20.9,25,1
EQ-1123,B03,Bhopal,ET03,Field Diesel Generator,Power Logistics,Operational,2026-06-27,2026-08-11,474,344,63800,Low,85.0,0,0
EQ-1124,B04,Delhi,ET03,Field Diesel Generator,Power Logistics,Operational,2026-07-20,2026-09-03,228,175,50200,Available,88.5,0,0
EQ-1125,B02,Kanpur,ET01,Heavy Tactical Truck,Transport Fleet,Operational,2026-06-16,2026-08-15,544,201,19000,Available,88.5,0,0
EQ-1126,B03,Bhopal,ET01,Heavy Tactical Truck,Transport Fleet,Operational,2026-06-25,2026-08-24,703,273,24800,Low,88.9,0,0
EQ-1127,B06,Jodhpur,ET05,Mobile Radar Unit,Air Defense,Operational,2026-06-04,2026-08-03,294,145,136700,Available,89.1,0,0
EQ-1128,B06,Jodhpur,ET02,Armored Personnel Carrier (APC),Combat Armor,Maintenance,2026-05-18,2026-08-16,834,166,121700,Low,56.3,13,1
EQ-1129,B06,Jodhpur,ET01,Heavy Tactical Truck,Transport Fleet,Operational,2026-06-10,2026-08-09,499,179,18200,Available,98.9,0,0
EQ-1130,B04,Delhi,ET02,Armored Personnel Carrier (APC),Combat Armor,Operational,2026-07-05,2026-10-03,765,169,64200,Available,80.8,0,0
EQ-1131,B04,Delhi,ET02,Armored Personnel Carrier (APC),Combat Armor,Operational,2026-05-27,2026-08-25,583,117,60200,Low,90.1,0,0
EQ-1132,B01,Lucknow,ET01,Heavy Tactical Truck,Transport Fleet,Operational,2026-06-04,2026-08-03,461,178,19400,Available,93.3,0,0
EQ-1133,B04,Delhi,ET03,Field Diesel Generator,Power Logistics,Operational,2026-06-23,2026-08-07,284,196,52500,Available,96.8,0,0
EQ-1134,B02,Kanpur,ET01,Heavy Tactical Truck,Transport Fleet,Maintenance,2026-07-01,2026-08-30,539,196,37200,Critical Shortage,58.1,21,1
EQ-1135,B07,Siliguri,ET02,Armored Personnel Carrier (APC),Combat Armor,Maintenance,2026-07-07,2026-10-05,675,149,134100,Low,66.4,15,0
EQ-1136,B06,Jodhpur,ET01,Heavy Tactical Truck,Transport Fleet,Operational,2026-07-11,2026-09-09,645,244,22100,Available,98.9,0,0
EQ-1137,B05,Leh,ET05,Mobile Radar Unit,Air Defense,Operational,2026-07-18,2026-09-16,378,155,137000,Available,95.6,0,0
EQ-1138,B08,Pune,ET01,Heavy Tactical Truck,Transport Fleet,Operational,2026-07-13,2026-09-11,426,160,17300,Low,98.4,0,0
EQ-1139,B01,Lucknow,ET06,Artillery Tractor,Heavy Towing,Operational,2026-07-10,2026-09-23,845,235,60400,Available,91.0,0,0
EQ-1140,B05,Leh,ET05,Mobile Radar Unit,Air Defense,Operational,2026-07-12,2026-09-10,278,133,108700,Available,83.5,0,0
EQ-1141,B07,Siliguri,ET02,Armored Personnel Carrier (APC),Combat Armor,Operational,2026-05-05,2026-08-03,1072,206,74600,Available,91.6,0,0
EQ-1142,B03,Bhopal,ET01,Heavy Tactical Truck,Transport Fleet,Maintenance,2026-07-18,2026-09-16,563,233,35500,Available,47.1,19,1
EQ-1143,B02,Kanpur,ET04,Tactical UAV Launcher,Surveillance Systems,Out of Service,2026-07-24,2026-08-23,137,114,152700,Low,15.4,33,1
EQ-1144,B08,Pune,ET01,Heavy Tactical Truck,Transport Fleet,Operational,2026-07-28,2026-09-26,473,183,20700,Available,96.0,0,0
EQ-1145,B03,Bhopal,ET04,Tactical UAV Launcher,Surveillance Systems,Operational,2026-08-03,2026-09-02,228,207,97000,Low,90.6,0,0
EQ-1146,B01,Lucknow,ET03,Field Diesel Generator,Power Logistics,Operational,2026-08-01,2026-09-15,462,306,62900,Low,80.6,0,0
EQ-1147,B05,Leh,ET03,Field Diesel Generator,Power Logistics,Operational,2026-07-03,2026-08-17,283,185,46900,Available,93.8,0,0
EQ-1148,B02,Kanpur,ET01,Heavy Tactical Truck,Transport Fleet,Operational,2026-07-01,2026-08-30,284,115,15400,Available,98.2,0,0
EQ-1149,B01,Lucknow,ET05,Mobile Radar Unit,Air Defense,Operational,2026-06-07,2026-08-06,477,221,141100,Available,98.0,0,0
EQ-1150,B04,Delhi,ET01,Heavy Tactical Truck,Transport Fleet,Operational,2026-07-06,2026-09-04,507,188,20300,Available,90.4,0,0
EQ-1151,B05,Leh,ET03,Field Diesel Generator,Power Logistics,Operational,2026-07-08,2026-08-22,401,275,57300,Available,86.0,0,0
EQ-1152,B02,Kanpur,ET02,Armored Personnel Carrier (APC),Combat Armor,Maintenance,2026-05-12,2026-08-10,1139,212,98800,Available,59.9,7,1
EQ-1153,B03,Bhopal,ET03,Field Diesel Generator,Power Logistics,Operational,2026-07-29,2026-09-12,325,219,59800,Available,81.5,0,0
EQ-1154,B07,Siliguri,ET03,Field Diesel Generator,Power Logistics,Operational,2026-07-18,2026-09-01,426,273,49400,Available,97.5,0,0
EQ-1155,B06,Jodhpur,ET05,Mobile Radar Unit,Air Defense,Operational,2026-07-17,2026-09-15,436,209,150600,Available,94.3,0,0
EQ-1156,B04,Delhi,ET02,Armored Personnel Carrier (APC),Combat Armor,Operational,2026-06-26,2026-09-24,760,159,79600,Low,93.0,0,0
EQ-1157,B05,Leh,ET01,Heavy Tactical Truck,Transport Fleet,Operational,2026-07-09,2026-09-07,624,258,24700,Available,92.1,0,0
EQ-1158,B03,Bhopal,ET02,Armored Personnel Carrier (APC),Combat Armor,Operational,2026-06-04,2026-09-02,1054,218,89200,Available,83.8,0,0
EQ-1159,B04,Delhi,ET06,Artillery Tractor,Heavy Towing,Operational,2026-07-25,2026-10-08,439,135,46700,Available,96.2,0,0
EQ-1160,B08,Pune,ET01,Heavy Tactical Truck,Transport Fleet,Operational,2026-06-15,2026-08-14,564,204,18400,Available,95.3,0,0
EQ-1161,B06,Jodhpur,ET06,Artillery Tractor,Heavy Towing,Operational,2026-05-24,2026-08-07,569,146,49900,Available,86.1,0,0
EQ-1162,B01,Lucknow,ET06,Artillery Tractor,Heavy Towing,Operational,2026-06-06,2026-08-20,799,234,60900,Available,83.9,0,0
EQ-1163,B07,Siliguri,ET06,Artillery Tractor,Heavy Towing,Operational,2026-07-10,2026-09-23,921,252,56700,Available,83.7,0,0
EQ-1164,B02,Kanpur,ET01,Heavy Tactical Truck,Transport Fleet,Operational,2026-06-25,2026-08-24,385,138,16700,Available,84.5,0,0
EQ-1165,B03,Bhopal,ET01,Heavy Tactical Truck,Transport Fleet,Operational,2026-07-15,2026-09-13,610,218,21200,Available,90.5,0,0
EQ-1166,B03,Bhopal,ET01,Heavy Tactical Truck,Transport Fleet,Out of Service,2026-06-08,2026-08-07,477,193,50300,Critical Shortage,15.7,32,1
EQ-1167,B01,Lucknow,ET03,Field Diesel Generator,Power Logistics,Operational,2026-07-15,2026-08-29,415,309,52800,Available,89.1,0,0
EQ-1168,B06,Jodhpur,ET06,Artillery Tractor,Heavy Towing,Operational,2026-06-08,2026-08-22,943,289,57200,Critical Shortage,87.4,0,0
EQ-1169,B06,Jodhpur,ET01,Heavy Tactical Truck,Transport Fleet,Operational,2026-07-18,2026-09-16,461,163,18100,Available,88.7,0,0
EQ-1170,B03,Bhopal,ET03,Field Diesel Generator,Power Logistics,Operational,2026-07-05,2026-08-19,299,214,61200,Critical Shortage,97.6,0,0
EQ-1171,B04,Delhi,ET02,Armored Personnel Carrier (APC),Combat Armor,Operational,2026-07-12,2026-10-10,736,150,70100,Available,91.5,0,0
EQ-1172,B01,Lucknow,ET06,Artillery Tractor,Heavy Towing,Operational,2026-07-02,2026-09-15,540,154,49100,Available,90.6,0,0
EQ-1173,B04,Delhi,ET05,Mobile Radar Unit,Air Defense,Operational,2026-07-21,2026-09-19,444,191,130500,Available,93.9,0,0
EQ-1174,B01,Lucknow,ET03,Field Diesel Generator,Power Logistics,Operational,2026-07-13,2026-08-27,401,280,60400,Available,97.5,0,0
EQ-1175,B02,Kanpur,ET06,Artillery Tractor,Heavy Towing,Operational,2026-08-03,2026-10-17,686,208,59300,Available,94.4,0,0
EQ-1176,B05,Leh,ET06,Artillery Tractor,Heavy Towing,Operational,2026-07-24,2026-10-07,760,236,64400,Available,97.5,0,0
EQ-1177,B04,Delhi,ET01,Heavy Tactical Truck,Transport Fleet,Maintenance,2026-06-12,2026-08-11,445,175,25000,Available,64.3,18,0
EQ-1178,B05,Leh,ET06,Artillery Tractor,Heavy Towing,Out of Service,2026-07-21,2026-10-04,944,267,116700,Available,33.2,22,1
EQ-1179,B01,Lucknow,ET04,Tactical UAV Launcher,Surveillance Systems,Out of Service,2026-07-12,2026-08-11,201,181,175600,Available,20.1,39,1
EQ-1180,B01,Lucknow,ET06,Artillery Tractor,Heavy Towing,Operational,2026-06-21,2026-09-04,1145,331,66400,Available,81.1,0,0
EQ-1181,B02,Kanpur,ET01,Heavy Tactical Truck,Transport Fleet,Operational,2026-06-03,2026-08-02,507,203,20300,Available,94.5,0,0
EQ-1182,B02,Kanpur,ET02,Armored Personnel Carrier (APC),Combat Armor,Operational,2026-07-13,2026-10-11,782,152,77100,Available,91.9,0,0
EQ-1183,B01,Lucknow,ET01,Heavy Tactical Truck,Transport Fleet,Operational,2026-06-11,2026-08-10,333,126,17100,Available,97.2,0,0
EQ-1184,B05,Leh,ET06,Artillery Tractor,Heavy Towing,Operational,2026-05-30,2026-08-13,850,219,53200,Low,96.8,0,0
EQ-1185,B03,Bhopal,ET03,Field Diesel Generator,Power Logistics,Maintenance,2026-06-19,2026-08-03,358,246,111800,Critical Shortage,63.1,10,0
EQ-1186,B05,Leh,ET06,Artillery Tractor,Heavy Towing,Operational,2026-06-02,2026-08-16,853,230,51600,Low,88.0,0,0
EQ-1187,B06,Jodhpur,ET01,Heavy Tactical Truck,Transport Fleet,Operational,2026-06-25,2026-08-24,495,196,21400,Available,83.8,0,0
EQ-1188,B01,Lucknow,ET03,Field Diesel Generator,Power Logistics,Operational,2026-07-07,2026-08-21,383,255,59700,Available,84.3,0,0
EQ-1189,B05,Leh,ET04,Tactical UAV Launcher,Surveillance Systems,Operational,2026-07-15,2026-08-14,155,152,100700,Available,88.9,0,0
EQ-1190,B02,Kanpur,ET06,Artillery Tractor,Heavy Towing,Operational,2026-06-20,2026-09-03,406,119,51600,Critical Shortage,85.4,0,0
EQ-1191,B05,Leh,ET02,Armored Personnel Carrier (APC),Combat Armor,Out of Service,2026-05-07,2026-08-05,818,172,156000,Available,18.3,41,1
EQ-1192,B03,Bhopal,ET03,Field Diesel Generator,Power Logistics,Out of Service,2026-06-24,2026-08-08,472,311,127500,Low,34.1,28,1
EQ-1193,B02,Kanpur,ET04,Tactical UAV Launcher,Surveillance Systems,Operational,2026-07-12,2026-08-11,216,205,107600,Available,85.4,0,0
EQ-1194,B04,Delhi,ET06,Artillery Tractor,Heavy Towing,Operational,2026-06-03,2026-08-17,490,132,48300,Available,92.3,0,0
EQ-1195,B01,Lucknow,ET01,Heavy Tactical Truck,Transport Fleet,Operational,2026-06-28,2026-08-27,518,182,18600,Available,93.8,0,0
EQ-1196,B07,Siliguri,ET01,Heavy Tactical Truck,Transport Fleet,Operational,2026-07-12,2026-09-10,502,192,17800,Available,94.6,0,0
EQ-1197,B04,Delhi,ET03,Field Diesel Generator,Power Logistics,Operational,2026-06-29,2026-08-13,293,206,59700,Available,97.2,0,0
EQ-1198,B01,Lucknow,ET01,Heavy Tactical Truck,Transport Fleet,Operational,2026-06-20,2026-08-19,511,181,20800,Critical Shortage,95.2,0,0
EQ-1199,B02,Kanpur,ET01,Heavy Tactical Truck,Transport Fleet,Operational,2026-07-02,2026-08-31,427,177,21200,Available,96.2,0,0
EQ-1200,B05,Leh,ET03,Field Diesel Generator,Power Logistics,Operational,2026-07-27,2026-09-10,292,191,49700,Available,82.6,0,0
EQ-1201,B08,Pune,ET01,Heavy Tactical Truck,Transport Fleet,Operational,2026-07-29,2026-09-27,473,191,19300,Critical Shortage,80.7,0,0
EQ-1202,B03,Bhopal,ET03,Field Diesel Generator,Power Logistics,Maintenance,2026-07-17,2026-08-31,419,293,97400,Available,45.6,20,1
EQ-1203,B01,Lucknow,ET03,Field Diesel Generator,Power Logistics,Operational,2026-07-28,2026-09-11,422,324,61700,Available,87.0,0,0
EQ-1204,B01,Lucknow,ET02,Armored Personnel Carrier (APC),Combat Armor,Operational,2026-06-27,2026-09-25,1118,247,94000,Available,85.8,0,0
EQ-1205,B06,Jodhpur,ET03,Field Diesel Generator,Power Logistics,Operational,2026-06-20,2026-08-04,250,177,50900,Available,92.6,0,0
EQ-1206,B02,Kanpur,ET02,Armored Personnel Carrier (APC),Combat Armor,Maintenance,2026-08-03,2026-11-01,679,148,97600,Critical Shortage,64.1,21,0
EQ-1207,B01,Lucknow,ET01,Heavy Tactical Truck,Transport Fleet,Operational,2026-07-21,2026-09-19,570,198,17900,Available,84.6,0,0
EQ-1208,B02,Kanpur,ET02,Armored Personnel Carrier (APC),Combat Armor,Operational,2026-07-18,2026-10-16,1014,220,77600,Available,98.7,0,0
EQ-1209,B03,Bhopal,ET01,Heavy Tactical Truck,Transport Fleet,Operational,2026-06-02,2026-08-01,518,198,22300,Available,86.0,0,0
EQ-1210,B03,Bhopal,ET06,Artillery Tractor,Heavy Towing,Operational,2026-06-21,2026-09-04,1322,387,67900,Low,95.5,0,0
EQ-1211,B01,Lucknow,ET01,Heavy Tactical Truck,Transport Fleet,Operational,2026-07-01,2026-08-30,502,200,18600,Available,92.9,0,0
EQ-1212,B01,Lucknow,ET03,Field Diesel Generator,Power Logistics,Operational,2026-07-09,2026-08-23,512,328,75600,Available,83.7,0,0
EQ-1213,B04,Delhi,ET01,Heavy Tactical Truck,Transport Fleet,Operational,2026-07-28,2026-09-26,554,217,22200,Available,81.2,0,0
EQ-1214,B03,Bhopal,ET02,Armored Personnel Carrier (APC),Combat Armor,Operational,2026-07-12,2026-10-10,1017,227,89100,Low,82.4,0,0
EQ-1215,B04,Delhi,ET05,Mobile Radar Unit,Air Defense,Operational,2026-07-11,2026-09-09,377,179,136200,Available,83.8,0,0
EQ-1216,B03,Bhopal,ET03,Field Diesel Generator,Power Logistics,Operational,2026-07-13,2026-08-27,470,305,49400,Available,83.8,0,0
EQ-1217,B02,Kanpur,ET02,Armored Personnel Carrier (APC),Combat Armor,Operational,2026-07-05,2026-10-03,835,156,78400,Available,94.5,0,0
EQ-1218,B04,Delhi,ET03,Field Diesel Generator,Power Logistics,Operational,2026-07-24,2026-09-07,329,245,51400,Available,84.2,0,0
EQ-1219,B01,Lucknow,ET02,Armored Personnel Carrier (APC),Combat Armor,Operational,2026-06-29,2026-09-27,897,170,79200,Available,89.7,0,0
EQ-1220,B07,Siliguri,ET01,Heavy Tactical Truck,Transport Fleet,Operational,2026-06-07,2026-08-06,447,178,20400,Available,88.8,0,0
EQ-1221,B04,Delhi,ET04,Tactical UAV Launcher,Surveillance Systems,Operational,2026-07-12,2026-08-11,340,310,111200,Available,87.4,0,0
EQ-1222,B07,Siliguri,ET01,Heavy Tactical Truck,Transport Fleet,Operational,2026-06-27,2026-08-26,222,90,16400,Available,89.5,0,0
EQ-1223,B03,Bhopal,ET06,Artillery Tractor,Heavy Towing,Operational,2026-06-29,2026-09-12,838,229,60000,Available,81.3,0,0
EQ-1224,B04,Delhi,ET01,Heavy Tactical Truck,Transport Fleet,Maintenance,2026-07-15,2026-09-13,288,102,30800,Critical Shortage,49.1,6,1
EQ-1225,B05,Leh,ET01,Heavy Tactical Truck,Transport Fleet,Operational,2026-07-12,2026-09-10,391,153,19000,Low,97.8,0,0
EQ-1226,B06,Jodhpur,ET06,Artillery Tractor,Heavy Towing,Operational,2026-06-25,2026-09-08,818,249,66600,Available,93.2,0,0
EQ-1227,B01,Lucknow,ET02,Armored Personnel Carrier (APC),Combat Armor,Operational,2026-08-01,2026-10-30,913,198,72100,Available,93.8,0,0
EQ-1228,B01,Lucknow,ET03,Field Diesel Generator,Power Logistics,Operational,2026-07-09,2026-08-23,278,195,50500,Available,93.7,0,0
EQ-1229,B01,Lucknow,ET04,Tactical UAV Launcher,Surveillance Systems,Operational,2026-07-12,2026-08-11,176,159,93800,Available,89.1,0,0
EQ-1230,B07,Siliguri,ET04,Tactical UAV Launcher,Surveillance Systems,Operational,2026-08-04,2026-09-03,271,228,110000,Available,92.3,0,0
EQ-1231,B08,Pune,ET05,Mobile Radar Unit,Air Defense,Operational,2026-06-13,2026-08-12,368,158,131200,Available,93.9,0,0
EQ-1232,B01,Lucknow,ET01,Heavy Tactical Truck,Transport Fleet,Operational,2026-08-04,2026-10-03,512,184,17500,Available,94.3,0,0
EQ-1233,B04,Delhi,ET03,Field Diesel Generator,Power Logistics,Operational,2026-06-26,2026-08-10,351,262,66600,Available,80.3,0,0
EQ-1234,B02,Kanpur,ET01,Heavy Tactical Truck,Transport Fleet,Out of Service,2026-08-02,2026-10-01,421,145,36600,Available,41.2,42,1
EQ-1235,B01,Lucknow,ET04,Tactical UAV Launcher,Surveillance Systems,Maintenance,2026-07-16,2026-08-15,330,302,226100,Available,45.0,4,1
EQ-1236,B03,Bhopal,ET05,Mobile Radar Unit,Air Defense,Operational,2026-06-24,2026-08-23,554,226,131200,Available,93.6,0,0
EQ-1237,B05,Leh,ET03,Field Diesel Generator,Power Logistics,Operational,2026-07-23,2026-09-06,212,138,45600,Available,94.0,0,0
EQ-1238,B07,Siliguri,ET03,Field Diesel Generator,Power Logistics,Operational,2026-07-29,2026-09-12,376,271,48700,Available,92.2,0,0
EQ-1239,B06,Jodhpur,ET03,Field Diesel Generator,Power Logistics,Operational,2026-07-23,2026-09-06,329,220,63300,Available,83.4,0,0
EQ-1240,B08,Pune,ET03,Field Diesel Generator,Power Logistics,Operational,2026-06-30,2026-08-14,439,311,58600,Available,97.3,0,0
EQ-1241,B04,Delhi,ET01,Heavy Tactical Truck,Transport Fleet,Operational,2026-07-18,2026-09-16,381,139,18100,Critical Shortage,81.3,0,0
EQ-1242,B01,Lucknow,ET03,Field Diesel Generator,Power Logistics,Operational,2026-07-22,2026-09-05,345,253,48500,Available,98.6,0,0
EQ-1243,B04,Delhi,ET01,Heavy Tactical Truck,Transport Fleet,Operational,2026-07-05,2026-09-03,509,197,20900,Available,87.9,0,0
EQ-1244,B04,Delhi,ET01,Heavy Tactical Truck,Transport Fleet,Operational,2026-08-04,2026-10-03,599,213,22900,Low,88.1,0,0
EQ-1245,B03,Bhopal,ET01,Heavy Tactical Truck,Transport Fleet,Maintenance,2026-07-21,2026-09-19,334,120,25900,Low,51.1,3,1
EQ-1246,B03,Bhopal,ET02,Armored Personnel Carrier (APC),Combat Armor,Operational,2026-06-10,2026-09-08,832,178,77000,Available,88.3,0,0
EQ-1247,B03,Bhopal,ET03,Field Diesel Generator,Power Logistics,Operational,2026-07-09,2026-08-23,302,231,47200,Available,89.7,0,0
EQ-1248,B04,Delhi,ET03,Field Diesel Generator,Power Logistics,Operational,2026-07-14,2026-08-28,300,220,51800,Available,97.0,0,0
EQ-1249,B04,Delhi,ET01,Heavy Tactical Truck,Transport Fleet,Operational,2026-07-31,2026-09-29,687,254,22600,Available,97.3,0,0
EQ-1250,B03,Bhopal,ET06,Artillery Tractor,Heavy Towing,Operational,2026-07-20,2026-10-03,797,215,53400,Low,98.2,0,0
EQ-1251,B02,Kanpur,ET01,Heavy Tactical Truck,Transport Fleet,Operational,2026-06-29,2026-08-28,314,118,15200,Available,82.8,0,0
EQ-1252,B02,Kanpur,ET03,Field Diesel Generator,Power Logistics,Maintenance,2026-06-11,2026-07-26,470,315,100500,Low,49.2,8,1
EQ-1253,B03,Bhopal,ET01,Heavy Tactical Truck,Transport Fleet,Maintenance,2026-07-26,2026-09-24,680,270,37600,Available,58.8,3,1
EQ-1254,B01,Lucknow,ET03,Field Diesel Generator,Power Logistics,Operational,2026-06-21,2026-08-05,448,321,60000,Low,83.2,0,0
EQ-1255,B04,Delhi,ET06,Artillery Tractor,Heavy Towing,Operational,2026-07-13,2026-09-26,466,119,49700,Available,86.7,0,0
EQ-1256,B08,Pune,ET01,Heavy Tactical Truck,Transport Fleet,Operational,2026-07-29,2026-09-27,439,153,20300,Critical Shortage,86.9,0,0
EQ-1257,B05,Leh,ET03,Field Diesel Generator,Power Logistics,Operational,2026-06-16,2026-07-31,464,336,57800,Available,82.1,0,0
EQ-1258,B04,Delhi,ET01,Heavy Tactical Truck,Transport Fleet,Operational,2026-06-24,2026-08-23,386,143,16000,Available,85.4,0,0
EQ-1259,B01,Lucknow,ET04,Tactical UAV Launcher,Surveillance Systems,Operational,2026-07-26,2026-08-25,221,217,94200,Low,88.8,0,0
EQ-1260,B04,Delhi,ET02,Armored Personnel Carrier (APC),Combat Armor,Operational,2026-05-24,2026-08-22,1044,233,79200,Available,81.7,0,0
EQ-1261,B05,Leh,ET03,Field Diesel Generator,Power Logistics,Operational,2026-06-27,2026-08-11,301,204,50200,Low,95.0,0,0
EQ-1262,B02,Kanpur,ET01,Heavy Tactical Truck,Transport Fleet,Operational,2026-06-20,2026-08-19,495,172,20500,Available,98.6,0,0
EQ-1263,B08,Pune,ET02,Armored Personnel Carrier (APC),Combat Armor,Maintenance,2026-05-21,2026-08-19,222,45,85400,Low,58.3,7,1
EQ-1264,B01,Lucknow,ET04,Tactical UAV Launcher,Surveillance Systems,Operational,2026-07-12,2026-08-11,169,143,83300,Available,84.0,0,0
EQ-1265,B04,Delhi,ET03,Field Diesel Generator,Power Logistics,Maintenance,2026-07-30,2026-09-13,320,244,76700,Available,47.4,20,1
EQ-1266,B02,Kanpur,ET03,Field Diesel Generator,Power Logistics,Operational,2026-06-23,2026-08-07,285,185,52000,Low,87.9,0,0
EQ-1267,B05,Leh,ET01,Heavy Tactical Truck,Transport Fleet,Operational,2026-07-03,2026-09-01,643,248,23700,Available,83.0,0,0
EQ-1268,B05,Leh,ET05,Mobile Radar Unit,Air Defense,Operational,2026-07-26,2026-09-24,251,123,130200,Available,91.9,0,0
EQ-1269,B07,Siliguri,ET03,Field Diesel Generator,Power Logistics,Operational,2026-07-15,2026-08-29,307,233,59100,Low,91.7,0,0
EQ-1270,B07,Siliguri,ET01,Heavy Tactical Truck,Transport Fleet,Operational,2026-06-16,2026-08-15,497,180,17500,Low,95.1,0,0
EQ-1271,B06,Jodhpur,ET02,Armored Personnel Carrier (APC),Combat Armor,Operational,2026-06-26,2026-09-24,1274,267,78700,Available,86.1,0,0
EQ-1272,B04,Delhi,ET06,Artillery Tractor,Heavy Towing,Operational,2026-06-25,2026-09-08,410,123,48100,Available,84.5,0,0
EQ-1273,B08,Pune,ET01,Heavy Tactical Truck,Transport Fleet,Operational,2026-06-25,2026-08-24,559,227,23000,Low,93.8,0,0
EQ-1274,B04,Delhi,ET03,Field Diesel Generator,Power Logistics,Operational,2026-06-20,2026-08-04,358,260,51000,Critical Shortage,94.6,0,0
EQ-1275,B02,Kanpur,ET01,Heavy Tactical Truck,Transport Fleet,Operational,2026-07-18,2026-09-16,354,130,17400,Low,82.0,0,0
EQ-1276,B04,Delhi,ET02,Armored Personnel Carrier (APC),Combat Armor,Operational,2026-07-22,2026-10-20,1097,218,74400,Available,81.0,0,0
EQ-1277,B01,Lucknow,ET02,Armored Personnel Carrier (APC),Combat Armor,Operational,2026-06-12,2026-09-10,1031,204,74700,Critical Shortage,83.4,0,0
EQ-1278,B06,Jodhpur,ET02,Armored Personnel Carrier (APC),Combat Armor,Operational,2026-05-13,2026-08-11,810,164,72000,Available,86.9,0,0
EQ-1279,B07,Siliguri,ET02,Armored Personnel Carrier (APC),Combat Armor,Operational,2026-07-31,2026-10-29,933,198,78500,Critical Shortage,93.3,0,0
EQ-1280,B03,Bhopal,ET01,Heavy Tactical Truck,Transport Fleet,Maintenance,2026-06-21,2026-08-20,375,157,27900,Low,50.8,14,1
EQ-1281,B03,Bhopal,ET01,Heavy Tactical Truck,Transport Fleet,Operational,2026-07-13,2026-09-11,473,180,18800,Critical Shortage,96.6,0,0
EQ-1282,B01,Lucknow,ET03,Field Diesel Generator,Power Logistics,Operational,2026-08-02,2026-09-16,428,299,52600,Available,98.7,0,0
EQ-1283,B03,Bhopal,ET05,Mobile Radar Unit,Air Defense,Operational,2026-07-13,2026-09-11,603,274,167500,Low,96.0,0,0
EQ-1284,B01,Lucknow,ET01,Heavy Tactical Truck,Transport Fleet,Operational,2026-07-31,2026-09-29,323,119,18900,Low,86.7,0,0
EQ-1285,B05,Leh,ET03,Field Diesel Generator,Power Logistics,Maintenance,2026-07-16,2026-08-30,512,387,118900,Available,64.1,5,0
EQ-1286,B03,Bhopal,ET01,Heavy Tactical Truck,Transport Fleet,Operational,2026-07-12,2026-09-10,244,87,14400,Critical Shortage,80.5,0,0
EQ-1287,B03,Bhopal,ET02,Armored Personnel Carrier (APC),Combat Armor,Operational,2026-07-21,2026-10-19,879,187,75500,Critical Shortage,81.0,0,0
EQ-1288,B06,Jodhpur,ET03,Field Diesel Generator,Power Logistics,Operational,2026-07-14,2026-08-28,446,295,72700,Low,91.4,0,0
EQ-1289,B01,Lucknow,ET02,Armored Personnel Carrier (APC),Combat Armor,Operational,2026-07-12,2026-10-10,996,209,75600,Critical Shortage,97.4,0,0
EQ-1290,B02,Kanpur,ET03,Field Diesel Generator,Power Logistics,Operational,2026-07-22,2026-09-05,308,222,50200,Available,87.0,0,0
EQ-1291,B02,Kanpur,ET06,Artillery Tractor,Heavy Towing,Operational,2026-08-03,2026-10-17,641,184,57900,Low,87.3,0,0
EQ-1292,B05,Leh,ET06,Artillery Tractor,Heavy Towing,Operational,2026-07-01,2026-09-14,642,170,46500,Available,84.7,0,0
EQ-1293,B01,Lucknow,ET04,Tactical UAV Launcher,Surveillance Systems,Operational,2026-07-25,2026-08-24,171,165,85500,Low,91.7,0,0
EQ-1294,B03,Bhopal,ET05,Mobile Radar Unit,Air Defense,Operational,2026-06-25,2026-08-24,494,237,149900,Low,86.8,0,0
EQ-1295,B01,Lucknow,ET04,Tactical UAV Launcher,Surveillance Systems,Operational,2026-08-01,2026-08-31,218,212,113500,Critical Shortage,98.9,0,0
EQ-1296,B04,Delhi,ET02,Armored Personnel Carrier (APC),Combat Armor,Operational,2026-07-20,2026-10-18,833,160,79100,Available,84.7,0,0
EQ-1297,B03,Bhopal,ET03,Field Diesel Generator,Power Logistics,Operational,2026-06-29,2026-08-13,481,313,57000,Critical Shortage,93.7,0,0
EQ-1298,B03,Bhopal,ET04,Tactical UAV Launcher,Surveillance Systems,Out of Service,2026-07-23,2026-08-22,253,210,196600,Critical Shortage,40.5,28,1
EQ-1299,B06,Jodhpur,ET01,Heavy Tactical Truck,Transport Fleet,Operational,2026-06-10,2026-08-09,567,211,20600,Critical Shortage,95.8,0,0
EQ-1300,B05,Leh,ET01,Heavy Tactical Truck,Transport Fleet,Maintenance,2026-06-26,2026-08-25,569,203,29900,Low,64.3,4,0
EQ-1301,B04,Delhi,ET03,Field Diesel Generator,Power Logistics,Operational,2026-07-22,2026-09-05,287,210,52800,Available,94.3,0,0
EQ-1302,B06,Jodhpur,ET01,Heavy Tactical Truck,Transport Fleet,Operational,2026-06-15,2026-08-14,390,149,17200,Available,81.0,0,0
EQ-1303,B07,Siliguri,ET01,Heavy Tactical Truck,Transport Fleet,Operational,2026-07-09,2026-09-07,533,208,20700,Low,84.7,0,0
EQ-1304,B04,Delhi,ET01,Heavy Tactical Truck,Transport Fleet,Operational,2026-06-06,2026-08-05,510,202,19600,Available,88.2,0,0
EQ-1305,B04,Delhi,ET01,Heavy Tactical Truck,Transport Fleet,Maintenance,2026-06-06,2026-08-05,452,174,34000,Available,62.5,4,0
EQ-1306,B04,Delhi,ET03,Field Diesel Generator,Power Logistics,Operational,2026-07-10,2026-08-24,409,267,53600,Available,88.3,0,0
EQ-1307,B03,Bhopal,ET01,Heavy Tactical Truck,Transport Fleet,Operational,2026-07-08,2026-09-06,631,232,20500,Available,80.3,0,0
EQ-1308,B01,Lucknow,ET01,Heavy Tactical Truck,Transport Fleet,Operational,2026-07-30,2026-09-28,422,148,16600,Available,95.3,0,0
EQ-1309,B08,Pune,ET06,Artillery Tractor,Heavy Towing,Operational,2026-05-22,2026-08-05,745,222,54300,Available,81.8,0,0
EQ-1310,B01,Lucknow,ET03,Field Diesel Generator,Power Logistics,Out of Service,2026-06-23,2026-08-07,319,247,121600,Critical Shortage,41.3,36,1
EQ-1311,B02,Kanpur,ET02,Armored Personnel Carrier (APC),Combat Armor,Operational,2026-05-25,2026-08-23,935,184,82900,Available,81.7,0,0
EQ-1312,B03,Bhopal,ET04,Tactical UAV Launcher,Surveillance Systems,Operational,2026-07-12,2026-08-11,261,249,99600,Available,90.8,0,0
EQ-1313,B03,Bhopal,ET02,Armored Personnel Carrier (APC),Combat Armor,Operational,2026-06-07,2026-09-05,1111,236,83300,Critical Shortage,94.3,0,0
EQ-1314,B08,Pune,ET01,Heavy Tactical Truck,Transport Fleet,Operational,2026-07-15,2026-09-13,555,211,20300,Low,92.5,0,0
EQ-1315,B06,Jodhpur,ET04,Tactical UAV Launcher,Surveillance Systems,Operational,2026-07-05,2026-08-04,267,260,115300,Available,98.4,0,0
EQ-1316,B05,Leh,ET01,Heavy Tactical Truck,Transport Fleet,Maintenance,2026-06-02,2026-08-01,447,175,29700,Available,56.2,15,1
EQ-1317,B07,Siliguri,ET02,Armored Personnel Carrier (APC),Combat Armor,Operational,2026-06-12,2026-09-10,1092,229,78200,Available,85.6,0,0
EQ-1318,B02,Kanpur,ET03,Field Diesel Generator,Power Logistics,Operational,2026-06-19,2026-08-03,322,241,54500,Available,96.8,0,0
EQ-1319,B02,Kanpur,ET03,Field Diesel Generator,Power Logistics,Operational,2026-06-28,2026-08-12,416,279,63500,Available,92.1,0,0
EQ-1320,B05,Leh,ET02,Armored Personnel Carrier (APC),Combat Armor,Operational,2026-05-18,2026-08-16,935,188,72900,Available,88.2,0,0
EQ-1321,B04,Delhi,ET02,Armored Personnel Carrier (APC),Combat Armor,Operational,2026-06-09,2026-09-07,967,199,70700,Available,96.6,0,0
EQ-1322,B01,Lucknow,ET03,Field Diesel Generator,Power Logistics,Operational,2026-07-24,2026-09-07,422,295,58700,Available,87.0,0,0
EQ-1323,B05,Leh,ET02,Armored Personnel Carrier (APC),Combat Armor,Operational,2026-06-13,2026-09-11,737,154,78800,Available,96.8,0,0
EQ-1324,B02,Kanpur,ET03,Field Diesel Generator,Power Logistics,Operational,2026-06-18,2026-08-02,576,385,62100,Available,88.4,0,0
EQ-1325,B04,Delhi,ET01,Heavy Tactical Truck,Transport Fleet,Operational,2026-06-15,2026-08-14,342,129,17400,Available,97.1,0,0
EQ-1326,B03,Bhopal,ET01,Heavy Tactical Truck,Transport Fleet,Operational,2026-07-26,2026-09-24,320,120,19200,Low,81.1,0,0
EQ-1327,B03,Bhopal,ET01,Heavy Tactical Truck,Transport Fleet,Maintenance,2026-06-05,2026-08-04,551,227,26800,Critical Shortage,49.5,20,1
EQ-1328,B03,Bhopal,ET01,Heavy Tactical Truck,Transport Fleet,Operational,2026-06-02,2026-08-01,539,210,19500,Low,88.4,0,0
EQ-1329,B07,Siliguri,ET01,Heavy Tactical Truck,Transport Fleet,Operational,2026-06-16,2026-08-15,505,203,21700,Available,96.2,0,0
EQ-1330,B06,Jodhpur,ET01,Heavy Tactical Truck,Transport Fleet,Operational,2026-08-02,2026-10-01,573,203,19400,Available,95.0,0,0
EQ-1331,B06,Jodhpur,ET06,Artillery Tractor,Heavy Towing,Operational,2026-06-10,2026-08-24,700,194,50800,Available,90.9,0,0
EQ-1332,B03,Bhopal,ET05,Mobile Radar Unit,Air Defense,Maintenance,2026-06-11,2026-08-10,328,150,262700,Critical Shortage,65.1,13,0
EQ-1333,B07,Siliguri,ET02,Armored Personnel Carrier (APC),Combat Armor,Operational,2026-08-04,2026-11-02,948,198,71900,Available,88.1,0,0
EQ-1334,B01,Lucknow,ET06,Artillery Tractor,Heavy Towing,Operational,2026-08-02,2026-10-16,605,161,46400,Low,97.1,0,0
EQ-1335,B08,Pune,ET04,Tactical UAV Launcher,Surveillance Systems,Operational,2026-07-07,2026-08-06,251,243,95000,Available,87.2,0,0
EQ-1336,B03,Bhopal,ET01,Heavy Tactical Truck,Transport Fleet,Operational,2026-07-13,2026-09-11,466,168,18300,Critical Shortage,97.6,0,0
EQ-1337,B08,Pune,ET02,Armored Personnel Carrier (APC),Combat Armor,Operational,2026-05-20,2026-08-18,740,153,76000,Low,80.0,0,0
EQ-1338,B03,Bhopal,ET01,Heavy Tactical Truck,Transport Fleet,Operational,2026-07-30,2026-09-28,449,160,20000,Available,98.6,0,0
EQ-1339,B01,Lucknow,ET02,Armored Personnel Carrier (APC),Combat Armor,Operational,2026-07-07,2026-10-05,975,215,88600,Critical Shortage,95.8,0,0
EQ-1340,B06,Jodhpur,ET04,Tactical UAV Launcher,Surveillance Systems,Operational,2026-07-24,2026-08-23,190,166,88600,Critical Shortage,98.2,0,0
EQ-1341,B06,Jodhpur,ET05,Mobile Radar Unit,Air Defense,Maintenance,2026-06-16,2026-08-15,353,153,196900,Critical Shortage,53.1,10,1
EQ-1342,B07,Siliguri,ET06,Artillery Tractor,Heavy Towing,Operational,2026-05-17,2026-07-31,703,207,55000,Low,91.1,0,0
EQ-1343,B01,Lucknow,ET03,Field Diesel Generator,Power Logistics,Operational,2026-07-09,2026-08-23,369,274,54100,Available,94.8,0,0
EQ-1344,B04,Delhi,ET01,Heavy Tactical Truck,Transport Fleet,Maintenance,2026-06-08,2026-08-07,426,152,31400,Critical Shortage,63.8,14,0
EQ-1345,B07,Siliguri,ET02,Armored Personnel Carrier (APC),Combat Armor,Operational,2026-07-16,2026-10-14,814,171,81400,Available,86.1,0,0
EQ-1346,B04,Delhi,ET06,Artillery Tractor,Heavy Towing,Operational,2026-07-05,2026-09-18,782,206,56000,Available,92.7,0,0
EQ-1347,B03,Bhopal,ET02,Armored Personnel Carrier (APC),Combat Armor,Maintenance,2026-05-09,2026-08-07,547,122,102800,Low,67.7,10,0
EQ-1348,B08,Pune,ET04,Tactical UAV Launcher,Surveillance Systems,Operational,2026-07-28,2026-08-27,144,124,96300,Available,84.1,0,0
EQ-1349,B06,Jodhpur,ET02,Armored Personnel Carrier (APC),Combat Armor,Operational,2026-06-27,2026-09-25,730,159,69000,Low,93.4,0,0
EQ-1350,B08,Pune,ET01,Heavy Tactical Truck,Transport Fleet,Operational,2026-07-14,2026-09-12,426,165,20700,Available,93.4,0,0
EQ-1351,B08,Pune,ET06,Artillery Tractor,Heavy Towing,Maintenance,2026-06-09,2026-08-23,733,210,108500,Available,46.5,10,1
EQ-1352,B01,Lucknow,ET03,Field Diesel Generator,Power Logistics,Operational,2026-06-17,2026-08-01,544,348,65200,Available,81.0,0,0
EQ-1353,B08,Pune,ET06,Artillery Tractor,Heavy Towing,Operational,2026-07-10,2026-09-23,796,237,59500,Available,91.6,0,0
EQ-1354,B02,Kanpur,ET06,Artillery Tractor,Heavy Towing,Operational,2026-06-13,2026-08-27,692,187,57700,Available,87.2,0,0
EQ-1355,B02,Kanpur,ET05,Mobile Radar Unit,Air Defense,Operational,2026-07-11,2026-09-09,426,194,150300,Available,90.5,0,0
EQ-1356,B04,Delhi,ET06,Artillery Tractor,Heavy Towing,Operational,2026-06-22,2026-09-05,556,144,48700,Critical Shortage,97.1,0,0
EQ-1357,B01,Lucknow,ET04,Tactical UAV Launcher,Surveillance Systems,Operational,2026-07-30,2026-08-29,197,194,103200,Available,80.1,0,0
EQ-1358,B08,Pune,ET02,Armored Personnel Carrier (APC),Combat Armor,Operational,2026-06-11,2026-09-09,922,180,80100,Available,82.7,0,0
EQ-1359,B03,Bhopal,ET01,Heavy Tactical Truck,Transport Fleet,Operational,2026-06-14,2026-08-13,496,189,17600,Available,84.1,0,0
EQ-1360,B04,Delhi,ET04,Tactical UAV Launcher,Surveillance Systems,Operational,2026-07-30,2026-08-29,156,153,97700,Available,81.6,0,0
EQ-1361,B04,Delhi,ET03,Field Diesel Generator,Power Logistics,Operational,2026-07-29,2026-09-12,395,291,56200,Low,88.5,0,0
EQ-1362,B05,Leh,ET06,Artillery Tractor,Heavy Towing,Operational,2026-08-03,2026-10-17,1024,271,63700,Available,91.2,0,0
EQ-1363,B05,Leh,ET02,Armored Personnel Carrier (APC),Combat Armor,Operational,2026-06-14,2026-09-12,976,189,79600,Low,82.5,0,0
EQ-1364,B04,Delhi,ET01,Heavy Tactical Truck,Transport Fleet,Operational,2026-07-13,2026-09-11,554,193,17900,Low,98.1,0,0
EQ-1365,B02,Kanpur,ET05,Mobile Radar Unit,Air Defense,Maintenance,2026-06-29,2026-08-28,547,229,242700,Low,51.6,16,1
EQ-1366,B02,Kanpur,ET04,Tactical UAV Launcher,Surveillance Systems,Maintenance,2026-06-30,2026-07-30,212,174,154000,Available,55.4,18,1
EQ-1367,B03,Bhopal,ET05,Mobile Radar Unit,Air Defense,Maintenance,2026-08-03,2026-10-02,436,206,198100,Critical Shortage,52.8,3,1
EQ-1368,B02,Kanpur,ET02,Armored Personnel Carrier (APC),Combat Armor,Operational,2026-06-06,2026-09-04,966,195,68400,Available,88.5,0,0
EQ-1369,B02,Kanpur,ET03,Field Diesel Generator,Power Logistics,Operational,2026-06-20,2026-08-04,411,265,54100,Low,94.8,0,0
EQ-1370,B01,Lucknow,ET04,Tactical UAV Launcher,Surveillance Systems,Operational,2026-07-18,2026-08-17,185,156,86200,Available,87.1,0,0
EQ-1371,B05,Leh,ET02,Armored Personnel Carrier (APC),Combat Armor,Operational,2026-07-21,2026-10-19,1045,196,68400,Available,86.2,0,0
EQ-1372,B01,Lucknow,ET03,Field Diesel Generator,Power Logistics,Operational,2026-07-31,2026-09-14,401,289,62100,Available,89.4,0,0
EQ-1373,B06,Jodhpur,ET02,Armored Personnel Carrier (APC),Combat Armor,Operational,2026-07-31,2026-10-29,1320,267,80400,Available,80.7,0,0
EQ-1374,B01,Lucknow,ET05,Mobile Radar Unit,Air Defense,Operational,2026-06-28,2026-08-27,511,242,159300,Low,92.8,0,0
EQ-1375,B01,Lucknow,ET01,Heavy Tactical Truck,Transport Fleet,Operational,2026-07-01,2026-08-30,649,271,25100,Available,85.8,0,0
EQ-1376,B05,Leh,ET01,Heavy Tactical Truck,Transport Fleet,Operational,2026-07-17,2026-09-15,339,140,16700,Available,87.6,0,0
EQ-1377,B03,Bhopal,ET03,Field Diesel Generator,Power Logistics,Operational,2026-07-13,2026-08-27,459,312,64900,Available,86.1,0,0
EQ-1378,B04,Delhi,ET05,Mobile Radar Unit,Air Defense,Operational,2026-07-10,2026-09-08,425,204,148800,Low,87.5,0,0
EQ-1379,B05,Leh,ET03,Field Diesel Generator,Power Logistics,Out of Service,2026-06-22,2026-08-06,520,391,120500,Critical Shortage,38.0,34,1
EQ-1380,B04,Delhi,ET06,Artillery Tractor,Heavy Towing,Operational,2026-08-01,2026-10-15,569,154,50200,Available,86.7,0,0
EQ-1381,B01,Lucknow,ET03,Field Diesel Generator,Power Logistics,Operational,2026-07-04,2026-08-18,270,209,51500,Available,88.8,0,0
EQ-1382,B02,Kanpur,ET02,Armored Personnel Carrier (APC),Combat Armor,Operational,2026-06-10,2026-09-08,764,165,77800,Low,98.0,0,0
EQ-1383,B04,Delhi,ET02,Armored Personnel Carrier (APC),Combat Armor,Maintenance,2026-07-31,2026-10-29,398,88,83200,Available,48.1,15,1
EQ-1384,B01,Lucknow,ET04,Tactical UAV Launcher,Surveillance Systems,Operational,2026-07-26,2026-08-25,172,168,88300,Critical Shortage,94.3,0,0
EQ-1385,B02,Kanpur,ET04,Tactical UAV Launcher,Surveillance Systems,Operational,2026-07-31,2026-08-30,161,157,96600,Available,94.8,0,0
EQ-1386,B08,Pune,ET06,Artillery Tractor,Heavy Towing,Operational,2026-06-25,2026-09-08,781,202,60400,Available,90.8,0,0
EQ-1387,B03,Bhopal,ET03,Field Diesel Generator,Power Logistics,Out of Service,2026-07-29,2026-09-12,366,280,167800,Low,15.1,24,1
EQ-1388,B01,Lucknow,ET03,Field Diesel Generator,Power Logistics,Operational,2026-07-09,2026-08-23,556,372,69600,Available,90.8,0,0
EQ-1389,B08,Pune,ET01,Heavy Tactical Truck,Transport Fleet,Operational,2026-07-08,2026-09-06,614,217,19400,Available,91.6,0,0
EQ-1390,B06,Jodhpur,ET03,Field Diesel Generator,Power Logistics,Operational,2026-07-08,2026-08-22,328,225,52900,Available,93.4,0,0
EQ-1391,B03,Bhopal,ET01,Heavy Tactical Truck,Transport Fleet,Operational,2026-06-22,2026-08-21,351,134,16500,Available,87.0,0,0
EQ-1392,B07,Siliguri,ET01,Heavy Tactical Truck,Transport Fleet,Maintenance,2026-07-07,2026-09-05,524,197,37700,Low,58.2,8,1
EQ-1393,B07,Siliguri,ET04,Tactical UAV Launcher,Surveillance Systems,Operational,2026-08-02,2026-09-01,143,128,84500,Available,83.2,0,0
EQ-1394,B05,Leh,ET06,Artillery Tractor,Heavy Towing,Operational,2026-05-20,2026-08-03,1024,286,64500,Available,95.9,0,0
EQ-1395,B02,Kanpur,ET01,Heavy Tactical Truck,Transport Fleet,Operational,2026-06-07,2026-08-06,603,228,22300,Available,87.1,0,0
EQ-1396,B01,Lucknow,ET03,Field Diesel Generator,Power Logistics,Operational,2026-07-03,2026-08-17,311,231,52100,Available,86.3,0,0
EQ-1397,B03,Bhopal,ET05,Mobile Radar Unit,Air Defense,Operational,2026-08-05,2026-10-04,264,109,127900,Available,83.1,0,0
EQ-1398,B02,Kanpur,ET05,Mobile Radar Unit,Air Defense,Operational,2026-07-08,2026-09-06,556,262,166500,Available,84.7,0,0
EQ-1399,B02,Kanpur,ET02,Armored Personnel Carrier (APC),Combat Armor,Operational,2026-06-16,2026-09-14,1015,189,77400,Available,87.7,0,0
EQ-1400,B05,Leh,ET06,Artillery Tractor,Heavy Towing,Operational,2026-07-15,2026-09-28,840,256,66100,Available,86.3,0,0
EQ-1401,B07,Siliguri,ET03,Field Diesel Generator,Power Logistics,Operational,2026-07-04,2026-08-18,227,164,47800,Low,95.5,0,0
EQ-1402,B04,Delhi,ET03,Field Diesel Generator,Power Logistics,Operational,2026-06-24,2026-08-08,328,224,55100,Available,97.8,0,0
EQ-1403,B01,Lucknow,ET06,Artillery Tractor,Heavy Towing,Operational,2026-06-01,2026-08-15,647,195,55600,Available,98.2,0,0
EQ-1404,B08,Pune,ET03,Field Diesel Generator,Power Logistics,Operational,2026-07-18,2026-09-01,370,262,53900,Critical Shortage,91.9,0,0
EQ-1405,B07,Siliguri,ET04,Tactical UAV Launcher,Surveillance Systems,Operational,2026-08-02,2026-09-01,203,172,94700,Low,91.0,0,0
EQ-1406,B07,Siliguri,ET05,Mobile Radar Unit,Air Defense,Operational,2026-07-02,2026-08-31,534,226,159600,Available,82.2,0,0
EQ-1407,B04,Delhi,ET03,Field Diesel Generator,Power Logistics,Operational,2026-07-14,2026-08-28,292,195,50200,Critical Shortage,95.1,0,0
EQ-1408,B01,Lucknow,ET05,Mobile Radar Unit,Air Defense,Operational,2026-07-19,2026-09-17,388,187,132800,Available,90.5,0,0
EQ-1409,B03,Bhopal,ET02,Armored Personnel Carrier (APC),Combat Armor,Operational,2026-07-13,2026-10-11,942,201,81500,Available,96.5,0,0
EQ-1410,B05,Leh,ET01,Heavy Tactical Truck,Transport Fleet,Operational,2026-06-05,2026-08-04,474,198,17800,Critical Shortage,95.4,0,0
EQ-1411,B02,Kanpur,ET02,Armored Personnel Carrier (APC),Combat Armor,Operational,2026-07-05,2026-10-03,1079,230,83800,Low,96.9,0,0
EQ-1412,B02,Kanpur,ET01,Heavy Tactical Truck,Transport Fleet,Operational,2026-08-04,2026-10-03,303,124,17000,Available,86.5,0,0
EQ-1413,B03,Bhopal,ET01,Heavy Tactical Truck,Transport Fleet,Maintenance,2026-07-22,2026-09-20,262,105,27900,Available,51.4,16,1
EQ-1414,B04,Delhi,ET03,Field Diesel Generator,Power Logistics,Operational,2026-06-19,2026-08-03,507,336,56000,Available,98.2,0,0
EQ-1415,B03,Bhopal,ET04,Tactical UAV Launcher,Surveillance Systems,Operational,2026-08-01,2026-08-31,239,211,92000,Available,97.0,0,0
EQ-1416,B05,Leh,ET06,Artillery Tractor,Heavy Towing,Operational,2026-07-15,2026-09-28,535,157,52400,Available,93.2,0,0
EQ-1417,B01,Lucknow,ET02,Armored Personnel Carrier (APC),Combat Armor,Operational,2026-07-21,2026-10-19,1236,272,92200,Available,93.8,0,0
EQ-1418,B07,Siliguri,ET03,Field Diesel Generator,Power Logistics,Maintenance,2026-07-15,2026-08-29,386,266,99100,Critical Shortage,57.3,21,1
EQ-1419,B04,Delhi,ET02,Armored Personnel Carrier (APC),Combat Armor,Operational,2026-07-30,2026-10-28,1315,253,85100,Available,90.2,0,0
EQ-1420,B05,Leh,ET02,Armored Personnel Carrier (APC),Combat Armor,Operational,2026-08-02,2026-10-31,1035,198,68300,Available,80.2,0,0
EQ-1421,B03,Bhopal,ET01,Heavy Tactical Truck,Transport Fleet,Maintenance,2026-07-18,2026-09-16,650,267,38700,Available,56.0,18,1
EQ-1422,B02,Kanpur,ET01,Heavy Tactical Truck,Transport Fleet,Operational,2026-07-30,2026-09-28,647,253,21400,Available,95.6,0,0
EQ-1423,B08,Pune,ET03,Field Diesel Generator,Power Logistics,Operational,2026-07-21,2026-09-04,375,245,53900,Available,94.5,0,0
EQ-1424,B02,Kanpur,ET04,Tactical UAV Launcher,Surveillance Systems,Operational,2026-07-25,2026-08-24,274,243,102300,Available,98.2,0,0
EQ-1425,B02,Kanpur,ET04,Tactical UAV Launcher,Surveillance Systems,Operational,2026-07-16,2026-08-15,242,227,114600,Low,82.3,0,0
EQ-1426,B07,Siliguri,ET01,Heavy Tactical Truck,Transport Fleet,Operational,2026-08-02,2026-10-01,686,236,21900,Low,86.4,0,0
EQ-1427,B03,Bhopal,ET05,Mobile Radar Unit,Air Defense,Operational,2026-07-16,2026-09-14,306,146,136800,Available,91.5,0,0
EQ-1428,B03,Bhopal,ET03,Field Diesel Generator,Power Logistics,Maintenance,2026-06-19,2026-08-03,393,301,114500,Critical Shortage,50.8,13,1
EQ-1429,B06,Jodhpur,ET02,Armored Personnel Carrier (APC),Combat Armor,Operational,2026-05-03,2026-08-01,1307,247,92000,Low,82.6,0,0
EQ-1430,B06,Jodhpur,ET02,Armored Personnel Carrier (APC),Combat Armor,Operational,2026-06-13,2026-09-11,569,107,68400,Available,90.9,0,0
EQ-1431,B02,Kanpur,ET04,Tactical UAV Launcher,Surveillance Systems,Maintenance,2026-07-11,2026-08-10,165,135,162600,Low,46.3,3,1
EQ-1432,B08,Pune,ET06,Artillery Tractor,Heavy Towing,Operational,2026-05-19,2026-08-02,344,93,43400,Available,80.6,0,0
EQ-1433,B06,Jodhpur,ET01,Heavy Tactical Truck,Transport Fleet,Maintenance,2026-07-08,2026-09-06,401,162,26300,Low,56.8,15,1
EQ-1434,B07,Siliguri,ET06,Artillery Tractor,Heavy Towing,Operational,2026-06-19,2026-09-02,748,230,53800,Available,85.3,0,0
EQ-1435,B03,Bhopal,ET03,Field Diesel Generator,Power Logistics,Operational,2026-07-22,2026-09-05,470,350,54700,Low,97.7,0,0
EQ-1436,B04,Delhi,ET04,Tactical UAV Launcher,Surveillance Systems,Operational,2026-07-11,2026-08-10,202,198,94500,Available,80.8,0,0
EQ-1437,B02,Kanpur,ET06,Artillery Tractor,Heavy Towing,Operational,2026-06-04,2026-08-18,954,276,66700,Available,93.0,0,0
EQ-1438,B06,Jodhpur,ET01,Heavy Tactical Truck,Transport Fleet,Operational,2026-07-18,2026-09-16,268,112,15200,Available,96.0,0,0
EQ-1439,B08,Pune,ET04,Tactical UAV Launcher,Surveillance Systems,Maintenance,2026-07-21,2026-08-20,126,109,135700,Available,51.6,20,1
EQ-1440,B01,Lucknow,ET06,Artillery Tractor,Heavy Towing,Operational,2026-06-05,2026-08-19,678,192,50000,Available,94.6,0,0
EQ-1441,B05,Leh,ET01,Heavy Tactical Truck,Transport Fleet,Operational,2026-06-19,2026-08-18,538,192,17700,Available,85.1,0,0
EQ-1442,B02,Kanpur,ET02,Armored Personnel Carrier (APC),Combat Armor,Maintenance,2026-07-19,2026-10-17,969,193,139400,Critical Shortage,64.5,15,0
EQ-1443,B04,Delhi,ET03,Field Diesel Generator,Power Logistics,Operational,2026-07-30,2026-09-13,209,135,44500,Low,87.0,0,0
EQ-1444,B02,Kanpur,ET01,Heavy Tactical Truck,Transport Fleet,Operational,2026-06-25,2026-08-24,435,170,17700,Available,84.1,0,0
EQ-1445,B04,Delhi,ET06,Artillery Tractor,Heavy Towing,Operational,2026-05-20,2026-08-03,466,129,50400,Available,82.5,0,0
EQ-1446,B05,Leh,ET02,Armored Personnel Carrier (APC),Combat Armor,Operational,2026-05-19,2026-08-17,1179,228,77000,Low,89.5,0,0
EQ-1447,B01,Lucknow,ET01,Heavy Tactical Truck,Transport Fleet,Operational,2026-06-12,2026-08-11,477,191,20100,Available,83.5,0,0
EQ-1448,B07,Siliguri,ET03,Field Diesel Generator,Power Logistics,Operational,2026-06-19,2026-08-03,264,203,42000,Available,84.7,0,0
EQ-1449,B02,Kanpur,ET03,Field Diesel Generator,Power Logistics,Operational,2026-07-07,2026-08-21,337,229,54800,Available,84.6,0,0
EQ-1450,B04,Delhi,ET01,Heavy Tactical Truck,Transport Fleet,Operational,2026-07-05,2026-09-03,327,127,18700,Available,96.3,0,0
EQ-1451,B02,Kanpur,ET02,Armored Personnel Carrier (APC),Combat Armor,Maintenance,2026-07-14,2026-10-12,877,191,111100,Available,52.6,17,1
EQ-1452,B04,Delhi,ET06,Artillery Tractor,Heavy Towing,Operational,2026-05-25,2026-08-08,864,242,58100,Available,93.0,0,0
EQ-1453,B08,Pune,ET06,Artillery Tractor,Heavy Towing,Operational,2026-07-17,2026-09-30,476,145,51000,Low,83.2,0,0
EQ-1454,B08,Pune,ET01,Heavy Tactical Truck,Transport Fleet,Operational,2026-07-10,2026-09-08,486,197,18400,Available,96.5,0,0
EQ-1455,B05,Leh,ET06,Artillery Tractor,Heavy Towing,Operational,2026-08-01,2026-10-15,626,168,49000,Available,83.7,0,0
EQ-1456,B02,Kanpur,ET05,Mobile Radar Unit,Air Defense,Out of Service,2026-05-14,2026-07-13,367,155,236300,Low,35.8,36,1
EQ-1457,B01,Lucknow,ET01,Heavy Tactical Truck,Transport Fleet,Operational,2026-07-29,2026-09-27,459,170,18800,Available,93.7,0,0
EQ-1458,B07,Siliguri,ET03,Field Diesel Generator,Power Logistics,Operational,2026-08-01,2026-09-15,270,197,50800,Low,94.8,0,0
EQ-1459,B04,Delhi,ET03,Field Diesel Generator,Power Logistics,Operational,2026-07-08,2026-08-22,333,226,50800,Low,96.5,0,0
EQ-1460,B07,Siliguri,ET03,Field Diesel Generator,Power Logistics,Operational,2026-07-05,2026-08-19,273,188,41400,Available,80.1,0,0
EQ-1461,B03,Bhopal,ET02,Armored Personnel Carrier (APC),Combat Armor,Operational,2026-07-03,2026-10-01,1504,293,92300,Available,90.3,0,0
EQ-1462,B04,Delhi,ET01,Heavy Tactical Truck,Transport Fleet,Operational,2026-07-09,2026-09-07,430,176,19200,Available,98.1,0,0
EQ-1463,B01,Lucknow,ET06,Artillery Tractor,Heavy Towing,Maintenance,2026-05-19,2026-08-02,541,160,86500,Low,65.4,21,0
EQ-1464,B02,Kanpur,ET01,Heavy Tactical Truck,Transport Fleet,Operational,2026-07-13,2026-09-11,449,184,21200,Available,87.2,0,0
EQ-1465,B01,Lucknow,ET01,Heavy Tactical Truck,Transport Fleet,Operational,2026-06-24,2026-08-23,453,169,20000,Available,86.7,0,0
EQ-1466,B06,Jodhpur,ET05,Mobile Radar Unit,Air Defense,Operational,2026-06-02,2026-08-01,380,183,147800,Available,98.2,0,0
EQ-1467,B03,Bhopal,ET04,Tactical UAV Launcher,Surveillance Systems,Operational,2026-07-10,2026-08-09,270,225,94400,Critical Shortage,84.1,0,0
EQ-1468,B01,Lucknow,ET01,Heavy Tactical Truck,Transport Fleet,Operational,2026-08-05,2026-10-04,568,209,22300,Available,88.8,0,0
EQ-1469,B03,Bhopal,ET06,Artillery Tractor,Heavy Towing,Operational,2026-06-23,2026-09-06,551,168,52700,Critical Shortage,98.6,0,0
EQ-1470,B03,Bhopal,ET03,Field Diesel Generator,Power Logistics,Operational,2026-08-02,2026-09-16,313,225,46000,Available,80.5,0,0
EQ-1471,B04,Delhi,ET04,Tactical UAV Launcher,Surveillance Systems,Operational,2026-07-04,2026-08-03,191,181,103600,Available,80.5,0,0
EQ-1472,B02,Kanpur,ET04,Tactical UAV Launcher,Surveillance Systems,Operational,2026-07-06,2026-08-05,88,79,74300,Critical Shortage,82.6,0,0
EQ-1473,B02,Kanpur,ET01,Heavy Tactical Truck,Transport Fleet,Operational,2026-08-04,2026-10-03,273,106,18400,Low,85.2,0,0
EQ-1474,B03,Bhopal,ET02,Armored Personnel Carrier (APC),Combat Armor,Maintenance,2026-07-14,2026-10-12,1400,263,119000,Critical Shortage,57.8,10,1
EQ-1475,B03,Bhopal,ET06,Artillery Tractor,Heavy Towing,Operational,2026-07-15,2026-09-28,1017,277,62300,Critical Shortage,80.6,0,0
EQ-1476,B04,Delhi,ET01,Heavy Tactical Truck,Transport Fleet,Operational,2026-06-27,2026-08-26,461,163,16500,Available,96.3,0,0
EQ-1477,B06,Jodhpur,ET06,Artillery Tractor,Heavy Towing,Operational,2026-06-09,2026-08-23,814,223,59900,Available,90.5,0,0
EQ-1478,B02,Kanpur,ET05,Mobile Radar Unit,Air Defense,Maintenance,2026-07-04,2026-09-02,514,210,183500,Available,49.7,20,1
EQ-1479,B01,Lucknow,ET03,Field Diesel Generator,Power Logistics,Operational,2026-08-04,2026-09-18,586,444,76400,Available,92.8,0,0
EQ-1480,B05,Leh,ET04,Tactical UAV Launcher,Surveillance Systems,Operational,2026-07-01,2026-07-31,295,250,112700,Low,83.7,0,0
EQ-1481,B01,Lucknow,ET03,Field Diesel Generator,Power Logistics,Operational,2026-07-09,2026-08-23,371,252,48000,Critical Shortage,97.2,0,0
EQ-1482,B01,Lucknow,ET04,Tactical UAV Launcher,Surveillance Systems,Operational,2026-07-18,2026-08-17,166,147,91400,Available,87.2,0,0
EQ-1483,B01,Lucknow,ET06,Artillery Tractor,Heavy Towing,Operational,2026-05-17,2026-07-31,434,114,46400,Available,90.6,0,0
EQ-1484,B01,Lucknow,ET01,Heavy Tactical Truck,Transport Fleet,Operational,2026-07-02,2026-08-31,453,184,18000,Available,82.7,0,0
EQ-1485,B02,Kanpur,ET03,Field Diesel Generator,Power Logistics,Operational,2026-07-26,2026-09-09,278,214,45300,Available,96.1,0,0
EQ-1486,B01,Lucknow,ET03,Field Diesel Generator,Power Logistics,Maintenance,2026-07-30,2026-09-13,267,174,87000,Low,54.8,4,1
EQ-1487,B04,Delhi,ET05,Mobile Radar Unit,Air Defense,Operational,2026-06-06,2026-08-05,346,162,135700,Available,87.9,0,0
EQ-1488,B07,Siliguri,ET01,Heavy Tactical Truck,Transport Fleet,Maintenance,2026-07-06,2026-09-04,318,126,29500,Available,54.7,4,1
EQ-1489,B06,Jodhpur,ET06,Artillery Tractor,Heavy Towing,Operational,2026-06-24,2026-09-07,986,279,60400,Available,86.9,0,0
EQ-1490,B05,Leh,ET02,Armored Personnel Carrier (APC),Combat Armor,Operational,2026-05-16,2026-08-14,1096,239,73200,Available,93.6,0,0
EQ-1491,B01,Lucknow,ET01,Heavy Tactical Truck,Transport Fleet,Operational,2026-07-03,2026-09-01,495,174,18900,Available,96.9,0,0
EQ-1492,B02,Kanpur,ET06,Artillery Tractor,Heavy Towing,Maintenance,2026-04-30,2026-07-14,994,268,83000,Available,51.9,6,1
EQ-1493,B08,Pune,ET03,Field Diesel Generator,Power Logistics,Operational,2026-07-23,2026-09-06,405,264,59900,Available,85.5,0,0
EQ-1494,B02,Kanpur,ET01,Heavy Tactical Truck,Transport Fleet,Operational,2026-07-17,2026-09-15,374,136,16600,Critical Shortage,84.2,0,0
EQ-1495,B02,Kanpur,ET01,Heavy Tactical Truck,Transport Fleet,Maintenance,2026-06-08,2026-08-07,702,243,36400,Critical Shortage,57.9,20,1
EQ-1496,B06,Jodhpur,ET01,Heavy Tactical Truck,Transport Fleet,Operational,2026-07-15,2026-09-13,495,199,18100,Available,95.1,0,0
EQ-1497,B01,Lucknow,ET01,Heavy Tactical Truck,Transport Fleet,Out of Service,2026-07-09,2026-09-07,341,128,34300,Low,32.7,22,1
EQ-1498,B04,Delhi,ET05,Mobile Radar Unit,Air Defense,Operational,2026-07-04,2026-09-02,387,185,119800,Available,85.3,0,0
EQ-1499,B03,Bhopal,ET01,Heavy Tactical Truck,Transport Fleet,Maintenance,2026-06-14,2026-08-13,385,135,24500,Available,60.7,4,0
EQ-1500,B07,Siliguri,ET01,Heavy Tactical Truck,Transport Fleet,Maintenance,2026-08-02,2026-10-01,280,112,27400,Critical Shortage,62.1,11,0
EQ-1501,B04,Delhi,ET04,Tactical UAV Launcher,Surveillance Systems,Operational,2026-07-09,2026-08-08,245,241,104500,Available,83.7,0,0
EQ-1502,B08,Pune,ET03,Field Diesel Generator,Power Logistics,Operational,2026-07-04,2026-08-18,492,374,74300,Available,98.1,0,0
EQ-1503,B08,Pune,ET06,Artillery Tractor,Heavy Towing,Operational,2026-05-29,2026-08-12,407,125,44200,Available,84.7,0,0
EQ-1504,B06,Jodhpur,ET02,Armored Personnel Carrier (APC),Combat Armor,Operational,2026-07-20,2026-10-18,1178,223,72300,Available,86.5,0,0
EQ-1505,B01,Lucknow,ET06,Artillery Tractor,Heavy Towing,Operational,2026-05-22,2026-08-05,609,162,57000,Available,85.0,0,0
EQ-1506,B01,Lucknow,ET03,Field Diesel Generator,Power Logistics,Operational,2026-07-14,2026-08-28,330,230,53200,Available,82.3,0,0
EQ-1507,B02,Kanpur,ET02,Armored Personnel Carrier (APC),Combat Armor,Operational,2026-07-31,2026-10-29,830,165,79900,Low,92.0,0,0
EQ-1508,B01,Lucknow,ET01,Heavy Tactical Truck,Transport Fleet,Maintenance,2026-06-16,2026-08-15,390,136,30100,Available,47.0,8,1
EQ-1509,B01,Lucknow,ET03,Field Diesel Generator,Power Logistics,Operational,2026-07-03,2026-08-17,382,262,53500,Available,85.5,0,0
EQ-1510,B04,Delhi,ET06,Artillery Tractor,Heavy Towing,Out of Service,2026-05-17,2026-07-31,565,153,129900,Critical Shortage,42.9,33,1
EQ-1511,B01,Lucknow,ET05,Mobile Radar Unit,Air Defense,Out of Service,2026-06-21,2026-08-20,488,208,272700,Available,38.8,37,1
EQ-1512,B06,Jodhpur,ET03,Field Diesel Generator,Power Logistics,Operational,2026-07-22,2026-09-05,377,256,54600,Available,92.6,0,0
EQ-1513,B06,Jodhpur,ET03,Field Diesel Generator,Power Logistics,Operational,2026-06-24,2026-08-08,354,245,53900,Available,91.3,0,0
EQ-1514,B05,Leh,ET02,Armored Personnel Carrier (APC),Combat Armor,Maintenance,2026-06-15,2026-09-13,750,149,106800,Available,55.9,5,1
EQ-1515,B01,Lucknow,ET01,Heavy Tactical Truck,Transport Fleet,Operational,2026-06-22,2026-08-21,358,149,18200,Available,87.2,0,0
EQ-1516,B05,Leh,ET02,Armored Personnel Carrier (APC),Combat Armor,Operational,2026-05-25,2026-08-23,1241,232,80300,Available,83.5,0,0
EQ-1517,B02,Kanpur,ET01,Heavy Tactical Truck,Transport Fleet,Operational,2026-07-03,2026-09-01,570,197,21900,Available,97.9,0,0
EQ-1518,B05,Leh,ET01,Heavy Tactical Truck,Transport Fleet,Operational,2026-07-02,2026-08-31,357,131,15900,Low,83.0,0,0
EQ-1519,B07,Siliguri,ET01,Heavy Tactical Truck,Transport Fleet,Operational,2026-07-18,2026-09-16,504,179,21200,Available,96.6,0,0
EQ-1520,B03,Bhopal,ET01,Heavy Tactical Truck,Transport Fleet,Operational,2026-06-29,2026-08-28,593,208,22400,Available,83.6,0,0
EQ-1521,B01,Lucknow,ET04,Tactical UAV Launcher,Surveillance Systems,Out of Service,2026-07-19,2026-08-18,134,111,171200,Available,16.5,46,1
EQ-1522,B02,Kanpur,ET04,Tactical UAV Launcher,Surveillance Systems,Operational,2026-07-24,2026-08-23,261,222,96300,Available,89.9,0,0
EQ-1523,B02,Kanpur,ET02,Armored Personnel Carrier (APC),Combat Armor,Operational,2026-07-07,2026-10-05,737,161,75900,Critical Shortage,90.6,0,0
EQ-1524,B03,Bhopal,ET03,Field Diesel Generator,Power Logistics,Operational,2026-07-06,2026-08-20,443,294,59000,Available,96.6,0,0
EQ-1525,B07,Siliguri,ET05,Mobile Radar Unit,Air Defense,Operational,2026-07-08,2026-09-06,370,156,129000,Available,86.7,0,0
EQ-1526,B01,Lucknow,ET02,Armored Personnel Carrier (APC),Combat Armor,Operational,2026-05-22,2026-08-20,540,104,69700,Available,87.3,0,0
EQ-1527,B01,Lucknow,ET02,Armored Personnel Carrier (APC),Combat Armor,Operational,2026-07-27,2026-10-25,573,113,66900,Available,96.6,0,0
EQ-1528,B05,Leh,ET01,Heavy Tactical Truck,Transport Fleet,Operational,2026-06-14,2026-08-13,453,177,18000,Available,82.9,0,0
EQ-1529,B02,Kanpur,ET01,Heavy Tactical Truck,Transport Fleet,Operational,2026-07-02,2026-08-31,448,186,20000,Available,96.2,0,0
EQ-1530,B06,Jodhpur,ET01,Heavy Tactical Truck,Transport Fleet,Operational,2026-06-27,2026-08-26,324,134,19800,Available,94.3,0,0
EQ-1531,B02,Kanpur,ET01,Heavy Tactical Truck,Transport Fleet,Operational,2026-07-04,2026-09-02,502,203,20400,Available,95.1,0,0
EQ-1532,B05,Leh,ET01,Heavy Tactical Truck,Transport Fleet,Operational,2026-06-23,2026-08-22,247,100,15200,Available,87.5,0,0
EQ-1533,B07,Siliguri,ET03,Field Diesel Generator,Power Logistics,Maintenance,2026-06-19,2026-08-03,358,256,72300,Critical Shortage,59.5,20,1
EQ-1534,B03,Bhopal,ET03,Field Diesel Generator,Power Logistics,Maintenance,2026-06-22,2026-08-06,279,187,84900,Critical Shortage,53.9,4,1
EQ-1535,B04,Delhi,ET03,Field Diesel Generator,Power Logistics,Operational,2026-06-23,2026-08-07,294,220,50800,Available,93.9,0,0
EQ-1536,B04,Delhi,ET03,Field Diesel Generator,Power Logistics,Operational,2026-07-17,2026-08-31,370,262,62300,Available,91.5,0,0
EQ-1537,B03,Bhopal,ET01,Heavy Tactical Truck,Transport Fleet,Operational,2026-07-23,2026-09-21,353,136,19900,Available,85.6,0,0
EQ-1538,B01,Lucknow,ET03,Field Diesel Generator,Power Logistics,Operational,2026-08-05,2026-09-19,354,236,55700,Available,90.6,0,0
EQ-1539,B02,Kanpur,ET03,Field Diesel Generator,Power Logistics,Maintenance,2026-06-29,2026-08-13,460,320,102500,Low,56.0,3,1
EQ-1540,B02,Kanpur,ET02,Armored Personnel Carrier (APC),Combat Armor,Operational,2026-06-12,2026-09-10,754,166,77300,Low,83.5,0,0
EQ-1541,B02,Kanpur,ET04,Tactical UAV Launcher,Surveillance Systems,Operational,2026-08-02,2026-09-01,281,236,93500,Available,84.7,0,0
EQ-1542,B05,Leh,ET01,Heavy Tactical Truck,Transport Fleet,Operational,2026-06-19,2026-08-18,317,124,17800,Critical Shortage,88.5,0,0
EQ-1543,B01,Lucknow,ET03,Field Diesel Generator,Power Logistics,Operational,2026-07-20,2026-09-03,412,291,62900,Critical Shortage,83.9,0,0
EQ-1544,B03,Bhopal,ET02,Armored Personnel Carrier (APC),Combat Armor,Operational,2026-07-28,2026-10-26,1260,267,82800,Available,82.3,0,0
EQ-1545,B03,Bhopal,ET02,Armored Personnel Carrier (APC),Combat Armor,Operational,2026-06-27,2026-09-25,317,71,55200,Available,95.5,0,0
EQ-1546,B04,Delhi,ET02,Armored Personnel Carrier (APC),Combat Armor,Operational,2026-06-29,2026-09-27,709,155,69100,Low,94.0,0,0
EQ-1547,B01,Lucknow,ET01,Heavy Tactical Truck,Transport Fleet,Operational,2026-07-27,2026-09-25,534,200,21700,Available,85.7,0,0
EQ-1548,B06,Jodhpur,ET03,Field Diesel Generator,Power Logistics,Operational,2026-07-31,2026-09-14,375,247,58600,Critical Shortage,91.0,0,0
EQ-1549,B04,Delhi,ET04,Tactical UAV Launcher,Surveillance Systems,Operational,2026-07-28,2026-08-27,255,213,111000,Available,98.7,0,0
EQ-1550,B07,Siliguri,ET06,Artillery Tractor,Heavy Towing,Operational,2026-06-15,2026-08-29,551,164,46700,Available,88.4,0,0
EQ-1551,B03,Bhopal,ET04,Tactical UAV Launcher,Surveillance Systems,Operational,2026-08-03,2026-09-02,243,199,103600,Available,95.9,0,0
EQ-1552,B07,Siliguri,ET03,Field Diesel Generator,Power Logistics,Operational,2026-07-23,2026-09-06,344,250,59000,Critical Shortage,92.1,0,0
EQ-1553,B05,Leh,ET01,Heavy Tactical Truck,Transport Fleet,Operational,2026-06-14,2026-08-13,545,227,21500,Available,80.9,0,0
EQ-1554,B07,Siliguri,ET01,Heavy Tactical Truck,Transport Fleet,Operational,2026-06-08,2026-08-07,517,186,17900,Available,89.3,0,0
EQ-1555,B01,Lucknow,ET03,Field Diesel Generator,Power Logistics,Operational,2026-07-14,2026-08-28,369,280,59700,Available,96.6,0,0
EQ-1556,B01,Lucknow,ET03,Field Diesel Generator,Power Logistics,Operational,2026-06-30,2026-08-14,320,235,48700,Low,99.0,0,0
EQ-1557,B02,Kanpur,ET06,Artillery Tractor,Heavy Towing,Operational,2026-07-23,2026-10-06,597,170,52200,Available,91.8,0,0
EQ-1558,B04,Delhi,ET01,Heavy Tactical Truck,Transport Fleet,Maintenance,2026-07-09,2026-09-07,435,155,28100,Available,62.3,4,0
EQ-1559,B04,Delhi,ET06,Artillery Tractor,Heavy Towing,Operational,2026-06-27,2026-09-10,757,214,52700,Low,81.0,0,0
EQ-1560,B04,Delhi,ET01,Heavy Tactical Truck,Transport Fleet,Operational,2026-07-24,2026-09-22,401,156,17300,Available,82.5,0,0
EQ-1561,B08,Pune,ET03,Field Diesel Generator,Power Logistics,Operational,2026-07-20,2026-09-03,425,277,57100,Low,96.7,0,0
EQ-1562,B02,Kanpur,ET01,Heavy Tactical Truck,Transport Fleet,Operational,2026-07-11,2026-09-09,714,268,22000,Available,98.3,0,0
EQ-1563,B02,Kanpur,ET04,Tactical UAV Launcher,Surveillance Systems,Operational,2026-07-14,2026-08-13,286,238,117200,Available,80.0,0,0
EQ-1564,B03,Bhopal,ET03,Field Diesel Generator,Power Logistics,Operational,2026-07-01,2026-08-15,373,240,60800,Critical Shortage,87.4,0,0
EQ-1565,B04,Delhi,ET04,Tactical UAV Launcher,Surveillance Systems,Maintenance,2026-07-20,2026-08-19,268,255,204800,Critical Shortage,46.6,9,1
EQ-1566,B01,Lucknow,ET02,Armored Personnel Carrier (APC),Combat Armor,Operational,2026-07-19,2026-10-17,883,174,73100,Available,95.0,0,0
EQ-1567,B02,Kanpur,ET01,Heavy Tactical Truck,Transport Fleet,Operational,2026-07-05,2026-09-03,204,83,15900,Available,88.7,0,0
EQ-1568,B03,Bhopal,ET01,Heavy Tactical Truck,Transport Fleet,Maintenance,2026-07-08,2026-09-06,336,129,30300,Critical Shortage,64.0,3,0
EQ-1569,B06,Jodhpur,ET03,Field Diesel Generator,Power Logistics,Operational,2026-07-11,2026-08-25,189,147,51800,Available,87.4,0,0
EQ-1570,B02,Kanpur,ET03,Field Diesel Generator,Power Logistics,Out of Service,2026-07-02,2026-08-16,327,238,107500,Available,27.2,41,1
EQ-1571,B03,Bhopal,ET01,Heavy Tactical Truck,Transport Fleet,Operational,2026-06-30,2026-08-29,480,175,19200,Low,96.4,0,0
EQ-1572,B06,Jodhpur,ET01,Heavy Tactical Truck,Transport Fleet,Maintenance,2026-06-12,2026-08-11,638,250,32900,Low,56.4,6,1
EQ-1573,B05,Leh,ET03,Field Diesel Generator,Power Logistics,Operational,2026-07-30,2026-09-13,398,279,56400,Available,98.6,0,0
EQ-1574,B08,Pune,ET01,Heavy Tactical Truck,Transport Fleet,Operational,2026-06-06,2026-08-05,404,165,21000,Available,82.9,0,0
EQ-1575,B01,Lucknow,ET04,Tactical UAV Launcher,Surveillance Systems,Operational,2026-07-04,2026-08-03,263,236,94200,Low,83.2,0,0
EQ-1576,B06,Jodhpur,ET03,Field Diesel Generator,Power Logistics,Operational,2026-07-21,2026-09-04,188,127,50400,Available,97.7,0,0
EQ-1577,B02,Kanpur,ET05,Mobile Radar Unit,Air Defense,Operational,2026-07-23,2026-09-21,417,206,146500,Available,91.4,0,0
EQ-1578,B06,Jodhpur,ET05,Mobile Radar Unit,Air Defense,Operational,2026-06-25,2026-08-24,528,233,153800,Available,97.4,0,0
EQ-1579,B02,Kanpur,ET01,Heavy Tactical Truck,Transport Fleet,Maintenance,2026-06-07,2026-08-06,274,108,23900,Available,46.5,6,1
EQ-1580,B01,Lucknow,ET01,Heavy Tactical Truck,Transport Fleet,Operational,2026-06-15,2026-08-14,621,226,23600,Available,97.0,0,0
EQ-1581,B04,Delhi,ET02,Armored Personnel Carrier (APC),Combat Armor,Operational,2026-05-31,2026-08-29,985,211,88400,Available,91.2,0,0
EQ-1582,B02,Kanpur,ET02,Armored Personnel Carrier (APC),Combat Armor,Operational,2026-05-30,2026-08-28,772,174,69300,Available,96.1,0,0
EQ-1583,B01,Lucknow,ET06,Artillery Tractor,Heavy Towing,Operational,2026-06-15,2026-08-29,860,226,58400,Available,84.4,0,0
EQ-1584,B08,Pune,ET01,Heavy Tactical Truck,Transport Fleet,Operational,2026-07-13,2026-09-11,782,277,21600,Available,85.3,0,0
EQ-1585,B06,Jodhpur,ET01,Heavy Tactical Truck,Transport Fleet,Operational,2026-06-12,2026-08-11,511,183,17400,Available,95.8,0,0
EQ-1586,B03,Bhopal,ET02,Armored Personnel Carrier (APC),Combat Armor,Operational,2026-05-28,2026-08-26,947,207,68900,Low,93.6,0,0
EQ-1587,B01,Lucknow,ET01,Heavy Tactical Truck,Transport Fleet,Operational,2026-06-24,2026-08-23,433,154,17700,Available,98.5,0,0
EQ-1588,B01,Lucknow,ET03,Field Diesel Generator,Power Logistics,Operational,2026-07-28,2026-09-11,282,209,59200,Critical Shortage,94.3,0,0
EQ-1589,B03,Bhopal,ET03,Field Diesel Generator,Power Logistics,Maintenance,2026-06-16,2026-07-31,427,309,78600,Low,46.7,10,1
EQ-1590,B05,Leh,ET05,Mobile Radar Unit,Air Defense,Operational,2026-07-19,2026-09-17,325,152,112800,Available,92.2,0,0
EQ-1591,B06,Jodhpur,ET03,Field Diesel Generator,Power Logistics,Operational,2026-07-02,2026-08-16,362,264,50600,Critical Shortage,89.4,0,0
EQ-1592,B02,Kanpur,ET03,Field Diesel Generator,Power Logistics,Maintenance,2026-05-28,2026-07-12,351,231,94500,Available,61.3,18,0
EQ-1593,B01,Lucknow,ET02,Armored Personnel Carrier (APC),Combat Armor,Operational,2026-08-04,2026-11-02,1000,218,71900,Available,98.0,0,0
EQ-1594,B01,Lucknow,ET01,Heavy Tactical Truck,Transport Fleet,Operational,2026-07-08,2026-09-06,462,190,18500,Available,94.5,0,0
EQ-1595,B02,Kanpur,ET01,Heavy Tactical Truck,Transport Fleet,Maintenance,2026-07-10,2026-09-08,606,221,43200,Low,63.1,6,0
EQ-1596,B04,Delhi,ET01,Heavy Tactical Truck,Transport Fleet,Maintenance,2026-06-06,2026-08-05,427,152,27000,Low,56.8,17,1
EQ-1597,B03,Bhopal,ET03,Field Diesel Generator,Power Logistics,Operational,2026-06-21,2026-08-05,342,243,54800,Available,98.6,0,0
EQ-1598,B03,Bhopal,ET02,Armored Personnel Carrier (APC),Combat Armor,Operational,2026-06-22,2026-09-20,736,146,76200,Available,84.9,0,0
EQ-1599,B08,Pune,ET02,Armored Personnel Carrier (APC),Combat Armor,Operational,2026-08-01,2026-10-30,815,172,68500,Available,84.7,0,0
EQ-1600,B04,Delhi,ET02,Armored Personnel Carrier (APC),Combat Armor,Operational,2026-07-10,2026-10-08,1019,213,80500,Low,83.9,0,0
EQ-1601,B04,Delhi,ET04,Tactical UAV Launcher,Surveillance Systems,Operational,2026-07-02,2026-08-01,269,232,116800,Available,89.3,0,0
EQ-1602,B03,Bhopal,ET03,Field Diesel Generator,Power Logistics,Out of Service,2026-07-15,2026-08-29,266,204,98600,Available,22.5,37,1
EQ-1603,B02,Kanpur,ET01,Heavy Tactical Truck,Transport Fleet,Operational,2026-07-17,2026-09-15,564,214,20200,Available,85.7,0,0
EQ-1604,B05,Leh,ET01,Heavy Tactical Truck,Transport Fleet,Maintenance,2026-06-23,2026-08-22,645,236,37100,Available,59.9,11,1
EQ-1605,B08,Pune,ET03,Field Diesel Generator,Power Logistics,Maintenance,2026-06-19,2026-08-03,366,284,101000,Available,51.9,14,1
EQ-1606,B05,Leh,ET03,Field Diesel Generator,Power Logistics,Operational,2026-07-19,2026-09-02,560,372,77500,Low,96.6,0,0
EQ-1607,B06,Jodhpur,ET06,Artillery Tractor,Heavy Towing,Operational,2026-05-23,2026-08-06,516,156,48100,Available,95.5,0,0
EQ-1608,B06,Jodhpur,ET04,Tactical UAV Launcher,Surveillance Systems,Operational,2026-07-06,2026-08-05,149,132,95300,Available,87.6,0,0
EQ-1609,B05,Leh,ET03,Field Diesel Generator,Power Logistics,Operational,2026-06-20,2026-08-04,233,153,43900,Available,95.1,0,0
EQ-1610,B02,Kanpur,ET04,Tactical UAV Launcher,Surveillance Systems,Operational,2026-08-05,2026-09-04,289,269,107700,Available,98.4,0,0
EQ-1611,B04,Delhi,ET02,Armored Personnel Carrier (APC),Combat Armor,Maintenance,2026-05-14,2026-08-12,1107,227,155500,Available,62.7,3,0
EQ-1612,B04,Delhi,ET01,Heavy Tactical Truck,Transport Fleet,Operational,2026-06-29,2026-08-28,476,172,20700,Available,85.9,0,0
EQ-1613,B07,Siliguri,ET06,Artillery Tractor,Heavy Towing,Operational,2026-07-15,2026-09-28,809,208,60500,Available,91.3,0,0
EQ-1614,B02,Kanpur,ET01,Heavy Tactical Truck,Transport Fleet,Operational,2026-07-05,2026-09-03,360,124,17800,Critical Shortage,95.0,0,0
EQ-1615,B04,Delhi,ET02,Armored Personnel Carrier (APC),Combat Armor,Maintenance,2026-07-10,2026-10-08,1615,317,180600,Critical Shortage,52.9,16,1
EQ-1616,B02,Kanpur,ET05,Mobile Radar Unit,Air Defense,Operational,2026-06-24,2026-08-23,415,201,138400,Available,90.5,0,0
EQ-1617,B03,Bhopal,ET01,Heavy Tactical Truck,Transport Fleet,Operational,2026-06-04,2026-08-03,453,179,20800,Low,99.0,0,0
EQ-1618,B03,Bhopal,ET01,Heavy Tactical Truck,Transport Fleet,Maintenance,2026-06-12,2026-08-11,564,207,26800,Low,57.5,6,1
EQ-1619,B08,Pune,ET03,Field Diesel Generator,Power Logistics,Operational,2026-07-28,2026-09-11,421,288,51500,Available,90.6,0,0
EQ-1620,B05,Leh,ET02,Armored Personnel Carrier (APC),Combat Armor,Operational,2026-06-13,2026-09-11,929,206,84600,Low,85.9,0,0
EQ-1621,B02,Kanpur,ET01,Heavy Tactical Truck,Transport Fleet,Operational,2026-07-14,2026-09-12,359,139,16800,Available,81.4,0,0
EQ-1622,B02,Kanpur,ET06,Artillery Tractor,Heavy Towing,Operational,2026-05-26,2026-08-09,797,218,56000,Available,90.4,0,0
EQ-1623,B04,Delhi,ET05,Mobile Radar Unit,Air Defense,Operational,2026-07-19,2026-09-17,695,289,152200,Available,94.5,0,0
EQ-1624,B02,Kanpur,ET04,Tactical UAV Launcher,Surveillance Systems,Operational,2026-07-17,2026-08-16,277,262,111000,Available,81.3,0,0
EQ-1625,B02,Kanpur,ET01,Heavy Tactical Truck,Transport Fleet,Maintenance,2026-07-20,2026-09-18,688,246,35100,Available,50.0,5,1
EQ-1626,B07,Siliguri,ET01,Heavy Tactical Truck,Transport Fleet,Operational,2026-06-20,2026-08-19,398,151,18400,Low,88.1,0,0
EQ-1627,B08,Pune,ET03,Field Diesel Generator,Power Logistics,Operational,2026-07-02,2026-08-16,289,200,57700,Available,91.4,0,0
EQ-1628,B02,Kanpur,ET06,Artillery Tractor,Heavy Towing,Operational,2026-07-13,2026-09-26,697,188,56000,Available,88.3,0,0
EQ-1629,B04,Delhi,ET03,Field Diesel Generator,Power Logistics,Operational,2026-07-18,2026-09-01,378,263,52700,Available,87.3,0,0
EQ-1630,B06,Jodhpur,ET01,Heavy Tactical Truck,Transport Fleet,Operational,2026-07-26,2026-09-24,552,224,20400,Available,82.5,0,0
EQ-1631,B06,Jodhpur,ET05,Mobile Radar Unit,Air Defense,Operational,2026-06-18,2026-08-17,226,110,110400,Available,86.2,0,0
EQ-1632,B01,Lucknow,ET01,Heavy Tactical Truck,Transport Fleet,Operational,2026-07-08,2026-09-06,649,243,19200,Available,91.6,0,0
EQ-1633,B04,Delhi,ET03,Field Diesel Generator,Power Logistics,Operational,2026-07-15,2026-08-29,323,250,58500,Available,90.4,0,0
EQ-1634,B04,Delhi,ET02,Armored Personnel Carrier (APC),Combat Armor,Operational,2026-06-27,2026-09-25,782,173,65700,Critical Shortage,97.1,0,0
EQ-1635,B01,Lucknow,ET02,Armored Personnel Carrier (APC),Combat Armor,Operational,2026-06-10,2026-09-08,664,144,64200,Low,80.0,0,0
EQ-1636,B04,Delhi,ET06,Artillery Tractor,Heavy Towing,Operational,2026-06-06,2026-08-20,374,112,48000,Available,90.9,0,0
EQ-1637,B04,Delhi,ET02,Armored Personnel Carrier (APC),Combat Armor,Operational,2026-05-23,2026-08-21,1055,236,78400,Available,89.7,0,0
EQ-1638,B01,Lucknow,ET05,Mobile Radar Unit,Air Defense,Operational,2026-07-24,2026-09-22,471,198,124900,Available,90.8,0,0
EQ-1639,B05,Leh,ET01,Heavy Tactical Truck,Transport Fleet,Operational,2026-07-08,2026-09-06,314,116,19100,Available,83.6,0,0
EQ-1640,B04,Delhi,ET03,Field Diesel Generator,Power Logistics,Operational,2026-07-19,2026-09-02,270,182,45200,Available,98.7,0,0
EQ-1641,B01,Lucknow,ET01,Heavy Tactical Truck,Transport Fleet,Operational,2026-06-09,2026-08-08,417,159,18800,Low,96.6,0,0
EQ-1642,B08,Pune,ET02,Armored Personnel Carrier (APC),Combat Armor,Operational,2026-05-12,2026-08-10,1470,278,80700,Available,88.3,0,0
EQ-1643,B06,Jodhpur,ET01,Heavy Tactical Truck,Transport Fleet,Operational,2026-06-17,2026-08-16,414,163,20400,Available,93.5,0,0
EQ-1644,B05,Leh,ET05,Mobile Radar Unit,Air Defense,Operational,2026-07-20,2026-09-18,247,119,117800,Available,85.5,0,0
EQ-1645,B05,Leh,ET06,Artillery Tractor,Heavy Towing,Operational,2026-06-26,2026-09-09,586,182,56200,Critical Shortage,97.4,0,0
EQ-1646,B02,Kanpur,ET03,Field Diesel Generator,Power Logistics,Operational,2026-08-04,2026-09-18,331,243,52500,Available,94.8,0,0
EQ-1647,B03,Bhopal,ET04,Tactical UAV Launcher,Surveillance Systems,Operational,2026-07-20,2026-08-19,71,60,80100,Available,85.7,0,0
EQ-1648,B02,Kanpur,ET02,Armored Personnel Carrier (APC),Combat Armor,Operational,2026-05-10,2026-08-08,863,192,75900,Available,91.0,0,0
EQ-1649,B02,Kanpur,ET03,Field Diesel Generator,Power Logistics,Maintenance,2026-05-29,2026-07-13,366,246,78300,Available,58.4,13,1
EQ-1650,B04,Delhi,ET03,Field Diesel Generator,Power Logistics,Operational,2026-06-24,2026-08-08,456,301,63100,Low,93.7,0,0
EQ-1651,B01,Lucknow,ET01,Heavy Tactical Truck,Transport Fleet,Operational,2026-06-15,2026-08-14,629,258,21800,Available,84.7,0,0
EQ-1652,B08,Pune,ET01,Heavy Tactical Truck,Transport Fleet,Operational,2026-06-24,2026-08-23,608,225,22800,Available,87.8,0,0
EQ-1653,B08,Pune,ET06,Artillery Tractor,Heavy Towing,Operational,2026-07-28,2026-10-11,654,181,49900,Low,94.5,0,0
EQ-1654,B07,Siliguri,ET04,Tactical UAV Launcher,Surveillance Systems,Operational,2026-07-12,2026-08-11,168,139,88700,Available,91.3,0,0
EQ-1655,B05,Leh,ET01,Heavy Tactical Truck,Transport Fleet,Operational,2026-07-27,2026-09-25,729,290,22900,Available,86.7,0,0
EQ-1656,B01,Lucknow,ET06,Artillery Tractor,Heavy Towing,Maintenance,2026-06-10,2026-08-24,740,197,81700,Low,51.4,7,1
EQ-1657,B04,Delhi,ET03,Field Diesel Generator,Power Logistics,Operational,2026-06-27,2026-08-11,368,260,62500,Available,80.5,0,0
EQ-1658,B02,Kanpur,ET01,Heavy Tactical Truck,Transport Fleet,Operational,2026-07-10,2026-09-08,488,173,21300,Available,85.2,0,0
EQ-1659,B04,Delhi,ET05,Mobile Radar Unit,Air Defense,Operational,2026-08-01,2026-09-30,423,204,146200,Available,81.4,0,0
EQ-1660,B06,Jodhpur,ET01,Heavy Tactical Truck,Transport Fleet,Maintenance,2026-08-03,2026-10-02,461,168,34300,Available,55.7,3,1
EQ-1661,B01,Lucknow,ET01,Heavy Tactical Truck,Transport Fleet,Operational,2026-06-24,2026-08-23,362,149,17000,Available,81.0,0,0
EQ-1662,B07,Siliguri,ET02,Armored Personnel Carrier (APC),Combat Armor,Operational,2026-05-21,2026-08-19,828,167,67700,Available,81.1,0,0
EQ-1663,B01,Lucknow,ET05,Mobile Radar Unit,Air Defense,Operational,2026-08-05,2026-10-04,461,193,151200,Available,87.2,0,0
EQ-1664,B01,Lucknow,ET01,Heavy Tactical Truck,Transport Fleet,Operational,2026-07-01,2026-08-30,359,150,18200,Available,96.5,0,0
EQ-1665,B02,Kanpur,ET03,Field Diesel Generator,Power Logistics,Out of Service,2026-06-07,2026-07-22,339,217,100900,Low,15.5,20,1
EQ-1666,B01,Lucknow,ET03,Field Diesel Generator,Power Logistics,Operational,2026-07-12,2026-08-26,359,266,52300,Low,98.6,0,0
EQ-1667,B06,Jodhpur,ET03,Field Diesel Generator,Power Logistics,Operational,2026-07-14,2026-08-28,361,244,59700,Available,95.2,0,0
EQ-1668,B02,Kanpur,ET02,Armored Personnel Carrier (APC),Combat Armor,Operational,2026-06-16,2026-09-14,1358,270,82800,Available,85.7,0,0
EQ-1669,B07,Siliguri,ET02,Armored Personnel Carrier (APC),Combat Armor,Operational,2026-07-16,2026-10-14,296,62,54800,Available,87.0,0,0
EQ-1670,B03,Bhopal,ET03,Field Diesel Generator,Power Logistics,Operational,2026-07-25,2026-09-08,440,325,65700,Available,84.0,0,0
EQ-1671,B01,Lucknow,ET03,Field Diesel Generator,Power Logistics,Operational,2026-07-05,2026-08-19,488,334,58400,Available,81.2,0,0
EQ-1672,B05,Leh,ET02,Armored Personnel Carrier (APC),Combat Armor,Maintenance,2026-06-29,2026-09-27,430,91,93600,Available,50.6,3,1
EQ-1673,B04,Delhi,ET02,Armored Personnel Carrier (APC),Combat Armor,Operational,2026-07-20,2026-10-18,791,177,69500,Available,92.8,0,0
EQ-1674,B04,Delhi,ET02,Armored Personnel Carrier (APC),Combat Armor,Operational,2026-07-17,2026-10-15,791,176,75900,Available,83.7,0,0
EQ-1675,B01,Lucknow,ET06,Artillery Tractor,Heavy Towing,Operational,2026-07-24,2026-10-07,411,124,42600,Low,85.2,0,0
EQ-1676,B02,Kanpur,ET04,Tactical UAV Launcher,Surveillance Systems,Operational,2026-07-08,2026-08-07,166,156,92100,Critical Shortage,91.2,0,0
EQ-1677,B06,Jodhpur,ET04,Tactical UAV Launcher,Surveillance Systems,Maintenance,2026-07-16,2026-08-15,169,139,158400,Available,58.4,9,1
EQ-1678,B07,Siliguri,ET01,Heavy Tactical Truck,Transport Fleet,Operational,2026-07-19,2026-09-17,631,253,19900,Available,88.6,0,0
EQ-1679,B07,Siliguri,ET04,Tactical UAV Launcher,Surveillance Systems,Operational,2026-07-12,2026-08-11,258,241,115600,Available,94.7,0,0
EQ-1680,B03,Bhopal,ET05,Mobile Radar Unit,Air Defense,Maintenance,2026-08-05,2026-10-04,632,258,231300,Critical Shortage,51.7,6,1
EQ-1681,B04,Delhi,ET02,Armored Personnel Carrier (APC),Combat Armor,Operational,2026-07-31,2026-10-29,1031,231,84200,Available,80.2,0,0
EQ-1682,B04,Delhi,ET03,Field Diesel Generator,Power Logistics,Operational,2026-07-06,2026-08-20,269,192,56900,Available,96.4,0,0
EQ-1683,B01,Lucknow,ET03,Field Diesel Generator,Power Logistics,Operational,2026-07-01,2026-08-15,320,228,58500,Available,80.1,0,0
EQ-1684,B07,Siliguri,ET06,Artillery Tractor,Heavy Towing,Operational,2026-06-08,2026-08-22,706,219,60300,Available,84.3,0,0
EQ-1685,B05,Leh,ET02,Armored Personnel Carrier (APC),Combat Armor,Operational,2026-07-24,2026-10-22,713,133,72200,Available,95.9,0,0
EQ-1686,B05,Leh,ET01,Heavy Tactical Truck,Transport Fleet,Maintenance,2026-06-18,2026-08-17,601,207,34000,Critical Shortage,62.9,9,0
EQ-1687,B05,Leh,ET03,Field Diesel Generator,Power Logistics,Operational,2026-07-01,2026-08-15,356,245,55500,Low,86.1,0,0
EQ-1688,B03,Bhopal,ET01,Heavy Tactical Truck,Transport Fleet,Operational,2026-07-15,2026-09-13,399,158,20800,Low,89.5,0,0
EQ-1689,B07,Siliguri,ET05,Mobile Radar Unit,Air Defense,Maintenance,2026-07-11,2026-09-09,549,230,233400,Critical Shortage,46.3,4,1
EQ-1690,B07,Siliguri,ET01,Heavy Tactical Truck,Transport Fleet,Operational,2026-06-12,2026-08-11,563,194,20000,Available,86.6,0,0
EQ-1691,B05,Leh,ET03,Field Diesel Generator,Power Logistics,Operational,2026-06-25,2026-08-09,364,238,52700,Available,87.7,0,0
EQ-1692,B04,Delhi,ET01,Heavy Tactical Truck,Transport Fleet,Operational,2026-06-01,2026-07-31,641,227,18600,Available,93.3,0,0
EQ-1693,B08,Pune,ET03,Field Diesel Generator,Power Logistics,Operational,2026-07-18,2026-09-01,301,195,46500,Low,96.9,0,0
EQ-1694,B05,Leh,ET01,Heavy Tactical Truck,Transport Fleet,Maintenance,2026-06-07,2026-08-06,519,202,39500,Low,59.8,7,1
EQ-1695,B02,Kanpur,ET05,Mobile Radar Unit,Air Defense,Operational,2026-06-30,2026-08-29,546,224,160100,Available,93.2,0,0
EQ-1696,B02,Kanpur,ET03,Field Diesel Generator,Power Logistics,Maintenance,2026-06-01,2026-07-16,338,241,86200,Available,49.6,12,1
EQ-1697,B06,Jodhpur,ET03,Field Diesel Generator,Power Logistics,Operational,2026-07-21,2026-09-04,379,279,66200,Low,98.9,0,0
EQ-1698,B04,Delhi,ET03,Field Diesel Generator,Power Logistics,Operational,2026-07-27,2026-09-10,262,184,54100,Low,85.1,0,0
EQ-1699,B06,Jodhpur,ET03,Field Diesel Generator,Power Logistics,Operational,2026-06-27,2026-08-11,471,315,70300,Low,83.6,0,0
EQ-1700,B02,Kanpur,ET03,Field Diesel Generator,Power Logistics,Operational,2026-07-20,2026-09-03,385,248,56100,Available,80.8,0,0
EQ-1701,B02,Kanpur,ET01,Heavy Tactical Truck,Transport Fleet,Maintenance,2026-06-19,2026-08-18,426,151,36300,Available,62.5,8,0
EQ-1702,B07,Siliguri,ET03,Field Diesel Generator,Power Logistics,Maintenance,2026-07-15,2026-08-29,420,322,89900,Available,58.6,7,1
EQ-1703,B02,Kanpur,ET02,Armored Personnel Carrier (APC),Combat Armor,Maintenance,2026-07-28,2026-10-26,794,159,96800,Available,58.6,12,1
EQ-1704,B03,Bhopal,ET03,Field Diesel Generator,Power Logistics,Operational,2026-06-16,2026-07-31,231,175,57100,Available,97.3,0,0
EQ-1705,B06,Jodhpur,ET02,Armored Personnel Carrier (APC),Combat Armor,Operational,2026-06-10,2026-09-08,571,117,67900,Available,86.6,0,0
EQ-1706,B07,Siliguri,ET01,Heavy Tactical Truck,Transport Fleet,Operational,2026-07-30,2026-09-28,563,202,18900,Available,94.8,0,0
EQ-1707,B01,Lucknow,ET03,Field Diesel Generator,Power Logistics,Operational,2026-08-03,2026-09-17,247,183,55200,Available,93.0,0,0
EQ-1708,B02,Kanpur,ET01,Heavy Tactical Truck,Transport Fleet,Operational,2026-07-24,2026-09-22,697,253,23600,Available,98.4,0,0
EQ-1709,B02,Kanpur,ET02,Armored Personnel Carrier (APC),Combat Armor,Operational,2026-07-22,2026-10-20,460,90,64700,Available,92.8,0,0
EQ-1710,B02,Kanpur,ET02,Armored Personnel Carrier (APC),Combat Armor,Operational,2026-07-09,2026-10-07,1286,279,77700,Available,98.1,0,0
EQ-1711,B03,Bhopal,ET01,Heavy Tactical Truck,Transport Fleet,Maintenance,2026-07-22,2026-09-20,531,184,30800,Available,66.5,15,0
EQ-1712,B02,Kanpur,ET02,Armored Personnel Carrier (APC),Combat Armor,Operational,2026-05-14,2026-08-12,971,190,71300,Low,91.0,0,0
EQ-1713,B01,Lucknow,ET01,Heavy Tactical Truck,Transport Fleet,Operational,2026-06-26,2026-08-25,426,150,17900,Low,84.6,0,0
EQ-1714,B05,Leh,ET01,Heavy Tactical Truck,Transport Fleet,Operational,2026-06-12,2026-08-11,509,192,22200,Low,86.6,0,0
EQ-1715,B02,Kanpur,ET03,Field Diesel Generator,Power Logistics,Operational,2026-06-17,2026-08-01,357,257,51100,Available,93.2,0,0
EQ-1716,B05,Leh,ET02,Armored Personnel Carrier (APC),Combat Armor,Operational,2026-07-10,2026-10-08,1165,250,88900,Available,90.5,0,0
EQ-1717,B01,Lucknow,ET06,Artillery Tractor,Heavy Towing,Operational,2026-06-12,2026-08-26,670,200,54100,Available,89.1,0,0
EQ-1718,B07,Siliguri,ET01,Heavy Tactical Truck,Transport Fleet,Operational,2026-07-02,2026-08-31,462,181,17900,Available,94.5,0,0
EQ-1719,B02,Kanpur,ET05,Mobile Radar Unit,Air Defense,Operational,2026-07-29,2026-09-27,432,176,131200,Low,95.7,0,0
EQ-1720,B02,Kanpur,ET03,Field Diesel Generator,Power Logistics,Operational,2026-06-26,2026-08-10,389,256,64000,Available,83.6,0,0
EQ-1721,B03,Bhopal,ET01,Heavy Tactical Truck,Transport Fleet,Out of Service,2026-06-02,2026-08-01,521,188,43400,Available,38.5,23,1
EQ-1722,B06,Jodhpur,ET03,Field Diesel Generator,Power Logistics,Out of Service,2026-07-06,2026-08-20,228,157,79700,Low,38.3,34,1
EQ-1723,B01,Lucknow,ET04,Tactical UAV Launcher,Surveillance Systems,Operational,2026-07-08,2026-08-07,155,127,78200,Available,87.5,0,0
EQ-1724,B01,Lucknow,ET05,Mobile Radar Unit,Air Defense,Operational,2026-06-11,2026-08-10,487,232,129800,Available,95.8,0,0
EQ-1725,B04,Delhi,ET03,Field Diesel Generator,Power Logistics,Operational,2026-08-02,2026-09-16,390,270,55200,Available,89.7,0,0
EQ-1726,B03,Bhopal,ET02,Armored Personnel Carrier (APC),Combat Armor,Operational,2026-05-10,2026-08-08,862,185,71200,Low,91.9,0,0
EQ-1727,B07,Siliguri,ET02,Armored Personnel Carrier (APC),Combat Armor,Maintenance,2026-07-05,2026-10-03,886,195,141200,Low,52.2,4,1
EQ-1728,B03,Bhopal,ET02,Armored Personnel Carrier (APC),Combat Armor,Operational,2026-06-13,2026-09-11,1112,212,78400,Available,81.5,0,0
EQ-1729,B02,Kanpur,ET01,Heavy Tactical Truck,Transport Fleet,Operational,2026-06-11,2026-08-10,432,150,20500,Available,92.0,0,0
EQ-1730,B01,Lucknow,ET01,Heavy Tactical Truck,Transport Fleet,Operational,2026-06-09,2026-08-08,386,139,19200,Available,85.3,0,0
EQ-1731,B04,Delhi,ET01,Heavy Tactical Truck,Transport Fleet,Operational,2026-08-05,2026-10-04,503,183,20600,Available,90.9,0,0
EQ-1732,B07,Siliguri,ET01,Heavy Tactical Truck,Transport Fleet,Operational,2026-06-02,2026-08-01,341,130,16900,Available,85.0,0,0
EQ-1733,B03,Bhopal,ET01,Heavy Tactical Truck,Transport Fleet,Out of Service,2026-06-20,2026-08-19,496,193,46000,Critical Shortage,29.2,37,1
EQ-1734,B02,Kanpur,ET01,Heavy Tactical Truck,Transport Fleet,Operational,2026-07-16,2026-09-14,250,98,14800,Low,91.6,0,0
EQ-1735,B02,Kanpur,ET03,Field Diesel Generator,Power Logistics,Operational,2026-07-16,2026-08-30,499,321,54700,Low,95.4,0,0
EQ-1736,B01,Lucknow,ET01,Heavy Tactical Truck,Transport Fleet,Operational,2026-07-23,2026-09-21,543,196,17700,Available,98.5,0,0
EQ-1737,B04,Delhi,ET06,Artillery Tractor,Heavy Towing,Operational,2026-07-07,2026-09-20,716,207,50600,Available,95.2,0,0
EQ-1738,B04,Delhi,ET06,Artillery Tractor,Heavy Towing,Operational,2026-07-13,2026-09-26,836,244,64900,Available,95.4,0,0
EQ-1739,B01,Lucknow,ET06,Artillery Tractor,Heavy Towing,Operational,2026-06-24,2026-09-07,1008,278,61500,Critical Shortage,98.3,0,0
EQ-1740,B01,Lucknow,ET01,Heavy Tactical Truck,Transport Fleet,Operational,2026-07-26,2026-09-24,612,220,22200,Available,91.7,0,0
EQ-1741,B06,Jodhpur,ET02,Armored Personnel Carrier (APC),Combat Armor,Operational,2026-08-04,2026-11-02,488,102,68300,Available,84.9,0,0
EQ-1742,B01,Lucknow,ET02,Armored Personnel Carrier (APC),Combat Armor,Operational,2026-06-12,2026-09-10,643,131,68200,Low,85.7,0,0
EQ-1743,B05,Leh,ET06,Artillery Tractor,Heavy Towing,Operational,2026-06-29,2026-09-12,605,163,56900,Available,87.3,0,0
EQ-1744,B04,Delhi,ET01,Heavy Tactical Truck,Transport Fleet,Operational,2026-07-22,2026-09-20,426,176,18800,Low,83.6,0,0
EQ-1745,B07,Siliguri,ET02,Armored Personnel Carrier (APC),Combat Armor,Operational,2026-06-15,2026-09-13,1082,220,89600,Low,89.2,0,0
EQ-1746,B03,Bhopal,ET04,Tactical UAV Launcher,Surveillance Systems,Maintenance,2026-07-26,2026-08-25,185,158,190400,Low,66.8,13,0
EQ-1747,B06,Jodhpur,ET01,Heavy Tactical Truck,Transport Fleet,Operational,2026-07-24,2026-09-22,501,183,20000,Available,81.2,0,0
EQ-1748,B02,Kanpur,ET04,Tactical UAV Launcher,Surveillance Systems,Operational,2026-07-17,2026-08-16,166,157,85800,Low,94.6,0,0
EQ-1749,B05,Leh,ET02,Armored Personnel Carrier (APC),Combat Armor,Operational,2026-06-02,2026-08-31,797,164,69400,Critical Shortage,84.8,0,0
EQ-1750,B03,Bhopal,ET01,Heavy Tactical Truck,Transport Fleet,Operational,2026-08-05,2026-10-04,282,111,16100,Critical Shortage,88.8,0,0
EQ-1751,B01,Lucknow,ET01,Heavy Tactical Truck,Transport Fleet,Operational,2026-07-31,2026-09-29,363,133,18800,Available,88.3,0,0
EQ-1752,B07,Siliguri,ET04,Tactical UAV Launcher,Surveillance Systems,Operational,2026-08-02,2026-09-01,129,127,85600,Available,82.5,0,0
EQ-1753,B05,Leh,ET04,Tactical UAV Launcher,Surveillance Systems,Operational,2026-07-19,2026-08-18,176,146,90500,Available,80.4,0,0
EQ-1754,B05,Leh,ET06,Artillery Tractor,Heavy Towing,Operational,2026-07-15,2026-09-28,840,247,56900,Available,83.0,0,0
EQ-1755,B03,Bhopal,ET02,Armored Personnel Carrier (APC),Combat Armor,Operational,2026-05-27,2026-08-25,657,147,75400,Low,92.2,0,0
EQ-1756,B02,Kanpur,ET02,Armored Personnel Carrier (APC),Combat Armor,Operational,2026-06-16,2026-09-14,1714,326,104800,Available,88.9,0,0
EQ-1757,B05,Leh,ET01,Heavy Tactical Truck,Transport Fleet,Operational,2026-07-16,2026-09-14,475,197,19500,Available,85.7,0,0
EQ-1758,B02,Kanpur,ET02,Armored Personnel Carrier (APC),Combat Armor,Operational,2026-06-09,2026-09-07,1089,204,81300,Available,82.3,0,0
EQ-1759,B04,Delhi,ET06,Artillery Tractor,Heavy Towing,Operational,2026-07-01,2026-09-14,537,152,50200,Available,82.7,0,0
EQ-1760,B02,Kanpur,ET03,Field Diesel Generator,Power Logistics,Operational,2026-08-05,2026-09-19,436,302,63100,Available,94.4,0,0
EQ-1761,B07,Siliguri,ET01,Heavy Tactical Truck,Transport Fleet,Operational,2026-06-08,2026-08-07,429,149,19100,Available,92.7,0,0
EQ-1762,B01,Lucknow,ET01,Heavy Tactical Truck,Transport Fleet,Operational,2026-06-20,2026-08-19,513,180,20900,Low,93.6,0,0
EQ-1763,B05,Leh,ET03,Field Diesel Generator,Power Logistics,Operational,2026-07-03,2026-08-17,611,413,80300,Available,80.2,0,0
EQ-1764,B05,Leh,ET06,Artillery Tractor,Heavy Towing,Operational,2026-07-13,2026-09-26,667,190,55900,Available,80.6,0,0
EQ-1765,B04,Delhi,ET03,Field Diesel Generator,Power Logistics,Operational,2026-07-16,2026-08-30,503,328,68100,Available,81.7,0,0
EQ-1766,B02,Kanpur,ET06,Artillery Tractor,Heavy Towing,Operational,2026-06-20,2026-09-03,620,159,48600,Critical Shortage,80.6,0,0
EQ-1767,B08,Pune,ET06,Artillery Tractor,Heavy Towing,Maintenance,2026-06-06,2026-08-20,694,193,95900,Available,48.7,19,1
EQ-1768,B04,Delhi,ET02,Armored Personnel Carrier (APC),Combat Armor,Operational,2026-05-30,2026-08-28,1260,283,88700,Available,86.4,0,0
EQ-1769,B01,Lucknow,ET01,Heavy Tactical Truck,Transport Fleet,Operational,2026-06-23,2026-08-22,385,146,17200,Available,90.3,0,0
EQ-1770,B04,Delhi,ET02,Armored Personnel Carrier (APC),Combat Armor,Operational,2026-06-11,2026-09-09,1287,285,89200,Available,98.6,0,0
EQ-1771,B01,Lucknow,ET03,Field Diesel Generator,Power Logistics,Maintenance,2026-07-07,2026-08-21,459,302,119400,Available,67.2,8,0
EQ-1772,B04,Delhi,ET01,Heavy Tactical Truck,Transport Fleet,Operational,2026-06-07,2026-08-06,404,149,18400,Low,83.1,0,0
EQ-1773,B02,Kanpur,ET02,Armored Personnel Carrier (APC),Combat Armor,Operational,2026-05-09,2026-08-07,1080,226,87600,Available,82.4,0,0
EQ-1774,B04,Delhi,ET05,Mobile Radar Unit,Air Defense,Operational,2026-08-04,2026-10-03,493,243,152400,Critical Shortage,89.9,0,0
EQ-1775,B05,Leh,ET03,Field Diesel Generator,Power Logistics,Operational,2026-06-25,2026-08-09,416,297,53100,Low,89.6,0,0
EQ-1776,B02,Kanpur,ET05,Mobile Radar Unit,Air Defense,Maintenance,2026-06-05,2026-08-04,235,116,164800,Low,59.5,9,1
EQ-1777,B08,Pune,ET01,Heavy Tactical Truck,Transport Fleet,Out of Service,2026-06-28,2026-08-27,405,142,43100,Low,17.1,36,1
EQ-1778,B05,Leh,ET02,Armored Personnel Carrier (APC),Combat Armor,Operational,2026-06-21,2026-09-19,935,182,74700,Available,82.3,0,0
EQ-1779,B04,Delhi,ET02,Armored Personnel Carrier (APC),Combat Armor,Operational,2026-06-09,2026-09-07,920,191,75300,Available,81.5,0,0
EQ-1780,B02,Kanpur,ET01,Heavy Tactical Truck,Transport Fleet,Out of Service,2026-05-26,2026-07-25,581,202,41800,Low,29.7,40,1
EQ-1781,B05,Leh,ET06,Artillery Tractor,Heavy Towing,Operational,2026-06-09,2026-08-23,776,203,50400,Available,83.7,0,0
EQ-1782,B02,Kanpur,ET02,Armored Personnel Carrier (APC),Combat Armor,Operational,2026-07-31,2026-10-29,608,128,64800,Available,91.5,0,0
EQ-1783,B03,Bhopal,ET01,Heavy Tactical Truck,Transport Fleet,Operational,2026-07-23,2026-09-21,514,192,20300,Low,83.1,0,0
EQ-1784,B04,Delhi,ET02,Armored Personnel Carrier (APC),Combat Armor,Operational,2026-07-11,2026-10-09,1039,225,86700,Available,94.7,0,0
EQ-1785,B03,Bhopal,ET02,Armored Personnel Carrier (APC),Combat Armor,Operational,2026-05-20,2026-08-18,1001,222,86300,Available,83.0,0,0
EQ-1786,B03,Bhopal,ET02,Armored Personnel Carrier (APC),Combat Armor,Operational,2026-07-20,2026-10-18,1151,249,84000,Low,90.5,0,0
EQ-1787,B07,Siliguri,ET01,Heavy Tactical Truck,Transport Fleet,Operational,2026-07-27,2026-09-25,532,212,22300,Available,96.6,0,0
EQ-1788,B06,Jodhpur,ET01,Heavy Tactical Truck,Transport Fleet,Operational,2026-07-20,2026-09-18,547,195,21100,Available,96.1,0,0
EQ-1789,B01,Lucknow,ET03,Field Diesel Generator,Power Logistics,Operational,2026-07-17,2026-08-31,328,255,55800,Available,87.9,0,0
EQ-1790,B04,Delhi,ET04,Tactical UAV Launcher,Surveillance Systems,Operational,2026-07-08,2026-08-07,117,111,78900,Available,91.7,0,0
EQ-1791,B08,Pune,ET03,Field Diesel Generator,Power Logistics,Operational,2026-07-26,2026-09-09,429,285,55700,Available,87.4,0,0
EQ-1792,B04,Delhi,ET01,Heavy Tactical Truck,Transport Fleet,Operational,2026-06-12,2026-08-11,495,184,21100,Available,98.9,0,0
EQ-1793,B05,Leh,ET02,Armored Personnel Carrier (APC),Combat Armor,Maintenance,2026-05-09,2026-08-07,980,208,143100,Available,53.8,15,1
EQ-1794,B05,Leh,ET06,Artillery Tractor,Heavy Towing,Maintenance,2026-06-05,2026-08-19,433,131,86400,Low,66.6,16,0
EQ-1795,B08,Pune,ET03,Field Diesel Generator,Power Logistics,Operational,2026-07-22,2026-09-05,277,195,48400,Available,92.6,0,0
EQ-1796,B01,Lucknow,ET06,Artillery Tractor,Heavy Towing,Operational,2026-05-26,2026-08-09,911,247,59600,Available,92.4,0,0
EQ-1797,B01,Lucknow,ET01,Heavy Tactical Truck,Transport Fleet,Out of Service,2026-07-19,2026-09-17,426,173,30600,Available,17.4,41,1
EQ-1798,B06,Jodhpur,ET03,Field Diesel Generator,Power Logistics,Maintenance,2026-07-30,2026-09-13,424,300,97800,Available,58.4,21,1
EQ-1799,B02,Kanpur,ET02,Armored Personnel Carrier (APC),Combat Armor,Operational,2026-05-16,2026-08-14,876,196,84400,Low,93.3,0,0
EQ-1800,B02,Kanpur,ET03,Field Diesel Generator,Power Logistics,Operational,2026-06-20,2026-08-04,392,261,62200,Available,90.9,0,0
EQ-1801,B01,Lucknow,ET06,Artillery Tractor,Heavy Towing,Operational,2026-08-02,2026-10-16,810,241,63100,Low,90.3,0,0
EQ-1802,B06,Jodhpur,ET01,Heavy Tactical Truck,Transport Fleet,Operational,2026-08-05,2026-10-04,398,151,16400,Available,88.5,0,0
EQ-1803,B07,Siliguri,ET01,Heavy Tactical Truck,Transport Fleet,Operational,2026-07-04,2026-09-02,478,179,20400,Available,82.4,0,0
EQ-1804,B03,Bhopal,ET03,Field Diesel Generator,Power Logistics,Operational,2026-07-20,2026-09-03,354,232,58200,Low,81.2,0,0
EQ-1805,B01,Lucknow,ET05,Mobile Radar Unit,Air Defense,Operational,2026-07-16,2026-09-14,403,173,118500,Available,95.1,0,0
EQ-1806,B04,Delhi,ET02,Armored Personnel Carrier (APC),Combat Armor,Operational,2026-05-22,2026-08-20,837,179,65600,Critical Shortage,84.5,0,0
EQ-1807,B08,Pune,ET01,Heavy Tactical Truck,Transport Fleet,Operational,2026-07-08,2026-09-06,534,184,17300,Low,85.8,0,0
EQ-1808,B05,Leh,ET03,Field Diesel Generator,Power Logistics,Maintenance,2026-07-05,2026-08-19,297,231,101400,Available,62.2,21,0
EQ-1809,B03,Bhopal,ET01,Heavy Tactical Truck,Transport Fleet,Operational,2026-07-06,2026-09-04,553,231,21200,Available,85.4,0,0
EQ-1810,B02,Kanpur,ET03,Field Diesel Generator,Power Logistics,Maintenance,2026-07-30,2026-09-13,284,206,92500,Critical Shortage,67.2,14,0
EQ-1811,B07,Siliguri,ET03,Field Diesel Generator,Power Logistics,Maintenance,2026-07-05,2026-08-19,362,248,83700,Low,48.4,9,1
EQ-1812,B02,Kanpur,ET06,Artillery Tractor,Heavy Towing,Operational,2026-06-12,2026-08-26,566,173,55800,Available,86.3,0,0
EQ-1813,B06,Jodhpur,ET02,Armored Personnel Carrier (APC),Combat Armor,Operational,2026-07-15,2026-10-13,1411,267,94500,Available,97.2,0,0
EQ-1814,B01,Lucknow,ET02,Armored Personnel Carrier (APC),Combat Armor,Operational,2026-07-09,2026-10-07,1032,204,72800,Available,82.6,0,0
EQ-1815,B08,Pune,ET03,Field Diesel Generator,Power Logistics,Operational,2026-07-23,2026-09-06,465,321,61200,Available,88.7,0,0
EQ-1816,B05,Leh,ET02,Armored Personnel Carrier (APC),Combat Armor,Operational,2026-06-30,2026-09-28,536,120,68000,Available,86.2,0,0
EQ-1817,B01,Lucknow,ET03,Field Diesel Generator,Power Logistics,Maintenance,2026-07-08,2026-08-22,391,276,101200,Available,57.6,20,1
EQ-1818,B07,Siliguri,ET03,Field Diesel Generator,Power Logistics,Operational,2026-07-29,2026-09-12,436,313,53600,Available,83.7,0,0
EQ-1819,B06,Jodhpur,ET06,Artillery Tractor,Heavy Towing,Operational,2026-06-19,2026-09-02,673,199,57000,Available,85.1,0,0
EQ-1820,B03,Bhopal,ET03,Field Diesel Generator,Power Logistics,Operational,2026-08-05,2026-09-19,490,323,56900,Low,95.5,0,0
EQ-1821,B06,Jodhpur,ET01,Heavy Tactical Truck,Transport Fleet,Operational,2026-07-03,2026-09-01,414,151,19100,Available,83.1,0,0
EQ-1822,B05,Leh,ET04,Tactical UAV Launcher,Surveillance Systems,Operational,2026-07-04,2026-08-03,290,265,100200,Available,85.2,0,0
EQ-1823,B01,Lucknow,ET01,Heavy Tactical Truck,Transport Fleet,Operational,2026-06-19,2026-08-18,766,278,24700,Available,96.4,0,0
EQ-1824,B01,Lucknow,ET04,Tactical UAV Launcher,Surveillance Systems,Operational,2026-07-20,2026-08-19,211,176,87500,Available,91.7,0,0
EQ-1825,B05,Leh,ET06,Artillery Tractor,Heavy Towing,Operational,2026-07-26,2026-10-09,659,172,49000,Critical Shortage,81.5,0,0
EQ-1826,B03,Bhopal,ET06,Artillery Tractor,Heavy Towing,Operational,2026-06-08,2026-08-22,893,267,58900,Low,98.8,0,0
EQ-1827,B02,Kanpur,ET01,Heavy Tactical Truck,Transport Fleet,Operational,2026-06-18,2026-08-17,618,246,19300,Available,93.4,0,0
EQ-1828,B04,Delhi,ET02,Armored Personnel Carrier (APC),Combat Armor,Operational,2026-07-27,2026-10-25,805,168,69600,Available,96.8,0,0
EQ-1829,B07,Siliguri,ET01,Heavy Tactical Truck,Transport Fleet,Maintenance,2026-06-27,2026-08-26,431,156,26800,Low,48.6,20,1
EQ-1830,B04,Delhi,ET04,Tactical UAV Launcher,Surveillance Systems,Out of Service,2026-07-06,2026-08-05,202,180,184900,Available,22.8,20,1
EQ-1831,B04,Delhi,ET05,Mobile Radar Unit,Air Defense,Operational,2026-07-16,2026-09-14,258,127,127100,Low,80.8,0,0
EQ-1832,B04,Delhi,ET05,Mobile Radar Unit,Air Defense,Out of Service,2026-07-01,2026-08-30,321,149,289700,Critical Shortage,22.7,39,1
EQ-1833,B01,Lucknow,ET03,Field Diesel Generator,Power Logistics,Operational,2026-08-04,2026-09-18,288,199,49700,Critical Shortage,98.0,0,0
EQ-1834,B03,Bhopal,ET03,Field Diesel Generator,Power Logistics,Operational,2026-07-05,2026-08-19,291,213,48900,Available,90.8,0,0
EQ-1835,B05,Leh,ET01,Heavy Tactical Truck,Transport Fleet,Operational,2026-06-28,2026-08-27,430,173,20700,Available,87.1,0,0
EQ-1836,B05,Leh,ET01,Heavy Tactical Truck,Transport Fleet,Out of Service,2026-06-11,2026-08-10,498,185,38300,Critical Shortage,38.0,18,1
EQ-1837,B06,Jodhpur,ET04,Tactical UAV Launcher,Surveillance Systems,Operational,2026-07-13,2026-08-12,323,272,112200,Available,83.8,0,0
EQ-1838,B04,Delhi,ET01,Heavy Tactical Truck,Transport Fleet,Operational,2026-07-30,2026-09-28,375,130,17800,Available,92.2,0,0
EQ-1839,B01,Lucknow,ET01,Heavy Tactical Truck,Transport Fleet,Operational,2026-06-25,2026-08-24,556,219,22400,Available,80.6,0,0
EQ-1840,B02,Kanpur,ET06,Artillery Tractor,Heavy Towing,Maintenance,2026-04-30,2026-07-14,715,184,99500,Critical Shortage,64.8,9,0
EQ-1841,B04,Delhi,ET01,Heavy Tactical Truck,Transport Fleet,Operational,2026-06-15,2026-08-14,486,172,18400,Available,90.2,0,0
EQ-1842,B04,Delhi,ET01,Heavy Tactical Truck,Transport Fleet,Operational,2026-07-09,2026-09-07,492,205,22400,Available,89.9,0,0
EQ-1843,B06,Jodhpur,ET01,Heavy Tactical Truck,Transport Fleet,Operational,2026-07-15,2026-09-13,318,124,17700,Available,89.1,0,0
EQ-1844,B02,Kanpur,ET03,Field Diesel Generator,Power Logistics,Operational,2026-06-19,2026-08-03,383,282,64300,Available,87.2,0,0
EQ-1845,B02,Kanpur,ET01,Heavy Tactical Truck,Transport Fleet,Operational,2026-07-19,2026-09-17,474,182,17800,Available,94.7,0,0
EQ-1846,B01,Lucknow,ET01,Heavy Tactical Truck,Transport Fleet,Operational,2026-08-03,2026-10-02,558,197,18800,Low,95.5,0,0
EQ-1847,B04,Delhi,ET06,Artillery Tractor,Heavy Towing,Operational,2026-07-28,2026-10-11,781,209,57700,Critical Shortage,88.5,0,0
EQ-1848,B01,Lucknow,ET01,Heavy Tactical Truck,Transport Fleet,Out of Service,2026-07-25,2026-09-23,764,285,57000,Available,20.0,40,1
EQ-1849,B02,Kanpur,ET03,Field Diesel Generator,Power Logistics,Maintenance,2026-06-07,2026-07-22,317,221,100000,Available,58.7,5,1
EQ-1850,B07,Siliguri,ET04,Tactical UAV Launcher,Surveillance Systems,Out of Service,2026-07-06,2026-08-05,196,168,236300,Low,39.3,41,1
EQ-1851,B05,Leh,ET02,Armored Personnel Carrier (APC),Combat Armor,Operational,2026-05-05,2026-08-03,776,163,78200,Available,90.4,0,0
EQ-1852,B04,Delhi,ET03,Field Diesel Generator,Power Logistics,Operational,2026-07-09,2026-08-23,335,226,62200,Low,84.3,0,0
EQ-1853,B03,Bhopal,ET01,Heavy Tactical Truck,Transport Fleet,Operational,2026-07-02,2026-08-31,383,146,18200,Available,91.0,0,0
EQ-1854,B04,Delhi,ET03,Field Diesel Generator,Power Logistics,Operational,2026-07-20,2026-09-03,496,331,59200,Critical Shortage,87.2,0,0
EQ-1855,B02,Kanpur,ET02,Armored Personnel Carrier (APC),Combat Armor,Operational,2026-05-29,2026-08-27,1207,266,96000,Critical Shortage,93.2,0,0
EQ-1856,B03,Bhopal,ET03,Field Diesel Generator,Power Logistics,Out of Service,2026-06-26,2026-08-10,345,225,103200,Low,17.9,34,1
EQ-1857,B04,Delhi,ET06,Artillery Tractor,Heavy Towing,Operational,2026-07-10,2026-09-23,531,153,47200,Available,98.3,0,0
EQ-1858,B04,Delhi,ET04,Tactical UAV Launcher,Surveillance Systems,Operational,2026-07-05,2026-08-04,268,218,101100,Available,81.8,0,0
EQ-1859,B02,Kanpur,ET03,Field Diesel Generator,Power Logistics,Operational,2026-07-15,2026-08-29,307,226,54900,Available,83.8,0,0
EQ-1860,B05,Leh,ET06,Artillery Tractor,Heavy Towing,Operational,2026-07-10,2026-09-23,853,226,60400,Available,95.7,0,0
EQ-1861,B03,Bhopal,ET01,Heavy Tactical Truck,Transport Fleet,Operational,2026-07-11,2026-09-09,494,184,20300,Available,89.8,0,0
EQ-1862,B03,Bhopal,ET03,Field Diesel Generator,Power Logistics,Operational,2026-07-22,2026-09-05,250,169,51900,Low,96.8,0,0
EQ-1863,B04,Delhi,ET03,Field Diesel Generator,Power Logistics,Operational,2026-07-21,2026-09-04,459,352,65000,Available,92.3,0,0
EQ-1864,B01,Lucknow,ET03,Field Diesel Generator,Power Logistics,Operational,2026-06-27,2026-08-11,504,367,63000,Available,97.2,0,0
EQ-1865,B04,Delhi,ET02,Armored Personnel Carrier (APC),Combat Armor,Operational,2026-05-25,2026-08-23,735,164,79400,Low,80.8,0,0
EQ-1866,B01,Lucknow,ET06,Artillery Tractor,Heavy Towing,Operational,2026-06-21,2026-09-04,599,175,56800,Available,81.8,0,0
EQ-1867,B04,Delhi,ET01,Heavy Tactical Truck,Transport Fleet,Operational,2026-06-20,2026-08-19,540,187,17300,Low,97.4,0,0
EQ-1868,B04,Delhi,ET02,Armored Personnel Carrier (APC),Combat Armor,Operational,2026-06-17,2026-09-15,1041,211,76900,Available,81.3,0,0
EQ-1869,B07,Siliguri,ET01,Heavy Tactical Truck,Transport Fleet,Operational,2026-06-01,2026-07-31,580,204,21600,Available,91.0,0,0
EQ-1870,B08,Pune,ET06,Artillery Tractor,Heavy Towing,Operational,2026-06-14,2026-08-28,1104,295,69500,Available,96.7,0,0
EQ-1871,B07,Siliguri,ET02,Armored Personnel Carrier (APC),Combat Armor,Operational,2026-07-01,2026-09-29,846,186,67600,Available,82.7,0,0
EQ-1872,B01,Lucknow,ET04,Tactical UAV Launcher,Surveillance Systems,Operational,2026-07-12,2026-08-11,184,155,82400,Available,94.4,0,0
EQ-1873,B05,Leh,ET01,Heavy Tactical Truck,Transport Fleet,Operational,2026-07-17,2026-09-15,279,112,16300,Available,94.1,0,0
EQ-1874,B02,Kanpur,ET06,Artillery Tractor,Heavy Towing,Operational,2026-07-07,2026-09-20,600,158,48000,Available,82.8,0,0
EQ-1875,B05,Leh,ET03,Field Diesel Generator,Power Logistics,Maintenance,2026-07-17,2026-08-31,343,258,81800,Available,54.8,19,1
EQ-1876,B04,Delhi,ET02,Armored Personnel Carrier (APC),Combat Armor,Operational,2026-07-20,2026-10-18,1348,284,87300,Critical Shortage,94.6,0,0
EQ-1877,B02,Kanpur,ET06,Artillery Tractor,Heavy Towing,Operational,2026-05-30,2026-08-13,609,169,47700,Available,98.3,0,0
EQ-1878,B06,Jodhpur,ET03,Field Diesel Generator,Power Logistics,Operational,2026-07-06,2026-08-20,401,273,64900,Available,97.9,0,0
EQ-1879,B08,Pune,ET01,Heavy Tactical Truck,Transport Fleet,Operational,2026-08-02,2026-10-01,418,174,20400,Available,94.2,0,0
EQ-1880,B08,Pune,ET01,Heavy Tactical Truck,Transport Fleet,Operational,2026-06-25,2026-08-24,572,228,19900,Available,80.8,0,0
EQ-1881,B07,Siliguri,ET01,Heavy Tactical Truck,Transport Fleet,Out of Service,2026-07-09,2026-09-07,707,288,55800,Available,40.1,35,1
EQ-1882,B05,Leh,ET01,Heavy Tactical Truck,Transport Fleet,Out of Service,2026-07-25,2026-09-23,406,151,33000,Available,24.0,45,1
EQ-1883,B01,Lucknow,ET03,Field Diesel Generator,Power Logistics,Operational,2026-07-23,2026-09-06,355,230,55500,Available,97.3,0,0
EQ-1884,B03,Bhopal,ET01,Heavy Tactical Truck,Transport Fleet,Operational,2026-08-05,2026-10-04,567,221,19900,Low,83.5,0,0
EQ-1885,B03,Bhopal,ET06,Artillery Tractor,Heavy Towing,Operational,2026-07-12,2026-09-25,766,229,57100,Available,88.2,0,0
EQ-1886,B03,Bhopal,ET02,Armored Personnel Carrier (APC),Combat Armor,Operational,2026-06-13,2026-09-11,1456,287,95100,Low,80.7,0,0
EQ-1887,B02,Kanpur,ET03,Field Diesel Generator,Power Logistics,Operational,2026-07-14,2026-08-28,386,295,68800,Available,84.5,0,0
EQ-1888,B04,Delhi,ET06,Artillery Tractor,Heavy Towing,Operational,2026-07-07,2026-09-20,570,177,52900,Available,83.8,0,0
EQ-1889,B02,Kanpur,ET03,Field Diesel Generator,Power Logistics,Operational,2026-07-18,2026-09-01,396,295,64400,Available,92.3,0,0
EQ-1890,B06,Jodhpur,ET01,Heavy Tactical Truck,Transport Fleet,Maintenance,2026-06-05,2026-08-04,586,224,34100,Critical Shortage,65.1,13,0
EQ-1891,B02,Kanpur,ET02,Armored Personnel Carrier (APC),Combat Armor,Out of Service,2026-05-10,2026-08-08,1216,236,134700,Available,37.1,18,1
EQ-1892,B07,Siliguri,ET03,Field Diesel Generator,Power Logistics,Out of Service,2026-06-18,2026-08-02,377,290,117500,Available,15.9,31,1
EQ-1893,B01,Lucknow,ET01,Heavy Tactical Truck,Transport Fleet,Operational,2026-06-02,2026-08-01,634,223,19700,Available,92.6,0,0
EQ-1894,B04,Delhi,ET01,Heavy Tactical Truck,Transport Fleet,Operational,2026-08-01,2026-09-30,641,227,23200,Available,91.5,0,0
EQ-1895,B01,Lucknow,ET05,Mobile Radar Unit,Air Defense,Operational,2026-06-25,2026-08-24,545,264,134400,Available,85.6,0,0
EQ-1896,B04,Delhi,ET01,Heavy Tactical Truck,Transport Fleet,Operational,2026-07-12,2026-09-10,539,204,21600,Available,96.5,0,0
EQ-1897,B04,Delhi,ET01,Heavy Tactical Truck,Transport Fleet,Operational,2026-08-02,2026-10-01,472,167,19000,Low,82.6,0,0
EQ-1898,B02,Kanpur,ET02,Armored Personnel Carrier (APC),Combat Armor,Maintenance,2026-05-21,2026-08-19,940,202,110800,Low,56.3,12,1
EQ-1899,B06,Jodhpur,ET06,Artillery Tractor,Heavy Towing,Out of Service,2026-07-11,2026-09-24,892,255,156400,Available,38.7,48,1
EQ-1900,B08,Pune,ET04,Tactical UAV Launcher,Surveillance Systems,Operational,2026-08-02,2026-09-01,181,154,86900,Available,81.5,0,0
EQ-1901,B01,Lucknow,ET02,Armored Personnel Carrier (APC),Combat Armor,Operational,2026-07-23,2026-10-21,956,213,76600,Available,83.9,0,0
EQ-1902,B05,Leh,ET02,Armored Personnel Carrier (APC),Combat Armor,Operational,2026-07-02,2026-09-30,898,175,80700,Available,95.3,0,0
EQ-1903,B04,Delhi,ET01,Heavy Tactical Truck,Transport Fleet,Operational,2026-07-04,2026-09-02,448,176,18700,Available,91.6,0,0
EQ-1904,B03,Bhopal,ET02,Armored Personnel Carrier (APC),Combat Armor,Operational,2026-05-07,2026-08-05,1196,258,86700,Low,85.1,0,0
EQ-1905,B02,Kanpur,ET01,Heavy Tactical Truck,Transport Fleet,Operational,2026-07-08,2026-09-06,477,183,17900,Available,80.7,0,0
EQ-1906,B02,Kanpur,ET03,Field Diesel Generator,Power Logistics,Operational,2026-07-25,2026-09-08,404,262,59300,Critical Shortage,97.7,0,0
EQ-1907,B03,Bhopal,ET01,Heavy Tactical Truck,Transport Fleet,Operational,2026-06-29,2026-08-28,319,113,17300,Low,94.6,0,0
EQ-1908,B01,Lucknow,ET01,Heavy Tactical Truck,Transport Fleet,Operational,2026-07-19,2026-09-17,593,208,18500,Available,90.4,0,0
EQ-1909,B02,Kanpur,ET02,Armored Personnel Carrier (APC),Combat Armor,Maintenance,2026-04-30,2026-07-29,1007,227,114700,Available,52.6,7,1
EQ-1910,B06,Jodhpur,ET06,Artillery Tractor,Heavy Towing,Operational,2026-06-30,2026-09-13,1033,303,68700,Low,93.3,0,0
EQ-1911,B01,Lucknow,ET01,Heavy Tactical Truck,Transport Fleet,Operational,2026-06-20,2026-08-19,408,161,19700,Available,84.3,0,0
EQ-1912,B01,Lucknow,ET06,Artillery Tractor,Heavy Towing,Operational,2026-06-23,2026-09-06,777,205,58000,Available,96.6,0,0
EQ-1913,B02,Kanpur,ET03,Field Diesel Generator,Power Logistics,Operational,2026-07-12,2026-08-26,429,274,55800,Available,89.9,0,0
EQ-1914,B03,Bhopal,ET06,Artillery Tractor,Heavy Towing,Operational,2026-07-22,2026-10-05,913,273,63300,Critical Shortage,95.6,0,0
EQ-1915,B05,Leh,ET03,Field Diesel Generator,Power Logistics,Operational,2026-06-22,2026-08-06,374,254,56000,Low,89.3,0,0
EQ-1916,B02,Kanpur,ET06,Artillery Tractor,Heavy Towing,Maintenance,2026-05-04,2026-07-18,785,208,95000,Available,49.0,4,1
EQ-1917,B03,Bhopal,ET06,Artillery Tractor,Heavy Towing,Maintenance,2026-05-29,2026-08-12,772,225,82400,Available,58.3,18,1
EQ-1918,B04,Delhi,ET04,Tactical UAV Launcher,Surveillance Systems,Operational,2026-07-15,2026-08-14,217,204,92700,Available,93.1,0,0
EQ-1919,B05,Leh,ET05,Mobile Radar Unit,Air Defense,Operational,2026-07-29,2026-09-27,396,172,124100,Low,98.3,0,0
EQ-1920,B01,Lucknow,ET06,Artillery Tractor,Heavy Towing,Operational,2026-07-12,2026-09-25,730,204,53600,Available,93.3,0,0
EQ-1921,B01,Lucknow,ET02,Armored Personnel Carrier (APC),Combat Armor,Operational,2026-06-22,2026-09-20,1243,248,79500,Available,91.1,0,0
EQ-1922,B02,Kanpur,ET02,Armored Personnel Carrier (APC),Combat Armor,Maintenance,2026-07-25,2026-10-23,638,143,137200,Low,51.6,8,1
EQ-1923,B06,Jodhpur,ET01,Heavy Tactical Truck,Transport Fleet,Operational,2026-06-17,2026-08-16,452,180,18800,Available,81.2,0,0
EQ-1924,B01,Lucknow,ET03,Field Diesel Generator,Power Logistics,Operational,2026-07-31,2026-09-14,294,217,59000,Available,86.4,0,0
EQ-1925,B04,Delhi,ET03,Field Diesel Generator,Power Logistics,Operational,2026-07-26,2026-09-09,481,331,59700,Low,82.2,0,0
EQ-1926,B04,Delhi,ET03,Field Diesel Generator,Power Logistics,Maintenance,2026-08-01,2026-09-15,230,168,66000,Low,63.4,6,0
EQ-1927,B08,Pune,ET06,Artillery Tractor,Heavy Towing,Operational,2026-07-04,2026-09-17,622,167,50200,Available,97.9,0,0
EQ-1928,B04,Delhi,ET03,Field Diesel Generator,Power Logistics,Operational,2026-07-17,2026-08-31,435,282,54400,Available,96.7,0,0
EQ-1929,B06,Jodhpur,ET01,Heavy Tactical Truck,Transport Fleet,Operational,2026-07-28,2026-09-26,622,245,21400,Available,95.4,0,0
EQ-1930,B06,Jodhpur,ET02,Armored Personnel Carrier (APC),Combat Armor,Operational,2026-05-03,2026-08-01,931,191,83800,Available,85.2,0,0
EQ-1931,B02,Kanpur,ET02,Armored Personnel Carrier (APC),Combat Armor,Operational,2026-05-14,2026-08-12,812,167,63900,Available,89.1,0,0
EQ-1932,B02,Kanpur,ET01,Heavy Tactical Truck,Transport Fleet,Maintenance,2026-05-19,2026-07-18,719,259,29400,Available,58.4,9,1
EQ-1933,B01,Lucknow,ET01,Heavy Tactical Truck,Transport Fleet,Operational,2026-07-03,2026-09-01,268,109,15300,Low,96.5,0,0
EQ-1934,B01,Lucknow,ET01,Heavy Tactical Truck,Transport Fleet,Operational,2026-07-23,2026-09-21,220,76,17100,Available,98.9,0,0
EQ-1935,B07,Siliguri,ET01,Heavy Tactical Truck,Transport Fleet,Operational,2026-08-02,2026-10-01,535,194,20100,Available,88.5,0,0
EQ-1936,B01,Lucknow,ET01,Heavy Tactical Truck,Transport Fleet,Operational,2026-06-20,2026-08-19,382,152,17600,Available,94.2,0,0
EQ-1937,B02,Kanpur,ET02,Armored Personnel Carrier (APC),Combat Armor,Operational,2026-05-29,2026-08-27,660,143,62300,Available,98.4,0,0
EQ-1938,B07,Siliguri,ET01,Heavy Tactical Truck,Transport Fleet,Out of Service,2026-07-19,2026-09-17,534,206,38600,Available,39.0,37,1
EQ-1939,B02,Kanpur,ET04,Tactical UAV Launcher,Surveillance Systems,Operational,2026-07-10,2026-08-09,251,207,100000,Available,93.3,0,0
EQ-1940,B06,Jodhpur,ET01,Heavy Tactical Truck,Transport Fleet,Operational,2026-08-04,2026-10-03,408,149,20000,Available,85.3,0,0
EQ-1941,B04,Delhi,ET02,Armored Personnel Carrier (APC),Combat Armor,Operational,2026-07-30,2026-10-28,614,130,70600,Available,92.5,0,0
EQ-1942,B06,Jodhpur,ET01,Heavy Tactical Truck,Transport Fleet,Operational,2026-07-23,2026-09-21,570,214,22800,Available,92.9,0,0
EQ-1943,B05,Leh,ET01,Heavy Tactical Truck,Transport Fleet,Maintenance,2026-06-24,2026-08-23,490,204,27100,Available,47.1,7,1
EQ-1944,B06,Jodhpur,ET01,Heavy Tactical Truck,Transport Fleet,Operational,2026-06-27,2026-08-26,461,170,18000,Available,82.7,0,0
EQ-1945,B04,Delhi,ET01,Heavy Tactical Truck,Transport Fleet,Operational,2026-06-03,2026-08-02,659,258,23400,Low,89.7,0,0
EQ-1946,B03,Bhopal,ET02,Armored Personnel Carrier (APC),Combat Armor,Operational,2026-06-11,2026-09-09,662,141,62700,Available,94.1,0,0
EQ-1947,B07,Siliguri,ET05,Mobile Radar Unit,Air Defense,Operational,2026-08-02,2026-10-01,251,118,114800,Available,82.7,0,0
EQ-1948,B03,Bhopal,ET03,Field Diesel Generator,Power Logistics,Operational,2026-07-05,2026-08-19,328,218,50700,Available,87.9,0,0
EQ-1949,B01,Lucknow,ET02,Armored Personnel Carrier (APC),Combat Armor,Operational,2026-07-01,2026-09-29,989,192,85100,Available,85.3,0,0
EQ-1950,B01,Lucknow,ET06,Artillery Tractor,Heavy Towing,Operational,2026-06-13,2026-08-27,686,207,55300,Available,95.1,0,0
EQ-1951,B02,Kanpur,ET03,Field Diesel Generator,Power Logistics,Operational,2026-06-30,2026-08-14,351,245,55500,Critical Shortage,95.0,0,0
EQ-1952,B04,Delhi,ET05,Mobile Radar Unit,Air Defense,Operational,2026-07-23,2026-09-21,513,212,156400,Low,91.6,0,0
EQ-1953,B02,Kanpur,ET06,Artillery Tractor,Heavy Towing,Operational,2026-07-20,2026-10-03,496,132,44900,Available,81.4,0,0
EQ-1954,B03,Bhopal,ET03,Field Diesel Generator,Power Logistics,Operational,2026-07-15,2026-08-29,511,346,61800,Available,86.4,0,0
EQ-1955,B05,Leh,ET01,Heavy Tactical Truck,Transport Fleet,Operational,2026-07-03,2026-09-01,469,171,21000,Low,82.8,0,0
EQ-1956,B04,Delhi,ET06,Artillery Tractor,Heavy Towing,Operational,2026-07-25,2026-10-08,880,250,59800,Available,91.9,0,0
EQ-1957,B02,Kanpur,ET01,Heavy Tactical Truck,Transport Fleet,Operational,2026-06-22,2026-08-21,474,190,17700,Available,89.7,0,0
EQ-1958,B07,Siliguri,ET01,Heavy Tactical Truck,Transport Fleet,Operational,2026-06-22,2026-08-21,533,195,21400,Available,82.2,0,0
EQ-1959,B04,Delhi,ET03,Field Diesel Generator,Power Logistics,Out of Service,2026-08-04,2026-09-18,414,294,144000,Available,15.7,26,1
EQ-1960,B03,Bhopal,ET03,Field Diesel Generator,Power Logistics,Operational,2026-07-26,2026-09-09,373,286,57100,Available,84.4,0,0
EQ-1961,B02,Kanpur,ET04,Tactical UAV Launcher,Surveillance Systems,Operational,2026-07-13,2026-08-12,253,227,113200,Low,92.7,0,0
EQ-1962,B05,Leh,ET02,Armored Personnel Carrier (APC),Combat Armor,Maintenance,2026-07-20,2026-10-18,1293,261,121200,Available,66.4,7,0
EQ-1963,B07,Siliguri,ET01,Heavy Tactical Truck,Transport Fleet,Operational,2026-06-11,2026-08-10,502,183,20900,Available,85.2,0,0
EQ-1964,B02,Kanpur,ET01,Heavy Tactical Truck,Transport Fleet,Operational,2026-06-03,2026-08-02,527,206,19500,Available,82.5,0,0
EQ-1965,B03,Bhopal,ET03,Field Diesel Generator,Power Logistics,Operational,2026-07-29,2026-09-12,330,254,60800,Available,98.9,0,0
EQ-1966,B04,Delhi,ET05,Mobile Radar Unit,Air Defense,Operational,2026-08-05,2026-10-04,635,267,139800,Available,98.8,0,0
EQ-1967,B01,Lucknow,ET01,Heavy Tactical Truck,Transport Fleet,Operational,2026-06-27,2026-08-26,357,144,19500,Low,93.7,0,0
EQ-1968,B07,Siliguri,ET03,Field Diesel Generator,Power Logistics,Operational,2026-07-19,2026-09-02,479,368,69300,Critical Shortage,94.2,0,0
EQ-1969,B02,Kanpur,ET02,Armored Personnel Carrier (APC),Combat Armor,Operational,2026-06-04,2026-09-02,871,192,75700,Low,92.2,0,0
EQ-1970,B07,Siliguri,ET05,Mobile Radar Unit,Air Defense,Operational,2026-07-16,2026-09-14,251,123,117000,Available,96.2,0,0
EQ-1971,B01,Lucknow,ET06,Artillery Tractor,Heavy Towing,Operational,2026-05-21,2026-08-04,741,201,49400,Available,80.1,0,0
EQ-1972,B07,Siliguri,ET01,Heavy Tactical Truck,Transport Fleet,Operational,2026-07-31,2026-09-29,345,144,19800,Available,92.6,0,0
EQ-1973,B07,Siliguri,ET03,Field Diesel Generator,Power Logistics,Maintenance,2026-06-19,2026-08-03,464,310,78400,Available,49.7,5,1
EQ-1974,B02,Kanpur,ET02,Armored Personnel Carrier (APC),Combat Armor,Operational,2026-06-08,2026-09-06,827,162,74400,Available,84.4,0,0
EQ-1975,B04,Delhi,ET01,Heavy Tactical Truck,Transport Fleet,Operational,2026-06-27,2026-08-26,425,154,18800,Available,97.1,0,0
EQ-1976,B02,Kanpur,ET02,Armored Personnel Carrier (APC),Combat Armor,Operational,2026-05-04,2026-08-02,475,100,55800,Available,86.2,0,0
EQ-1977,B03,Bhopal,ET01,Heavy Tactical Truck,Transport Fleet,Operational,2026-06-11,2026-08-10,438,154,18100,Low,82.0,0,0
EQ-1978,B05,Leh,ET01,Heavy Tactical Truck,Transport Fleet,Maintenance,2026-07-24,2026-09-22,177,65,25300,Available,47.8,21,1
EQ-1979,B02,Kanpur,ET05,Mobile Radar Unit,Air Defense,Operational,2026-06-29,2026-08-28,267,115,123300,Available,91.3,0,0
EQ-1980,B02,Kanpur,ET06,Artillery Tractor,Heavy Towing,Maintenance,2026-07-27,2026-10-10,768,233,93100,Available,52.0,6,1
EQ-1981,B07,Siliguri,ET06,Artillery Tractor,Heavy Towing,Operational,2026-07-07,2026-09-20,765,234,53000,Available,94.0,0,0
EQ-1982,B03,Bhopal,ET03,Field Diesel Generator,Power Logistics,Operational,2026-06-19,2026-08-03,430,285,63000,Low,98.1,0,0
EQ-1983,B01,Lucknow,ET03,Field Diesel Generator,Power Logistics,Operational,2026-07-08,2026-08-22,278,201,47400,Available,90.0,0,0
EQ-1984,B02,Kanpur,ET02,Armored Personnel Carrier (APC),Combat Armor,Maintenance,2026-06-08,2026-09-06,929,192,145000,Critical Shortage,50.6,7,1
EQ-1985,B05,Leh,ET03,Field Diesel Generator,Power Logistics,Operational,2026-08-01,2026-09-15,368,259,58500,Low,92.7,0,0
EQ-1986,B04,Delhi,ET03,Field Diesel Generator,Power Logistics,Operational,2026-07-15,2026-08-29,248,190,47500,Available,94.0,0,0
EQ-1987,B05,Leh,ET01,Heavy Tactical Truck,Transport Fleet,Maintenance,2026-07-02,2026-08-31,601,242,36000,Available,63.0,14,0
EQ-1988,B02,Kanpur,ET03,Field Diesel Generator,Power Logistics,Operational,2026-06-18,2026-08-02,429,312,63000,Available,82.5,0,0
EQ-1989,B02,Kanpur,ET06,Artillery Tractor,Heavy Towing,Operational,2026-06-23,2026-09-06,614,183,48900,Available,96.6,0,0
EQ-1990,B02,Kanpur,ET03,Field Diesel Generator,Power Logistics,Operational,2026-07-02,2026-08-16,382,261,54600,Low,91.9,0,0
EQ-1991,B02,Kanpur,ET01,Heavy Tactical Truck,Transport Fleet,Operational,2026-07-08,2026-09-06,447,184,21200,Critical Shortage,89.1,0,0
EQ-1992,B08,Pune,ET01,Heavy Tactical Truck,Transport Fleet,Operational,2026-07-02,2026-08-31,225,83,16400,Critical Shortage,80.3,0,0
EQ-1993,B04,Delhi,ET01,Heavy Tactical Truck,Transport Fleet,Operational,2026-07-12,2026-09-10,401,163,16900,Available,80.8,0,0
EQ-1994,B04,Delhi,ET04,Tactical UAV Launcher,Surveillance Systems,Operational,2026-07-08,2026-08-07,188,160,92700,Low,85.0,0,0
EQ-1995,B02,Kanpur,ET06,Artillery Tractor,Heavy Towing,Operational,2026-06-04,2026-08-18,485,144,51600,Available,91.6,0,0
EQ-1996,B08,Pune,ET02,Armored Personnel Carrier (APC),Combat Armor,Operational,2026-05-30,2026-08-28,946,180,71900,Available,90.5,0,0
EQ-1997,B07,Siliguri,ET01,Heavy Tactical Truck,Transport Fleet,Operational,2026-06-22,2026-08-21,618,255,24800,Available,91.5,0,0
EQ-1998,B05,Leh,ET04,Tactical UAV Launcher,Surveillance Systems,Operational,2026-07-01,2026-07-31,276,227,113200,Available,88.0,0,0
EQ-1999,B05,Leh,ET02,Armored Personnel Carrier (APC),Combat Armor,Operational,2026-06-13,2026-09-11,778,166,73700,Critical Shortage,86.1,0,0
EQ-2000,B02,Kanpur,ET02,Armored Personnel Carrier (APC),Combat Armor,Operational,2026-07-12,2026-10-10,1097,223,79500,Available,89.9,0,0
EQ-2001,B01,Lucknow,ET02,Armored Personnel Carrier (APC),Combat Armor,Operational,2026-07-28,2026-10-26,1205,264,76400,Available,84.6,0,0
EQ-2002,B01,Lucknow,ET01,Heavy Tactical Truck,Transport Fleet,Operational,2026-07-10,2026-09-08,552,216,19400,Available,80.9,0,0
EQ-2003,B08,Pune,ET03,Field Diesel Generator,Power Logistics,Operational,2026-07-07,2026-08-21,387,263,64100,Critical Shortage,91.0,0,0
EQ-2004,B01,Lucknow,ET03,Field Diesel Generator,Power Logistics,Operational,2026-06-24,2026-08-08,335,221,65300,Available,88.2,0,0
EQ-2005,B05,Leh,ET03,Field Diesel Generator,Power Logistics,Operational,2026-06-25,2026-08-09,399,301,72300,Available,94.1,0,0
EQ-2006,B01,Lucknow,ET03,Field Diesel Generator,Power Logistics,Operational,2026-07-16,2026-08-30,392,283,62600,Low,85.5,0,0
EQ-2007,B02,Kanpur,ET06,Artillery Tractor,Heavy Towing,Operational,2026-06-23,2026-09-06,876,239,59600,Available,87.0,0,0
EQ-2008,B06,Jodhpur,ET06,Artillery Tractor,Heavy Towing,Operational,2026-05-23,2026-08-06,866,226,57200,Available,85.8,0,0
EQ-2009,B05,Leh,ET02,Armored Personnel Carrier (APC),Combat Armor,Operational,2026-06-05,2026-09-03,1119,247,79400,Available,91.1,0,0
EQ-2010,B02,Kanpur,ET02,Armored Personnel Carrier (APC),Combat Armor,Operational,2026-06-21,2026-09-19,845,168,72600,Available,87.1,0,0
EQ-2011,B06,Jodhpur,ET03,Field Diesel Generator,Power Logistics,Operational,2026-06-21,2026-08-05,514,339,64000,Available,92.7,0,0
EQ-2012,B01,Lucknow,ET01,Heavy Tactical Truck,Transport Fleet,Operational,2026-07-01,2026-08-30,493,183,18700,Low,83.7,0,0
EQ-2013,B01,Lucknow,ET02,Armored Personnel Carrier (APC),Combat Armor,Operational,2026-07-20,2026-10-18,1541,298,95600,Available,94.7,0,0
EQ-2014,B04,Delhi,ET01,Heavy Tactical Truck,Transport Fleet,Operational,2026-06-14,2026-08-13,368,143,19500,Available,82.6,0,0
EQ-2015,B06,Jodhpur,ET06,Artillery Tractor,Heavy Towing,Maintenance,2026-06-19,2026-09-02,922,281,111000,Available,62.1,19,0
EQ-2016,B04,Delhi,ET06,Artillery Tractor,Heavy Towing,Operational,2026-07-08,2026-09-21,676,204,60900,Available,93.5,0,0
EQ-2017,B03,Bhopal,ET01,Heavy Tactical Truck,Transport Fleet,Operational,2026-06-04,2026-08-03,411,145,19500,Low,95.9,0,0
EQ-2018,B02,Kanpur,ET06,Artillery Tractor,Heavy Towing,Operational,2026-06-13,2026-08-27,568,170,47100,Available,85.2,0,0
EQ-2019,B04,Delhi,ET04,Tactical UAV Launcher,Surveillance Systems,Operational,2026-07-22,2026-08-21,209,178,103400,Low,92.1,0,0
EQ-2020,B02,Kanpur,ET04,Tactical UAV Launcher,Surveillance Systems,Operational,2026-08-01,2026-08-31,246,216,110900,Available,86.0,0,0
EQ-2021,B01,Lucknow,ET01,Heavy Tactical Truck,Transport Fleet,Operational,2026-07-10,2026-09-08,532,198,20700,Available,96.6,0,0
EQ-2022,B06,Jodhpur,ET02,Armored Personnel Carrier (APC),Combat Armor,Operational,2026-05-12,2026-08-10,857,166,73600,Critical Shortage,91.5,0,0
EQ-2023,B03,Bhopal,ET06,Artillery Tractor,Heavy Towing,Operational,2026-06-15,2026-08-29,630,193,51200,Critical Shortage,96.0,0,0
EQ-2024,B05,Leh,ET02,Armored Personnel Carrier (APC),Combat Armor,Operational,2026-07-27,2026-10-25,1584,302,87600,Available,88.1,0,0
EQ-2025,B01,Lucknow,ET01,Heavy Tactical Truck,Transport Fleet,Maintenance,2026-07-30,2026-09-28,644,252,32300,Low,65.3,13,0
EQ-2026,B04,Delhi,ET02,Armored Personnel Carrier (APC),Combat Armor,Operational,2026-07-13,2026-10-11,1103,216,88300,Available,99.0,0,0
EQ-2027,B05,Leh,ET01,Heavy Tactical Truck,Transport Fleet,Maintenance,2026-07-04,2026-09-02,452,176,31700,Available,56.5,11,1
EQ-2028,B02,Kanpur,ET01,Heavy Tactical Truck,Transport Fleet,Operational,2026-06-18,2026-08-17,472,180,18700,Available,81.9,0,0
EQ-2029,B06,Jodhpur,ET03,Field Diesel Generator,Power Logistics,Operational,2026-07-11,2026-08-25,436,296,55400,Low,84.6,0,0
EQ-2030,B07,Siliguri,ET03,Field Diesel Generator,Power Logistics,Operational,2026-06-22,2026-08-06,294,198,46200,Available,94.6,0,0
EQ-2031,B04,Delhi,ET03,Field Diesel Generator,Power Logistics,Operational,2026-07-04,2026-08-18,337,244,60500,Available,97.3,0,0
EQ-2032,B01,Lucknow,ET01,Heavy Tactical Truck,Transport Fleet,Maintenance,2026-06-19,2026-08-18,268,99,21000,Available,60.2,14,0
EQ-2033,B05,Leh,ET01,Heavy Tactical Truck,Transport Fleet,Operational,2026-07-13,2026-09-11,459,192,19900,Available,92.8,0,0
EQ-2034,B01,Lucknow,ET06,Artillery Tractor,Heavy Towing,Operational,2026-07-15,2026-09-28,860,227,55600,Available,94.1,0,0
EQ-2035,B05,Leh,ET05,Mobile Radar Unit,Air Defense,Operational,2026-08-03,2026-10-02,367,170,124200,Available,81.1,0,0
EQ-2036,B04,Delhi,ET03,Field Diesel Generator,Power Logistics,Operational,2026-06-21,2026-08-05,480,354,55200,Available,84.9,0,0
EQ-2037,B04,Delhi,ET03,Field Diesel Generator,Power Logistics,Operational,2026-07-02,2026-08-16,246,186,52700,Low,85.4,0,0
EQ-2038,B03,Bhopal,ET06,Artillery Tractor,Heavy Towing,Operational,2026-05-19,2026-08-02,409,121,43700,Critical Shortage,84.0,0,0
EQ-2039,B02,Kanpur,ET03,Field Diesel Generator,Power Logistics,Operational,2026-07-02,2026-08-16,383,273,50800,Available,95.6,0,0
EQ-2040,B05,Leh,ET03,Field Diesel Generator,Power Logistics,Operational,2026-07-09,2026-08-23,475,322,69200,Low,81.9,0,0
EQ-2041,B01,Lucknow,ET03,Field Diesel Generator,Power Logistics,Operational,2026-07-13,2026-08-27,498,361,65600,Available,81.2,0,0
EQ-2042,B05,Leh,ET01,Heavy Tactical Truck,Transport Fleet,Operational,2026-07-06,2026-09-04,371,154,19700,Available,98.9,0,0
EQ-2043,B05,Leh,ET03,Field Diesel Generator,Power Logistics,Operational,2026-07-29,2026-09-12,495,324,68600,Available,91.3,0,0
EQ-2044,B02,Kanpur,ET03,Field Diesel Generator,Power Logistics,Operational,2026-07-22,2026-09-05,365,257,55200,Available,98.3,0,0
EQ-2045,B07,Siliguri,ET03,Field Diesel Generator,Power Logistics,Operational,2026-06-20,2026-08-04,327,249,53400,Available,97.7,0,0
EQ-2046,B01,Lucknow,ET05,Mobile Radar Unit,Air Defense,Operational,2026-06-06,2026-08-05,510,239,136800,Available,96.4,0,0
EQ-2047,B07,Siliguri,ET02,Armored Personnel Carrier (APC),Combat Armor,Operational,2026-07-06,2026-10-04,1196,227,90500,Available,89.9,0,0
EQ-2048,B01,Lucknow,ET01,Heavy Tactical Truck,Transport Fleet,Maintenance,2026-06-11,2026-08-10,301,104,31400,Low,52.3,15,1
EQ-2049,B06,Jodhpur,ET02,Armored Personnel Carrier (APC),Combat Armor,Operational,2026-06-03,2026-09-01,1344,268,85200,Available,83.0,0,0
EQ-2050,B01,Lucknow,ET03,Field Diesel Generator,Power Logistics,Operational,2026-06-24,2026-08-08,493,342,60600,Available,95.0,0,0
EQ-2051,B03,Bhopal,ET06,Artillery Tractor,Heavy Towing,Operational,2026-06-11,2026-08-25,618,163,54900,Available,91.2,0,0
EQ-2052,B04,Delhi,ET05,Mobile Radar Unit,Air Defense,Operational,2026-07-05,2026-09-03,447,214,130900,Low,93.8,0,0
EQ-2053,B03,Bhopal,ET02,Armored Personnel Carrier (APC),Combat Armor,Operational,2026-06-25,2026-09-23,1163,219,73900,Critical Shortage,96.9,0,0
EQ-2054,B02,Kanpur,ET06,Artillery Tractor,Heavy Towing,Operational,2026-07-01,2026-09-14,761,208,60200,Available,92.8,0,0
EQ-2055,B06,Jodhpur,ET05,Mobile Radar Unit,Air Defense,Operational,2026-07-19,2026-09-17,404,167,141100,Available,80.3,0,0
EQ-2056,B03,Bhopal,ET03,Field Diesel Generator,Power Logistics,Operational,2026-07-09,2026-08-23,285,219,52000,Available,94.1,0,0
EQ-2057,B04,Delhi,ET01,Heavy Tactical Truck,Transport Fleet,Maintenance,2026-07-08,2026-09-06,443,173,32500,Available,51.1,14,1
EQ-2058,B04,Delhi,ET03,Field Diesel Generator,Power Logistics,Operational,2026-07-04,2026-08-18,470,330,62400,Available,94.9,0,0
EQ-2059,B03,Bhopal,ET06,Artillery Tractor,Heavy Towing,Operational,2026-05-25,2026-08-08,795,222,57200,Low,88.3,0,0
EQ-2060,B06,Jodhpur,ET03,Field Diesel Generator,Power Logistics,Operational,2026-07-31,2026-09-14,336,237,57600,Available,92.0,0,0
EQ-2061,B07,Siliguri,ET01,Heavy Tactical Truck,Transport Fleet,Operational,2026-06-29,2026-08-28,573,209,22300,Available,93.7,0,0
EQ-2062,B02,Kanpur,ET02,Armored Personnel Carrier (APC),Combat Armor,Operational,2026-06-10,2026-09-08,253,52,52500,Available,97.2,0,0
EQ-2063,B03,Bhopal,ET04,Tactical UAV Launcher,Surveillance Systems,Operational,2026-07-21,2026-08-20,278,252,116800,Available,94.0,0,0
EQ-2064,B04,Delhi,ET03,Field Diesel Generator,Power Logistics,Operational,2026-07-21,2026-09-04,228,155,44300,Available,83.3,0,0
EQ-2065,B01,Lucknow,ET01,Heavy Tactical Truck,Transport Fleet,Operational,2026-07-11,2026-09-09,451,158,20300,Available,93.1,0,0
EQ-2066,B05,Leh,ET03,Field Diesel Generator,Power Logistics,Operational,2026-07-28,2026-09-11,252,192,50300,Available,88.9,0,0
EQ-2067,B02,Kanpur,ET04,Tactical UAV Launcher,Surveillance Systems,Operational,2026-07-25,2026-08-24,153,130,89500,Available,84.2,0,0
EQ-2068,B05,Leh,ET01,Heavy Tactical Truck,Transport Fleet,Operational,2026-06-15,2026-08-14,599,227,22400,Low,95.6,0,0
EQ-2069,B02,Kanpur,ET02,Armored Personnel Carrier (APC),Combat Armor,Operational,2026-07-11,2026-10-09,915,171,81300,Available,91.0,0,0
EQ-2070,B01,Lucknow,ET02,Armored Personnel Carrier (APC),Combat Armor,Operational,2026-06-12,2026-09-10,1066,212,72500,Low,81.4,0,0
EQ-2071,B05,Leh,ET03,Field Diesel Generator,Power Logistics,Operational,2026-07-29,2026-09-12,357,257,57700,Available,91.6,0,0
EQ-2072,B01,Lucknow,ET03,Field Diesel Generator,Power Logistics,Operational,2026-07-05,2026-08-19,397,288,62900,Available,96.1,0,0
EQ-2073,B02,Kanpur,ET01,Heavy Tactical Truck,Transport Fleet,Out of Service,2026-06-23,2026-08-22,496,178,35400,Available,38.0,46,1
EQ-2074,B04,Delhi,ET05,Mobile Radar Unit,Air Defense,Operational,2026-07-12,2026-09-10,290,130,118500,Available,97.8,0,0
EQ-2075,B03,Bhopal,ET02,Armored Personnel Carrier (APC),Combat Armor,Operational,2026-06-28,2026-09-26,1155,244,87000,Low,94.0,0,0
EQ-2076,B05,Leh,ET06,Artillery Tractor,Heavy Towing,Operational,2026-06-14,2026-08-28,648,170,53100,Low,88.5,0,0
EQ-2077,B05,Leh,ET03,Field Diesel Generator,Power Logistics,Out of Service,2026-07-29,2026-09-12,237,166,87400,Low,27.3,39,1
EQ-2078,B07,Siliguri,ET05,Mobile Radar Unit,Air Defense,Operational,2026-06-02,2026-08-01,376,173,123600,Available,86.8,0,0
EQ-2079,B04,Delhi,ET01,Heavy Tactical Truck,Transport Fleet,Operational,2026-07-31,2026-09-29,623,242,19200,Available,95.8,0,0
EQ-2080,B02,Kanpur,ET03,Field Diesel Generator,Power Logistics,Maintenance,2026-06-22,2026-08-06,419,311,95000,Available,59.8,8,1
EQ-2081,B01,Lucknow,ET01,Heavy Tactical Truck,Transport Fleet,Operational,2026-06-02,2026-08-01,416,159,20700,Available,84.0,0,0
EQ-2082,B07,Siliguri,ET02,Armored Personnel Carrier (APC),Combat Armor,Operational,2026-06-22,2026-09-20,800,177,69000,Available,82.1,0,0
EQ-2083,B06,Jodhpur,ET04,Tactical UAV Launcher,Surveillance Systems,Operational,2026-07-20,2026-08-19,193,178,90300,Low,82.0,0,0
EQ-2084,B03,Bhopal,ET02,Armored Personnel Carrier (APC),Combat Armor,Operational,2026-08-05,2026-11-03,1507,298,95600,Low,89.2,0,0
EQ-2085,B07,Siliguri,ET03,Field Diesel Generator,Power Logistics,Operational,2026-07-13,2026-08-27,390,282,58300,Low,92.1,0,0
EQ-2086,B01,Lucknow,ET01,Heavy Tactical Truck,Transport Fleet,Operational,2026-06-12,2026-08-11,509,194,19600,Available,88.3,0,0
EQ-2087,B04,Delhi,ET03,Field Diesel Generator,Power Logistics,Operational,2026-07-15,2026-08-29,495,321,61500,Low,97.1,0,0
EQ-2088,B06,Jodhpur,ET01,Heavy Tactical Truck,Transport Fleet,Operational,2026-07-08,2026-09-06,526,185,19600,Available,95.9,0,0
EQ-2089,B02,Kanpur,ET06,Artillery Tractor,Heavy Towing,Operational,2026-06-23,2026-09-06,604,182,47900,Available,94.9,0,0
EQ-2090,B07,Siliguri,ET02,Armored Personnel Carrier (APC),Combat Armor,Operational,2026-05-29,2026-08-27,825,185,70000,Low,90.5,0,0
EQ-2091,B01,Lucknow,ET01,Heavy Tactical Truck,Transport Fleet,Operational,2026-06-16,2026-08-15,443,171,20400,Available,89.2,0,0
EQ-2092,B01,Lucknow,ET03,Field Diesel Generator,Power Logistics,Operational,2026-07-18,2026-09-01,380,257,61700,Available,85.5,0,0
EQ-2093,B07,Siliguri,ET02,Armored Personnel Carrier (APC),Combat Armor,Operational,2026-05-04,2026-08-02,1148,231,75500,Available,88.4,0,0
EQ-2094,B01,Lucknow,ET03,Field Diesel Generator,Power Logistics,Operational,2026-06-18,2026-08-02,359,263,60500,Available,84.3,0,0
EQ-2095,B06,Jodhpur,ET06,Artillery Tractor,Heavy Towing,Operational,2026-06-11,2026-08-25,820,231,54200,Available,83.5,0,0
EQ-2096,B01,Lucknow,ET02,Armored Personnel Carrier (APC),Combat Armor,Operational,2026-05-18,2026-08-16,996,190,83900,Available,96.1,0,0
EQ-2097,B08,Pune,ET02,Armored Personnel Carrier (APC),Combat Armor,Operational,2026-07-27,2026-10-25,913,198,85000,Available,88.9,0,0
EQ-2098,B03,Bhopal,ET02,Armored Personnel Carrier (APC),Combat Armor,Operational,2026-06-09,2026-09-07,480,95,58200,Available,84.2,0,0
EQ-2099,B07,Siliguri,ET01,Heavy Tactical Truck,Transport Fleet,Operational,2026-07-14,2026-09-12,547,216,19700,Available,92.6,0,0
EQ-2100,B01,Lucknow,ET04,Tactical UAV Launcher,Surveillance Systems,Operational,2026-07-22,2026-08-21,223,212,92100,Available,88.2,0,0
EQ-2101,B01,Lucknow,ET05,Mobile Radar Unit,Air Defense,Operational,2026-06-25,2026-08-24,523,244,152700,Critical Shortage,98.4,0,0
EQ-2102,B07,Siliguri,ET01,Heavy Tactical Truck,Transport Fleet,Operational,2026-06-09,2026-08-08,121,45,13600,Available,80.3,0,0
EQ-2103,B06,Jodhpur,ET04,Tactical UAV Launcher,Surveillance Systems,Maintenance,2026-07-05,2026-08-04,327,299,210700,Low,59.1,19,1
EQ-2104,B01,Lucknow,ET01,Heavy Tactical Truck,Transport Fleet,Operational,2026-07-18,2026-09-16,445,168,17600,Available,92.4,0,0
EQ-2105,B03,Bhopal,ET03,Field Diesel Generator,Power Logistics,Operational,2026-06-21,2026-08-05,492,326,62600,Available,92.8,0,0
EQ-2106,B03,Bhopal,ET04,Tactical UAV Launcher,Surveillance Systems,Operational,2026-07-03,2026-08-02,162,143,96800,Available,95.4,0,0
EQ-2107,B08,Pune,ET06,Artillery Tractor,Heavy Towing,Operational,2026-06-05,2026-08-19,806,225,58900,Available,82.4,0,0
EQ-2108,B02,Kanpur,ET03,Field Diesel Generator,Power Logistics,Out of Service,2026-07-21,2026-09-04,265,196,108200,Available,34.5,36,1
EQ-2109,B05,Leh,ET03,Field Diesel Generator,Power Logistics,Operational,2026-07-26,2026-09-09,320,222,58100,Available,94.0,0,0
EQ-2110,B02,Kanpur,ET04,Tactical UAV Launcher,Surveillance Systems,Operational,2026-07-29,2026-08-28,306,290,125900,Available,84.9,0,0
EQ-2111,B01,Lucknow,ET02,Armored Personnel Carrier (APC),Combat Armor,Operational,2026-08-02,2026-10-31,934,185,72200,Available,96.9,0,0
EQ-2112,B05,Leh,ET04,Tactical UAV Launcher,Surveillance Systems,Operational,2026-07-20,2026-08-19,243,205,95300,Available,88.3,0,0
EQ-2113,B01,Lucknow,ET04,Tactical UAV Launcher,Surveillance Systems,Operational,2026-07-16,2026-08-15,274,238,109400,Available,91.3,0,0
EQ-2114,B01,Lucknow,ET01,Heavy Tactical Truck,Transport Fleet,Operational,2026-06-07,2026-08-06,497,197,19500,Low,95.0,0,0
EQ-2115,B05,Leh,ET02,Armored Personnel Carrier (APC),Combat Armor,Operational,2026-06-23,2026-09-21,938,202,85900,Available,88.3,0,0
EQ-2116,B06,Jodhpur,ET03,Field Diesel Generator,Power Logistics,Operational,2026-07-17,2026-08-31,381,281,56300,Available,84.3,0,0
EQ-2117,B01,Lucknow,ET04,Tactical UAV Launcher,Surveillance Systems,Operational,2026-07-01,2026-07-31,353,315,106600,Low,98.2,0,0
EQ-2118,B01,Lucknow,ET03,Field Diesel Generator,Power Logistics,Operational,2026-07-09,2026-08-23,387,256,61800,Available,94.3,0,0
EQ-2119,B01,Lucknow,ET03,Field Diesel Generator,Power Logistics,Operational,2026-06-16,2026-07-31,410,272,63600,Available,92.7,0,0
EQ-2120,B03,Bhopal,ET01,Heavy Tactical Truck,Transport Fleet,Operational,2026-06-25,2026-08-24,602,222,20700,Critical Shortage,86.2,0,0
EQ-2121,B07,Siliguri,ET02,Armored Personnel Carrier (APC),Combat Armor,Operational,2026-06-06,2026-09-04,1289,250,82100,Available,86.2,0,0
EQ-2122,B03,Bhopal,ET02,Armored Personnel Carrier (APC),Combat Armor,Maintenance,2026-06-13,2026-09-11,1241,254,163600,Available,46.5,6,1
EQ-2123,B01,Lucknow,ET01,Heavy Tactical Truck,Transport Fleet,Operational,2026-07-09,2026-09-07,492,203,21500,Available,94.2,0,0
EQ-2124,B01,Lucknow,ET01,Heavy Tactical Truck,Transport Fleet,Operational,2026-07-24,2026-09-22,332,123,16300,Available,97.4,0,0
EQ-2125,B02,Kanpur,ET01,Heavy Tactical Truck,Transport Fleet,Operational,2026-06-25,2026-08-24,674,248,19500,Available,84.6,0,0
EQ-2126,B06,Jodhpur,ET02,Armored Personnel Carrier (APC),Combat Armor,Maintenance,2026-07-02,2026-09-30,674,137,112000,Low,48.9,19,1
EQ-2127,B01,Lucknow,ET01,Heavy Tactical Truck,Transport Fleet,Operational,2026-07-28,2026-09-26,459,188,17900,Available,94.7,0,0
EQ-2128,B06,Jodhpur,ET02,Armored Personnel Carrier (APC),Combat Armor,Operational,2026-05-12,2026-08-10,801,157,74600,Available,85.2,0,0
EQ-2129,B03,Bhopal,ET01,Heavy Tactical Truck,Transport Fleet,Operational,2026-06-15,2026-08-14,449,172,17000,Critical Shortage,97.4,0,0
EQ-2130,B04,Delhi,ET06,Artillery Tractor,Heavy Towing,Maintenance,2026-07-17,2026-09-30,802,211,92400,Available,49.4,11,1
EQ-2131,B02,Kanpur,ET01,Heavy Tactical Truck,Transport Fleet,Operational,2026-06-03,2026-08-02,501,189,17900,Available,82.2,0,0
EQ-2132,B06,Jodhpur,ET04,Tactical UAV Launcher,Surveillance Systems,Operational,2026-08-02,2026-09-01,243,216,107800,Available,96.1,0,0
EQ-2133,B03,Bhopal,ET03,Field Diesel Generator,Power Logistics,Operational,2026-06-19,2026-08-03,497,356,54100,Low,84.8,0,0
EQ-2134,B04,Delhi,ET02,Armored Personnel Carrier (APC),Combat Armor,Operational,2026-06-04,2026-09-02,1048,217,72500,Low,81.8,0,0
EQ-2135,B07,Siliguri,ET03,Field Diesel Generator,Power Logistics,Operational,2026-06-29,2026-08-13,318,245,53100,Available,85.4,0,0
EQ-2136,B01,Lucknow,ET02,Armored Personnel Carrier (APC),Combat Armor,Operational,2026-06-15,2026-09-13,1089,243,91000,Available,83.2,0,0
EQ-2137,B08,Pune,ET02,Armored Personnel Carrier (APC),Combat Armor,Operational,2026-05-18,2026-08-16,1319,254,77600,Low,86.2,0,0
EQ-2138,B05,Leh,ET01,Heavy Tactical Truck,Transport Fleet,Operational,2026-06-03,2026-08-02,328,119,18800,Available,87.3,0,0
EQ-2139,B07,Siliguri,ET04,Tactical UAV Launcher,Surveillance Systems,Maintenance,2026-07-16,2026-08-15,272,224,185100,Critical Shortage,56.1,20,1
EQ-2140,B04,Delhi,ET02,Armored Personnel Carrier (APC),Combat Armor,Operational,2026-06-20,2026-09-18,1018,230,74000,Available,98.7,0,0
EQ-2141,B04,Delhi,ET06,Artillery Tractor,Heavy Towing,Operational,2026-06-14,2026-08-28,599,180,55300,Low,82.8,0,0
EQ-2142,B08,Pune,ET01,Heavy Tactical Truck,Transport Fleet,Operational,2026-07-12,2026-09-10,635,236,21100,Available,83.9,0,0
EQ-2143,B08,Pune,ET04,Tactical UAV Launcher,Surveillance Systems,Operational,2026-07-23,2026-08-22,195,187,91300,Available,84.2,0,0
EQ-2144,B05,Leh,ET02,Armored Personnel Carrier (APC),Combat Armor,Operational,2026-06-02,2026-08-31,979,201,79500,Available,98.1,0,0
EQ-2145,B04,Delhi,ET03,Field Diesel Generator,Power Logistics,Operational,2026-07-11,2026-08-25,368,249,45700,Available,89.6,0,0
EQ-2146,B03,Bhopal,ET04,Tactical UAV Launcher,Surveillance Systems,Operational,2026-07-07,2026-08-06,209,195,110900,Available,88.4,0,0
EQ-2147,B01,Lucknow,ET01,Heavy Tactical Truck,Transport Fleet,Out of Service,2026-06-13,2026-08-12,326,125,32200,Available,33.6,46,1
EQ-2148,B08,Pune,ET01,Heavy Tactical Truck,Transport Fleet,Operational,2026-07-24,2026-09-22,294,110,15800,Available,93.9,0,0
EQ-2149,B06,Jodhpur,ET02,Armored Personnel Carrier (APC),Combat Armor,Operational,2026-07-22,2026-10-20,1311,274,89900,Available,93.3,0,0
EQ-2150,B08,Pune,ET01,Heavy Tactical Truck,Transport Fleet,Operational,2026-07-07,2026-09-05,376,136,18000,Available,92.7,0,0
EQ-2151,B03,Bhopal,ET02,Armored Personnel Carrier (APC),Combat Armor,Operational,2026-06-04,2026-09-02,683,145,72200,Available,81.5,0,0
EQ-2152,B01,Lucknow,ET03,Field Diesel Generator,Power Logistics,Operational,2026-07-16,2026-08-30,191,130,47700,Available,97.8,0,0
EQ-2153,B06,Jodhpur,ET01,Heavy Tactical Truck,Transport Fleet,Operational,2026-06-15,2026-08-14,377,146,18500,Critical Shortage,82.0,0,0
EQ-2154,B02,Kanpur,ET06,Artillery Tractor,Heavy Towing,Operational,2026-06-14,2026-08-28,419,128,42000,Available,89.7,0,0
EQ-2155,B04,Delhi,ET01,Heavy Tactical Truck,Transport Fleet,Operational,2026-06-27,2026-08-26,611,248,21100,Available,88.7,0,0
EQ-2156,B01,Lucknow,ET03,Field Diesel Generator,Power Logistics,Operational,2026-07-04,2026-08-18,427,320,59400,Available,81.3,0,0
EQ-2157,B05,Leh,ET01,Heavy Tactical Truck,Transport Fleet,Operational,2026-07-22,2026-09-20,372,144,18700,Available,98.9,0,0
EQ-2158,B04,Delhi,ET01,Heavy Tactical Truck,Transport Fleet,Operational,2026-06-03,2026-08-02,696,276,25600,Available,89.6,0,0
EQ-2159,B08,Pune,ET04,Tactical UAV Launcher,Surveillance Systems,Operational,2026-07-05,2026-08-04,296,244,107700,Available,86.2,0,0
EQ-2160,B05,Leh,ET01,Heavy Tactical Truck,Transport Fleet,Operational,2026-06-03,2026-08-02,453,160,20800,Available,86.9,0,0
EQ-2161,B01,Lucknow,ET01,Heavy Tactical Truck,Transport Fleet,Operational,2026-06-01,2026-07-31,158,62,16500,Available,81.0,0,0
EQ-2162,B01,Lucknow,ET04,Tactical UAV Launcher,Surveillance Systems,Operational,2026-07-23,2026-08-22,364,309,120800,Available,82.5,0,0
EQ-2163,B01,Lucknow,ET03,Field Diesel Generator,Power Logistics,Maintenance,2026-06-24,2026-08-08,248,176,75600,Available,50.3,16,1
EQ-2164,B03,Bhopal,ET06,Artillery Tractor,Heavy Towing,Operational,2026-08-04,2026-10-18,414,112,51300,Available,93.7,0,0
EQ-2165,B02,Kanpur,ET02,Armored Personnel Carrier (APC),Combat Armor,Operational,2026-06-18,2026-09-16,1109,246,93000,Available,86.4,0,0
EQ-2166,B03,Bhopal,ET01,Heavy Tactical Truck,Transport Fleet,Operational,2026-07-02,2026-08-31,764,284,21000,Available,88.7,0,0
EQ-2167,B02,Kanpur,ET02,Armored Personnel Carrier (APC),Combat Armor,Maintenance,2026-04-28,2026-07-27,1204,264,122100,Low,54.3,19,1
EQ-2168,B07,Siliguri,ET05,Mobile Radar Unit,Air Defense,Operational,2026-07-25,2026-09-23,466,223,127500,Available,86.2,0,0
EQ-2169,B06,Jodhpur,ET01,Heavy Tactical Truck,Transport Fleet,Operational,2026-06-01,2026-07-31,518,201,21300,Available,93.5,0,0
EQ-2170,B03,Bhopal,ET05,Mobile Radar Unit,Air Defense,Operational,2026-07-30,2026-09-28,583,237,151100,Low,95.7,0,0
EQ-2171,B04,Delhi,ET02,Armored Personnel Carrier (APC),Combat Armor,Operational,2026-06-05,2026-09-03,1096,232,75400,Critical Shortage,99.0,0,0
EQ-2172,B01,Lucknow,ET05,Mobile Radar Unit,Air Defense,Operational,2026-07-19,2026-09-17,508,209,155600,Available,88.4,0,0
EQ-2173,B04,Delhi,ET01,Heavy Tactical Truck,Transport Fleet,Operational,2026-06-15,2026-08-14,459,179,19800,Available,94.8,0,0
EQ-2174,B05,Leh,ET03,Field Diesel Generator,Power Logistics,Operational,2026-07-30,2026-09-13,379,256,60000,Available,95.2,0,0
EQ-2175,B01,Lucknow,ET05,Mobile Radar Unit,Air Defense,Operational,2026-06-22,2026-08-21,330,157,126900,Available,94.2,0,0
EQ-2176,B01,Lucknow,ET01,Heavy Tactical Truck,Transport Fleet,Operational,2026-07-09,2026-09-07,450,162,20300,Critical Shortage,94.6,0,0
EQ-2177,B05,Leh,ET02,Armored Personnel Carrier (APC),Combat Armor,Operational,2026-07-22,2026-10-20,516,110,59300,Available,86.2,0,0
EQ-2178,B04,Delhi,ET04,Tactical UAV Launcher,Surveillance Systems,Operational,2026-08-03,2026-09-02,206,190,108800,Available,92.5,0,0
EQ-2179,B01,Lucknow,ET03,Field Diesel Generator,Power Logistics,Operational,2026-06-23,2026-08-07,303,200,56400,Available,89.8,0,0
EQ-2180,B02,Kanpur,ET05,Mobile Radar Unit,Air Defense,Operational,2026-06-11,2026-08-10,293,139,132400,Available,93.6,0,0
EQ-2181,B02,Kanpur,ET04,Tactical UAV Launcher,Surveillance Systems,Operational,2026-07-01,2026-07-31,213,203,91100,Low,94.4,0,0
EQ-2182,B05,Leh,ET05,Mobile Radar Unit,Air Defense,Operational,2026-07-25,2026-09-23,597,264,166700,Available,90.1,0,0
EQ-2183,B01,Lucknow,ET03,Field Diesel Generator,Power Logistics,Operational,2026-06-28,2026-08-12,413,315,53500,Low,97.4,0,0
EQ-2184,B02,Kanpur,ET06,Artillery Tractor,Heavy Towing,Operational,2026-06-23,2026-09-06,432,116,41900,Available,84.2,0,0
EQ-2185,B01,Lucknow,ET02,Armored Personnel Carrier (APC),Combat Armor,Operational,2026-05-31,2026-08-29,683,145,65200,Available,82.3,0,0
EQ-2186,B01,Lucknow,ET02,Armored Personnel Carrier (APC),Combat Armor,Operational,2026-05-02,2026-07-31,1148,242,84800,Available,83.1,0,0
EQ-2187,B07,Siliguri,ET01,Heavy Tactical Truck,Transport Fleet,Out of Service,2026-07-07,2026-09-05,371,130,36800,Available,21.6,33,1
EQ-2188,B02,Kanpur,ET01,Heavy Tactical Truck,Transport Fleet,Operational,2026-06-09,2026-08-08,413,164,19700,Low,91.3,0,0
EQ-2189,B02,Kanpur,ET01,Heavy Tactical Truck,Transport Fleet,Operational,2026-06-22,2026-08-21,532,199,19100,Critical Shortage,81.3,0,0
EQ-2190,B06,Jodhpur,ET02,Armored Personnel Carrier (APC),Combat Armor,Operational,2026-07-19,2026-10-17,778,146,75000,Available,94.8,0,0
EQ-2191,B07,Siliguri,ET03,Field Diesel Generator,Power Logistics,Operational,2026-07-15,2026-08-29,368,266,54500,Available,84.5,0,0
EQ-2192,B04,Delhi,ET02,Armored Personnel Carrier (APC),Combat Armor,Operational,2026-07-28,2026-10-26,649,128,68500,Available,92.3,0,0
EQ-2193,B04,Delhi,ET03,Field Diesel Generator,Power Logistics,Operational,2026-07-12,2026-08-26,297,223,49000,Available,83.1,0,0
EQ-2194,B04,Delhi,ET04,Tactical UAV Launcher,Surveillance Systems,Operational,2026-07-31,2026-08-30,245,210,103700,Available,88.9,0,0
EQ-2195,B05,Leh,ET01,Heavy Tactical Truck,Transport Fleet,Operational,2026-06-07,2026-08-06,299,103,16100,Available,97.0,0,0
EQ-2196,B07,Siliguri,ET03,Field Diesel Generator,Power Logistics,Operational,2026-07-29,2026-09-12,383,286,59300,Available,89.0,0,0
EQ-2197,B02,Kanpur,ET03,Field Diesel Generator,Power Logistics,Operational,2026-07-23,2026-09-06,371,258,58500,Low,83.8,0,0
EQ-2198,B03,Bhopal,ET03,Field Diesel Generator,Power Logistics,Operational,2026-07-30,2026-09-13,410,293,52900,Critical Shortage,93.8,0,0
EQ-2199,B02,Kanpur,ET01,Heavy Tactical Truck,Transport Fleet,Maintenance,2026-07-17,2026-09-15,481,185,30500,Available,67.9,18,0
EQ-2200,B02,Kanpur,ET04,Tactical UAV Launcher,Surveillance Systems,Operational,2026-07-25,2026-08-24,280,263,98900,Available,83.2,0,0
EQ-2201,B02,Kanpur,ET06,Artillery Tractor,Heavy Towing,Maintenance,2026-06-10,2026-08-24,683,201,86400,Critical Shortage,64.9,4,0
EQ-2202,B02,Kanpur,ET03,Field Diesel Generator,Power Logistics,Operational,2026-07-10,2026-08-24,315,234,56100,Available,92.8,0,0
EQ-2203,B04,Delhi,ET03,Field Diesel Generator,Power Logistics,Operational,2026-07-12,2026-08-26,410,267,47700,Available,85.1,0,0
EQ-2204,B08,Pune,ET03,Field Diesel Generator,Power Logistics,Operational,2026-07-03,2026-08-17,385,292,63900,Available,91.7,0,0
EQ-2205,B03,Bhopal,ET01,Heavy Tactical Truck,Transport Fleet,Operational,2026-08-04,2026-10-03,474,177,20200,Available,92.7,0,0
EQ-2206,B05,Leh,ET02,Armored Personnel Carrier (APC),Combat Armor,Operational,2026-06-29,2026-09-27,966,197,71500,Available,94.4,0,0
EQ-2207,B05,Leh,ET06,Artillery Tractor,Heavy Towing,Operational,2026-07-22,2026-10-05,517,159,50900,Available,94.4,0,0
EQ-2208,B04,Delhi,ET03,Field Diesel Generator,Power Logistics,Operational,2026-07-12,2026-08-26,304,220,60700,Available,90.6,0,0
EQ-2209,B03,Bhopal,ET01,Heavy Tactical Truck,Transport Fleet,Operational,2026-06-27,2026-08-26,273,111,16200,Available,92.7,0,0
EQ-2210,B04,Delhi,ET01,Heavy Tactical Truck,Transport Fleet,Operational,2026-07-06,2026-09-04,644,253,21100,Critical Shortage,80.7,0,0
EQ-2211,B02,Kanpur,ET01,Heavy Tactical Truck,Transport Fleet,Operational,2026-06-18,2026-08-17,342,119,18400,Available,84.5,0,0
EQ-2212,B02,Kanpur,ET05,Mobile Radar Unit,Air Defense,Operational,2026-06-09,2026-08-08,351,160,137400,Critical Shortage,97.7,0,0
EQ-2213,B01,Lucknow,ET04,Tactical UAV Launcher,Surveillance Systems,Operational,2026-07-10,2026-08-09,182,159,88000,Available,91.6,0,0
EQ-2214,B05,Leh,ET05,Mobile Radar Unit,Air Defense,Operational,2026-07-04,2026-09-02,548,239,161600,Low,83.1,0,0
EQ-2215,B07,Siliguri,ET03,Field Diesel Generator,Power Logistics,Operational,2026-07-27,2026-09-10,358,242,55000,Available,98.5,0,0
EQ-2216,B01,Lucknow,ET05,Mobile Radar Unit,Air Defense,Operational,2026-06-20,2026-08-19,620,257,134600,Critical Shortage,87.9,0,0
EQ-2217,B05,Leh,ET01,Heavy Tactical Truck,Transport Fleet,Operational,2026-07-14,2026-09-12,382,144,19000,Low,89.7,0,0
EQ-2218,B08,Pune,ET02,Armored Personnel Carrier (APC),Combat Armor,Operational,2026-07-04,2026-10-02,1066,208,83700,Available,88.8,0,0
EQ-2219,B08,Pune,ET03,Field Diesel Generator,Power Logistics,Operational,2026-07-01,2026-08-15,313,209,45200,Low,92.8,0,0
EQ-2220,B07,Siliguri,ET01,Heavy Tactical Truck,Transport Fleet,Maintenance,2026-06-22,2026-08-21,700,271,44800,Available,53.8,7,1
EQ-2221,B04,Delhi,ET01,Heavy Tactical Truck,Transport Fleet,Operational,2026-06-23,2026-08-22,290,121,17200,Critical Shortage,93.8,0,0
EQ-2222,B02,Kanpur,ET06,Artillery Tractor,Heavy Towing,Maintenance,2026-07-30,2026-10-13,807,210,114500,Low,49.8,3,1
EQ-2223,B05,Leh,ET03,Field Diesel Generator,Power Logistics,Operational,2026-07-28,2026-09-11,436,298,58200,Available,92.1,0,0
EQ-2224,B01,Lucknow,ET03,Field Diesel Generator,Power Logistics,Operational,2026-08-01,2026-09-15,404,284,60700,Low,87.2,0,0
EQ-2225,B01,Lucknow,ET01,Heavy Tactical Truck,Transport Fleet,Operational,2026-06-02,2026-08-01,449,166,19600,Available,88.9,0,0
EQ-2226,B05,Leh,ET06,Artillery Tractor,Heavy Towing,Operational,2026-08-03,2026-10-17,733,188,57700,Low,94.5,0,0
EQ-2227,B01,Lucknow,ET02,Armored Personnel Carrier (APC),Combat Armor,Operational,2026-06-22,2026-09-20,919,197,71300,Available,93.5,0,0
EQ-2228,B04,Delhi,ET06,Artillery Tractor,Heavy Towing,Operational,2026-08-04,2026-10-18,635,187,53900,Available,93.1,0,0
EQ-2229,B07,Siliguri,ET01,Heavy Tactical Truck,Transport Fleet,Operational,2026-06-09,2026-08-08,576,218,18800,Low,80.2,0,0
EQ-2230,B03,Bhopal,ET02,Armored Personnel Carrier (APC),Combat Armor,Maintenance,2026-05-14,2026-08-12,1632,305,136300,Critical Shortage,64.1,6,0
EQ-2231,B05,Leh,ET02,Armored Personnel Carrier (APC),Combat Armor,Operational,2026-07-27,2026-10-25,832,167,76300,Available,86.9,0,0
EQ-2232,B04,Delhi,ET01,Heavy Tactical Truck,Transport Fleet,Maintenance,2026-06-25,2026-08-24,294,113,24100,Low,67.9,19,0
EQ-2233,B05,Leh,ET03,Field Diesel Generator,Power Logistics,Operational,2026-07-26,2026-09-09,357,254,58100,Available,90.6,0,0
EQ-2234,B08,Pune,ET01,Heavy Tactical Truck,Transport Fleet,Operational,2026-06-07,2026-08-06,752,291,21200,Available,87.1,0,0
EQ-2235,B04,Delhi,ET04,Tactical UAV Launcher,Surveillance Systems,Operational,2026-07-28,2026-08-27,174,154,100900,Available,86.9,0,0
EQ-2236,B01,Lucknow,ET01,Heavy Tactical Truck,Transport Fleet,Operational,2026-07-26,2026-09-24,621,248,22600,Available,95.7,0,0
EQ-2237,B06,Jodhpur,ET01,Heavy Tactical Truck,Transport Fleet,Operational,2026-07-04,2026-09-02,672,250,19400,Available,90.0,0,0
EQ-2238,B01,Lucknow,ET03,Field Diesel Generator,Power Logistics,Operational,2026-06-17,2026-08-01,345,226,47700,Low,93.3,0,0
EQ-2239,B08,Pune,ET01,Heavy Tactical Truck,Transport Fleet,Operational,2026-06-08,2026-08-07,571,200,21300,Available,91.8,0,0
EQ-2240,B04,Delhi,ET01,Heavy Tactical Truck,Transport Fleet,Operational,2026-07-24,2026-09-22,698,248,24000,Available,81.6,0,0
EQ-2241,B03,Bhopal,ET04,Tactical UAV Launcher,Surveillance Systems,Operational,2026-07-20,2026-08-19,188,176,105300,Available,81.5,0,0
EQ-2242,B06,Jodhpur,ET03,Field Diesel Generator,Power Logistics,Operational,2026-07-31,2026-09-14,373,247,56300,Available,96.4,0,0
EQ-2243,B06,Jodhpur,ET03,Field Diesel Generator,Power Logistics,Operational,2026-06-30,2026-08-14,311,225,54000,Critical Shortage,92.4,0,0
EQ-2244,B02,Kanpur,ET03,Field Diesel Generator,Power Logistics,Operational,2026-08-05,2026-09-19,260,199,59400,Available,82.6,0,0
EQ-2245,B05,Leh,ET01,Heavy Tactical Truck,Transport Fleet,Out of Service,2026-07-14,2026-09-12,350,145,33700,Available,33.6,28,1
EQ-2246,B01,Lucknow,ET02,Armored Personnel Carrier (APC),Combat Armor,Operational,2026-06-20,2026-09-18,643,133,70500,Available,86.6,0,0
EQ-2247,B03,Bhopal,ET06,Artillery Tractor,Heavy Towing,Operational,2026-05-20,2026-08-03,695,196,50500,Available,92.1,0,0
EQ-2248,B08,Pune,ET01,Heavy Tactical Truck,Transport Fleet,Operational,2026-07-19,2026-09-17,356,140,19700,Low,98.9,0,0
EQ-2249,B01,Lucknow,ET04,Tactical UAV Launcher,Surveillance Systems,Operational,2026-07-25,2026-08-24,223,206,93600,Critical Shortage,95.4,0,0
EQ-2250,B04,Delhi,ET01,Heavy Tactical Truck,Transport Fleet,Maintenance,2026-07-07,2026-09-05,274,104,28400,Critical Shortage,49.8,16,1
